[12Apr2026 16:31:03.638] [main/INFO] [cpw.mods.modlauncher.Launcher/MODLAUNCHER]: ModLauncher running: args [--launchTarget, forgeserver, --fml.neoForgeVersion, 21.1.226, --fml.fmlVersion, 4.0.42, --fml.mcVersion, 1.21.1, --fml.neoFormVersion, 20240808.144430, nogui]
[12Apr2026 16:31:03.640] [main/INFO] [cpw.mods.modlauncher.Launcher/MODLAUNCHER]: JVM identified as Eclipse Adoptium OpenJDK 64-Bit Server VM 21.0.10+7-LTS
[12Apr2026 16:31:03.641] [main/INFO] [cpw.mods.modlauncher.Launcher/MODLAUNCHER]: ModLauncher 11.0.5+main.901c6ea8 starting: java version 21.0.10 by Eclipse Adoptium; OS Linux arch amd64 version 6.12.33-production+truenas
[12Apr2026 16:31:03.913] [main/INFO] [net.neoforged.fml.loading.ImmediateWindowHandler/]: ImmediateWindowProvider not loading because launch target is forgeserver
[12Apr2026 16:31:03.947] [main/INFO] [mixin/]: SpongePowered MIXIN Subsystem Version=0.8.7 Source=union:/data/libraries/net/fabricmc/sponge-mixin/0.15.2+mixin.0.8.7/sponge-mixin-0.15.2+mixin.0.8.7.jar%2373!/ Service=ModLauncher Env=SERVER
[12Apr2026 16:31:04.144] [main/INFO] [net.neoforged.fml.loading.moddiscovery.ModDiscoverer/SCAN]: Found mod file "server-1.21.1-20240808.144430-srg.jar" [locator: production server provider +net.neoforged:neoforge:21.1.226:server]
[12Apr2026 16:31:04.158] [main/INFO] [net.neoforged.fml.loading.moddiscovery.ModDiscoverer/SCAN]: Found mod file "neoforge-21.1.226-universal.jar" [locator: PathBasedLocator[name=neoforge, paths=[libraries/net/neoforged/neoforge/21.1.226/neoforge-21.1.226-universal.jar]], reader: mod manifest]
[12Apr2026 16:31:04.170] [main/INFO] [net.neoforged.fml.loading.moddiscovery.ModDiscoverer/SCAN]: Found mod file "[1.21.1] SecurityCraft v1.10.1.jar" [locator: {mods folder locator at /data/mods}, reader: mod manifest]
[12Apr2026 16:31:04.172] [main/INFO] [net.neoforged.fml.loading.moddiscovery.ModDiscoverer/SCAN]: Found mod file "addonslib-neoforge-1.21.1-1.10.jar" [locator: {mods folder locator at /data/mods}, reader: mod manifest]
[12Apr2026 16:31:04.174] [main/INFO] [net.neoforged.fml.loading.moddiscovery.ModDiscoverer/SCAN]: Found mod file "animal_feeding_trough-1.1.2+1.21-neoforge.jar" [locator: {mods folder locator at /data/mods}, reader: mod manifest]
[12Apr2026 16:31:04.175] [main/INFO] [net.neoforged.fml.loading.moddiscovery.ModDiscoverer/SCAN]: Found mod file "appleskin-neoforge-mc1.21-3.0.9.jar" [locator: {mods folder locator at /data/mods}, reader: mod manifest]
[12Apr2026 16:31:04.177] [main/INFO] [net.neoforged.fml.loading.moddiscovery.ModDiscoverer/SCAN]: Found mod file "Applied-Mekanistics-1.6.3.jar" [locator: {mods folder locator at /data/mods}, reader: mod manifest]
[12Apr2026 16:31:04.181] [main/INFO] [net.neoforged.fml.loading.moddiscovery.ModDiscoverer/SCAN]: Found mod file "appliedenergistics2-19.2.17.jar" [locator: {mods folder locator at /data/mods}, reader: mod manifest]
[12Apr2026 16:31:04.183] [main/INFO] [net.neoforged.fml.loading.moddiscovery.ModDiscoverer/SCAN]: Found mod file "architectury-13.0.8-neoforge.jar" [locator: {mods folder locator at /data/mods}, reader: mod manifest]
[12Apr2026 16:31:04.185] [main/INFO] [net.neoforged.fml.loading.moddiscovery.ModDiscoverer/SCAN]: Found mod file "azurelib-neo-1.21.1-3.1.4.jar" [locator: {mods folder locator at /data/mods}, reader: mod manifest]
[12Apr2026 16:31:04.188] [main/INFO] [net.neoforged.fml.loading.moddiscovery.ModDiscoverer/SCAN]: Found mod file "bellsandwhistles-0.4.7-1.21.1.jar" [locator: {mods folder locator at /data/mods}, reader: mod manifest]
[12Apr2026 16:31:04.190] [main/INFO] [net.neoforged.fml.loading.moddiscovery.ModDiscoverer/SCAN]: Found mod file "better_lib-neoforge-1.21.1-1.0.109.jar" [locator: {mods folder locator at /data/mods}, reader: mod manifest]
[12Apr2026 16:31:04.192] [main/INFO] [net.neoforged.fml.loading.moddiscovery.ModDiscoverer/SCAN]: Found mod file "biggerbetterendcities-1.21.1-1.0.0.jar" [locator: {mods folder locator at /data/mods}, reader: mod manifest]
[12Apr2026 16:31:04.195] [main/INFO] [net.neoforged.fml.loading.moddiscovery.ModDiscoverer/SCAN]: Found mod file "BiomesOPlenty-neoforge-1.21.1-21.1.0.13.jar" [locator: {mods folder locator at /data/mods}, reader: mod manifest]
[12Apr2026 16:31:04.197] [main/INFO] [net.neoforged.fml.loading.moddiscovery.ModDiscoverer/SCAN]: Found mod file "bits_n_bobs-0.0.44.jar" [locator: {mods folder locator at /data/mods}, reader: mod manifest]
[12Apr2026 16:31:04.199] [main/INFO] [net.neoforged.fml.loading.moddiscovery.ModDiscoverer/SCAN]: Found mod file "blockui-1.0.211-1.21.1-snapshot.jar" [locator: {mods folder locator at /data/mods}, reader: mod manifest]
[12Apr2026 16:31:04.201] [main/INFO] [net.neoforged.fml.loading.moddiscovery.ModDiscoverer/SCAN]: Found mod file "bonsaitrees4-4.0.9.jar" [locator: {mods folder locator at /data/mods}, reader: mod manifest]
[12Apr2026 16:31:04.203] [main/INFO] [net.neoforged.fml.loading.moddiscovery.ModDiscoverer/SCAN]: Found mod file "BrewinAndChewin-neoforge-4.4.2+1.21.1.jar" [locator: {mods folder locator at /data/mods}, reader: mod manifest]
[12Apr2026 16:31:04.205] [main/INFO] [net.neoforged.fml.loading.moddiscovery.ModDiscoverer/SCAN]: Found mod file "Chimes-v2.1.1-1.21.1-NeoForge.jar" [locator: {mods folder locator at /data/mods}, reader: mod manifest]
[12Apr2026 16:31:04.212] [main/INFO] [net.neoforged.fml.loading.moddiscovery.ModDiscoverer/SCAN]: Found mod file "chisel-neoforge-2.0.0+mc1.21.1.jar" [locator: {mods folder locator at /data/mods}, reader: mod manifest]
[12Apr2026 16:31:04.215] [main/INFO] [net.neoforged.fml.loading.moddiscovery.ModDiscoverer/SCAN]: Found mod file "colorful_catalysts-1.3.jar" [locator: {mods folder locator at /data/mods}, reader: mod manifest]
[12Apr2026 16:31:04.216] [main/INFO] [net.neoforged.fml.loading.moddiscovery.ModDiscoverer/SCAN]: Found mod file "comforts-neoforge-9.0.5+1.21.1.jar" [locator: {mods folder locator at /data/mods}, reader: mod manifest]
[12Apr2026 16:31:04.218] [main/INFO] [net.neoforged.fml.loading.moddiscovery.ModDiscoverer/SCAN]: Found mod file "corpse-neoforge-1.21.1-1.1.13.jar" [locator: {mods folder locator at /data/mods}, reader: mod manifest]
[12Apr2026 16:31:04.220] [main/INFO] [net.neoforged.fml.loading.moddiscovery.ModDiscoverer/SCAN]: Found mod file "Create Encased-1.21.1-1.8-ht2.jar" [locator: {mods folder locator at /data/mods}, reader: mod manifest]
[12Apr2026 16:31:04.225] [main/INFO] [net.neoforged.fml.loading.moddiscovery.ModDiscoverer/SCAN]: Found mod file "create-1.21.1-6.0.9.jar" [locator: {mods folder locator at /data/mods}, reader: mod manifest]
[12Apr2026 16:31:04.227] [main/INFO] [net.neoforged.fml.loading.moddiscovery.ModDiscoverer/SCAN]: Found mod file "create-central-kitchen-2.3.0.jar" [locator: {mods folder locator at /data/mods}, reader: mod manifest]
[12Apr2026 16:31:04.229] [main/INFO] [net.neoforged.fml.loading.moddiscovery.ModDiscoverer/SCAN]: Found mod file "create-dragons-plus-1.8.7.jar" [locator: {mods folder locator at /data/mods}, reader: mod manifest]
[12Apr2026 16:31:04.230] [main/INFO] [net.neoforged.fml.loading.moddiscovery.ModDiscoverer/SCAN]: Found mod file "create_aquatic_ambitions-1.21.1-2.0.2.jar" [locator: {mods folder locator at /data/mods}, reader: mod manifest]
[12Apr2026 16:31:04.232] [main/INFO] [net.neoforged.fml.loading.moddiscovery.ModDiscoverer/SCAN]: Found mod file "create_better_motors-3.1.9.jar" [locator: {mods folder locator at /data/mods}, reader: mod manifest]
[12Apr2026 16:31:04.234] [main/INFO] [net.neoforged.fml.loading.moddiscovery.ModDiscoverer/SCAN]: Found mod file "create_compatible_storage-2.10.0-neoforge.jar" [locator: {mods folder locator at /data/mods}, reader: mod manifest]
[12Apr2026 16:31:04.236] [main/INFO] [net.neoforged.fml.loading.moddiscovery.ModDiscoverer/SCAN]: Found mod file "create_connected-1.1.13-mc1.21.1.jar" [locator: {mods folder locator at /data/mods}, reader: mod manifest]
[12Apr2026 16:31:04.237] [main/INFO] [net.neoforged.fml.loading.moddiscovery.ModDiscoverer/SCAN]: Found mod file "create_deep_dark-3.0.2-neoforge-1.21.1.jar" [locator: {mods folder locator at /data/mods}, reader: mod manifest]
[12Apr2026 16:31:04.238] [main/INFO] [net.neoforged.fml.loading.moddiscovery.ModDiscoverer/SCAN]: Found mod file "create_mechanical_extruder-1.21.1-2.2.0-6.0.8.jar" [locator: {mods folder locator at /data/mods}, reader: mod manifest]
[12Apr2026 16:31:04.240] [main/INFO] [net.neoforged.fml.loading.moddiscovery.ModDiscoverer/SCAN]: Found mod file "create_more_additions-1.9.0-neoforge-1.21.1.jar" [locator: {mods folder locator at /data/mods}, reader: mod manifest]
[12Apr2026 16:31:04.241] [main/INFO] [net.neoforged.fml.loading.moddiscovery.ModDiscoverer/SCAN]: Found mod file "create_pattern_schematics-2.0.10.jar" [locator: {mods folder locator at /data/mods}, reader: mod manifest]
[12Apr2026 16:31:04.243] [main/INFO] [net.neoforged.fml.loading.moddiscovery.ModDiscoverer/SCAN]: Found mod file "create_things_and_misc-4.1.0-neoforge-1.21.1.jar" [locator: {mods folder locator at /data/mods}, reader: mod manifest]
[12Apr2026 16:31:04.244] [main/INFO] [net.neoforged.fml.loading.moddiscovery.ModDiscoverer/SCAN]: Found mod file "create_ultimate_factory-2.2.3-neoforge-1.21.1.jar" [locator: {mods folder locator at /data/mods}, reader: mod manifest]
[12Apr2026 16:31:04.246] [main/INFO] [net.neoforged.fml.loading.moddiscovery.ModDiscoverer/SCAN]: Found mod file "createaddition-1.5.10.jar" [locator: {mods folder locator at /data/mods}, reader: mod manifest]
[12Apr2026 16:31:04.248] [main/INFO] [net.neoforged.fml.loading.moddiscovery.ModDiscoverer/SCAN]: Found mod file "createappliedkinetics-1.5.4-1.21.1.jar" [locator: {mods folder locator at /data/mods}, reader: mod manifest]
[12Apr2026 16:31:04.250] [main/INFO] [net.neoforged.fml.loading.moddiscovery.ModDiscoverer/SCAN]: Found mod file "createbigcannons-5.11.2-mc.1.21.1.jar" [locator: {mods folder locator at /data/mods}, reader: mod manifest]
[12Apr2026 16:31:04.254] [main/INFO] [net.neoforged.fml.loading.moddiscovery.ModDiscoverer/SCAN]: Found mod file "createdeco-2.1.2.jar" [locator: {mods folder locator at /data/mods}, reader: mod manifest]
[12Apr2026 16:31:04.256] [main/INFO] [net.neoforged.fml.loading.moddiscovery.ModDiscoverer/SCAN]: Found mod file "createdieselgenerators-1.21.1-1.3.11.jar" [locator: {mods folder locator at /data/mods}, reader: mod manifest]
[12Apr2026 16:31:04.257] [main/INFO] [net.neoforged.fml.loading.moddiscovery.ModDiscoverer/SCAN]: Found mod file "createliquidfuel-2.1.1-1.21.1.jar" [locator: {mods folder locator at /data/mods}, reader: mod manifest]
[12Apr2026 16:31:04.258] [main/INFO] [net.neoforged.fml.loading.moddiscovery.ModDiscoverer/SCAN]: Found mod file "CreateNumismatics-1.0.19+neoforge-mc1.21.1.jar" [locator: {mods folder locator at /data/mods}, reader: mod manifest]
[12Apr2026 16:31:04.260] [main/INFO] [net.neoforged.fml.loading.moddiscovery.ModDiscoverer/SCAN]: Found mod file "createrailwaysnavigator-neoforge-1.21.1-alpha-0.9.0-C6+2.jar" [locator: {mods folder locator at /data/mods}, reader: mod manifest]
[12Apr2026 16:31:04.261] [main/INFO] [net.neoforged.fml.loading.moddiscovery.ModDiscoverer/SCAN]: Found mod file "createschematicchecker-0.21.18-6.0-neoforge-1.21.1.jar" [locator: {mods folder locator at /data/mods}, reader: mod manifest]
[12Apr2026 16:31:04.263] [main/INFO] [net.neoforged.fml.loading.moddiscovery.ModDiscoverer/SCAN]: Found mod file "createsifter-1.21.1-2.2.1.jar" [locator: {mods folder locator at /data/mods}, reader: mod manifest]
[12Apr2026 16:31:04.264] [main/INFO] [net.neoforged.fml.loading.moddiscovery.ModDiscoverer/SCAN]: Found mod file "createstockbridge-1.21.1-0.1.6.jar" [locator: {mods folder locator at /data/mods}, reader: mod manifest]
[12Apr2026 16:31:04.266] [main/INFO] [net.neoforged.fml.loading.moddiscovery.ModDiscoverer/SCAN]: Found mod file "cristellib-neoforge-1.21.1-3.0.3.jar" [locator: {mods folder locator at /data/mods}, reader: mod manifest]
[12Apr2026 16:31:04.267] [main/INFO] [net.neoforged.fml.loading.moddiscovery.ModDiscoverer/SCAN]: Found mod file "cryonicconfig-neoforge-1.0.0+mc1.21.11.jar" [locator: {mods folder locator at /data/mods}, reader: mod manifest]
[12Apr2026 16:31:04.268] [main/INFO] [net.neoforged.fml.loading.moddiscovery.ModDiscoverer/SCAN]: Found mod file "curios-neoforge-9.5.1+1.21.1.jar" [locator: {mods folder locator at /data/mods}, reader: mod manifest]
[12Apr2026 16:31:04.270] [main/INFO] [net.neoforged.fml.loading.moddiscovery.ModDiscoverer/SCAN]: Found mod file "domum-ornamentum-1.0.233-snapshot-main.jar" [locator: {mods folder locator at /data/mods}, reader: mod manifest]
[12Apr2026 16:31:04.271] [main/INFO] [net.neoforged.fml.loading.moddiscovery.ModDiscoverer/SCAN]: Found mod file "dragonlib-neoforge-1.21.1-beta-3.0.24.jar" [locator: {mods folder locator at /data/mods}, reader: mod manifest]
[12Apr2026 16:31:04.274] [main/INFO] [net.neoforged.fml.loading.moddiscovery.ModDiscoverer/SCAN]: Found mod file "DustyDecorations_1.21.1Neoforge_V1.12.1.jar" [locator: {mods folder locator at /data/mods}, reader: mod manifest]
[12Apr2026 16:31:04.275] [main/INFO] [net.neoforged.fml.loading.moddiscovery.ModDiscoverer/SCAN]: Found mod file "EdivadLib-1.21-3.0.0.jar" [locator: {mods folder locator at /data/mods}, reader: mod manifest]
[12Apr2026 16:31:04.276] [main/INFO] [net.neoforged.fml.loading.moddiscovery.ModDiscoverer/SCAN]: Found mod file "Engineers Delight 1.21.1 neoforge R.1.8.jar" [locator: {mods folder locator at /data/mods}, reader: mod manifest]
[12Apr2026 16:31:04.278] [main/INFO] [net.neoforged.fml.loading.moddiscovery.ModDiscoverer/SCAN]: Found mod file "everycomp-1.21-2.11.37-neoforge.jar" [locator: {mods folder locator at /data/mods}, reader: mod manifest]
[12Apr2026 16:31:04.279] [main/INFO] [net.neoforged.fml.loading.moddiscovery.ModDiscoverer/SCAN]: Found mod file "ExtraStorage-1.21.1-5.0.8.jar" [locator: {mods folder locator at /data/mods}, reader: mod manifest]
[12Apr2026 16:31:04.281] [main/INFO] [net.neoforged.fml.loading.moddiscovery.ModDiscoverer/SCAN]: Found mod file "factory_blocks-neoforge-1.4.0+mc1.21.1.jar" [locator: {mods folder locator at /data/mods}, reader: mod manifest]
[12Apr2026 16:31:04.282] [main/INFO] [net.neoforged.fml.loading.moddiscovery.ModDiscoverer/SCAN]: Found mod file "FarmersDelight-1.21.1-1.2.11.jar" [locator: {mods folder locator at /data/mods}, reader: mod manifest]
[12Apr2026 16:31:04.283] [main/INFO] [net.neoforged.fml.loading.moddiscovery.ModDiscoverer/SCAN]: Found mod file "farmersknives-neoforge-1.21.1-4.1.0.jar" [locator: {mods folder locator at /data/mods}, reader: mod manifest]
[12Apr2026 16:31:04.284] [main/INFO] [net.neoforged.fml.loading.moddiscovery.ModDiscoverer/SCAN]: Found mod file "FarmersStructures-1.0.2-1.21.1_neoforge.jar" [locator: {mods folder locator at /data/mods}, reader: mod manifest]
[12Apr2026 16:31:04.288] [main/INFO] [net.neoforged.fml.loading.moddiscovery.ModDiscoverer/SCAN]: Found mod file "ferritecore-7.0.3-neoforge.jar" [locator: {mods folder locator at /data/mods}, reader: mod manifest]
[12Apr2026 16:31:04.289] [main/INFO] [net.neoforged.fml.loading.moddiscovery.ModDiscoverer/SCAN]: Found mod file "fishermens_trap-Neoforge-1.21.1-3.1.0.jar" [locator: {mods folder locator at /data/mods}, reader: mod manifest]
[12Apr2026 16:31:04.290] [main/INFO] [net.neoforged.fml.loading.moddiscovery.ModDiscoverer/SCAN]: Found mod file "ftb-essentials-neoforge-2101.1.9.jar" [locator: {mods folder locator at /data/mods}, reader: mod manifest]
[12Apr2026 16:31:04.291] [main/INFO] [net.neoforged.fml.loading.moddiscovery.ModDiscoverer/SCAN]: Found mod file "ftb-library-neoforge-2101.1.31.jar" [locator: {mods folder locator at /data/mods}, reader: mod manifest]
[12Apr2026 16:31:04.292] [main/INFO] [net.neoforged.fml.loading.moddiscovery.ModDiscoverer/SCAN]: Found mod file "ftb-ranks-neoforge-2101.1.3.jar" [locator: {mods folder locator at /data/mods}, reader: mod manifest]
[12Apr2026 16:31:04.293] [main/INFO] [net.neoforged.fml.loading.moddiscovery.ModDiscoverer/SCAN]: Found mod file "ftb-ultimine-neoforge-2101.1.13.jar" [locator: {mods folder locator at /data/mods}, reader: mod manifest]
[12Apr2026 16:31:04.294] [main/INFO] [net.neoforged.fml.loading.moddiscovery.ModDiscoverer/SCAN]: Found mod file "geckolib-neoforge-1.21.1-4.8.4.jar" [locator: {mods folder locator at /data/mods}, reader: mod manifest]
[12Apr2026 16:31:04.296] [main/INFO] [net.neoforged.fml.loading.moddiscovery.ModDiscoverer/SCAN]: Found mod file "giant_brown_mushroom-1.0.1-neoforge-1.21.1.jar" [locator: {mods folder locator at /data/mods}, reader: mod manifest]
[12Apr2026 16:31:04.297] [main/INFO] [net.neoforged.fml.loading.moddiscovery.ModDiscoverer/SCAN]: Found mod file "GlitchCore-neoforge-1.21.1-2.1.0.0.jar" [locator: {mods folder locator at /data/mods}, reader: mod manifest]
[12Apr2026 16:31:04.298] [main/INFO] [net.neoforged.fml.loading.moddiscovery.ModDiscoverer/SCAN]: Found mod file "Glodium-1.21-2.2-neoforge.jar" [locator: {mods folder locator at /data/mods}, reader: mod manifest]
[12Apr2026 16:31:04.299] [main/INFO] [net.neoforged.fml.loading.moddiscovery.ModDiscoverer/SCAN]: Found mod file "gravestone-neoforge-1.21.1-1.0.35.jar" [locator: {mods folder locator at /data/mods}, reader: mod manifest]
[12Apr2026 16:31:04.301] [main/INFO] [net.neoforged.fml.loading.moddiscovery.ModDiscoverer/SCAN]: Found mod file "guideme-21.1.15.jar" [locator: {mods folder locator at /data/mods}, reader: mod manifest]
[12Apr2026 16:31:04.302] [main/INFO] [net.neoforged.fml.loading.moddiscovery.ModDiscoverer/SCAN]: Found mod file "ImmediatelyFast-NeoForge-1.6.10+1.21.1.jar" [locator: {mods folder locator at /data/mods}, reader: mod manifest]
[12Apr2026 16:31:04.303] [main/INFO] [net.neoforged.fml.loading.moddiscovery.ModDiscoverer/SCAN]: Found mod file "immersive_aircraft-1.4.3+1.21.1-neoforge.jar" [locator: {mods folder locator at /data/mods}, reader: mod manifest]
[12Apr2026 16:31:04.307] [main/INFO] [net.neoforged.fml.loading.moddiscovery.ModDiscoverer/SCAN]: Found mod file "ImmersiveEngineering-1.21.1-12.4.2-194.jar" [locator: {mods folder locator at /data/mods}, reader: mod manifest]
[12Apr2026 16:31:04.319] [main/INFO] [net.neoforged.fml.loading.moddiscovery.ModDiscoverer/SCAN]: Found mod file "ImmersivePosts-1.21.1-4.3.1-16.jar" [locator: {mods folder locator at /data/mods}, reader: mod manifest]
[12Apr2026 16:31:04.320] [main/INFO] [net.neoforged.fml.loading.moddiscovery.ModDiscoverer/SCAN]: Found mod file "interiors-1.21.1-neoforge-0.6.1.jar" [locator: {mods folder locator at /data/mods}, reader: mod manifest]
[12Apr2026 16:31:04.321] [main/INFO] [net.neoforged.fml.loading.moddiscovery.ModDiscoverer/SCAN]: Found mod file "Jade-1.21.1-NeoForge-15.10.5.jar" [locator: {mods folder locator at /data/mods}, reader: mod manifest]
[12Apr2026 16:31:04.322] [main/INFO] [net.neoforged.fml.loading.moddiscovery.ModDiscoverer/SCAN]: Found mod file "JadeAddons-1.21.1-NeoForge-6.1.0.jar" [locator: {mods folder locator at /data/mods}, reader: mod manifest]
[12Apr2026 16:31:04.323] [main/INFO] [net.neoforged.fml.loading.moddiscovery.ModDiscoverer/SCAN]: Found mod file "jadecolonies-1.21.1-1.6.0.jar" [locator: {mods folder locator at /data/mods}, reader: mod manifest]
[12Apr2026 16:31:04.324] [main/INFO] [net.neoforged.fml.loading.moddiscovery.ModDiscoverer/SCAN]: Found mod file "jei-1.21.1-neoforge-19.27.0.340.jar" [locator: {mods folder locator at /data/mods}, reader: mod manifest]
[12Apr2026 16:31:04.326] [main/INFO] [net.neoforged.fml.loading.moddiscovery.ModDiscoverer/SCAN]: Found mod file "jeimultiblocks-1.21.1-1.0.6.jar" [locator: {mods folder locator at /data/mods}, reader: mod manifest]
[12Apr2026 16:31:04.327] [main/INFO] [net.neoforged.fml.loading.moddiscovery.ModDiscoverer/SCAN]: Found library file "kotlinforforge-5.11.0-all.jar" [locator: {mods folder locator at /data/mods}, reader: mod manifest]
[12Apr2026 16:31:04.328] [main/INFO] [net.neoforged.fml.loading.moddiscovery.ModDiscoverer/SCAN]: Found mod file "lodestone-1.21.1-1.8.2.jar" [locator: {mods folder locator at /data/mods}, reader: mod manifest]
[12Apr2026 16:31:04.329] [main/INFO] [net.neoforged.fml.loading.moddiscovery.ModDiscoverer/SCAN]: Found mod file "man_of_many_planes-0.2.1+1.21.1-neoforge.jar" [locator: {mods folder locator at /data/mods}, reader: mod manifest]
[12Apr2026 16:31:04.330] [main/INFO] [net.neoforged.fml.loading.moddiscovery.ModDiscoverer/SCAN]: Found mod file "mcw-bridges-3.1.2-mc1.21.1neoforge.jar" [locator: {mods folder locator at /data/mods}, reader: mod manifest]
[12Apr2026 16:31:04.332] [main/INFO] [net.neoforged.fml.loading.moddiscovery.ModDiscoverer/SCAN]: Found mod file "mcw-doors-1.1.5-mc1.21.1neoforge.jar" [locator: {mods folder locator at /data/mods}, reader: mod manifest]
[12Apr2026 16:31:04.334] [main/INFO] [net.neoforged.fml.loading.moddiscovery.ModDiscoverer/SCAN]: Found mod file "mcw-furniture-3.4.1-mc1.21.1neoforge.jar" [locator: {mods folder locator at /data/mods}, reader: mod manifest]
[12Apr2026 16:31:04.335] [main/INFO] [net.neoforged.fml.loading.moddiscovery.ModDiscoverer/SCAN]: Found mod file "mcw-mcwfences-1.2.1-mc1.21.1neoforge.jar" [locator: {mods folder locator at /data/mods}, reader: mod manifest]
[12Apr2026 16:31:04.336] [main/INFO] [net.neoforged.fml.loading.moddiscovery.ModDiscoverer/SCAN]: Found mod file "mcw-mcwstairs-1.0.2-mc1.21.1neoforge.jar" [locator: {mods folder locator at /data/mods}, reader: mod manifest]
[12Apr2026 16:31:04.338] [main/INFO] [net.neoforged.fml.loading.moddiscovery.ModDiscoverer/SCAN]: Found mod file "mcw-mcwwindows-2.4.2-mc1.21.1neoforge.jar" [locator: {mods folder locator at /data/mods}, reader: mod manifest]
[12Apr2026 16:31:04.340] [main/INFO] [net.neoforged.fml.loading.moddiscovery.ModDiscoverer/SCAN]: Found mod file "mcw-roofs-2.3.2-mc1.21.1neoforge.jar" [locator: {mods folder locator at /data/mods}, reader: mod manifest]
[12Apr2026 16:31:04.341] [main/INFO] [net.neoforged.fml.loading.moddiscovery.ModDiscoverer/SCAN]: Found mod file "mcw-trapdoors-1.1.5-mc1.21.1neoforge.jar" [locator: {mods folder locator at /data/mods}, reader: mod manifest]
[12Apr2026 16:31:04.344] [main/INFO] [net.neoforged.fml.loading.moddiscovery.ModDiscoverer/SCAN]: Found mod file "mcwquark-neoforge-1.21.1-1.6.jar" [locator: {mods folder locator at /data/mods}, reader: mod manifest]
[12Apr2026 16:31:04.345] [main/INFO] [net.neoforged.fml.loading.moddiscovery.ModDiscoverer/SCAN]: Found mod file "mechanicals-1.21.1-1.1.0.jar" [locator: {mods folder locator at /data/mods}, reader: mod manifest]
[12Apr2026 16:31:04.346] [main/INFO] [net.neoforged.fml.loading.moddiscovery.ModDiscoverer/SCAN]: Found mod file "megacells-4.10.2.jar" [locator: {mods folder locator at /data/mods}, reader: mod manifest]
[12Apr2026 16:31:04.347] [main/INFO] [net.neoforged.fml.loading.moddiscovery.ModDiscoverer/SCAN]: Found mod file "mekajadeupgrade-1.3.jar" [locator: {mods folder locator at /data/mods}, reader: mod manifest]
[12Apr2026 16:31:04.351] [main/INFO] [net.neoforged.fml.loading.moddiscovery.ModDiscoverer/SCAN]: Found mod file "Mekanism-1.21.1-10.7.19.85.jar" [locator: {mods folder locator at /data/mods}, reader: mod manifest]
[12Apr2026 16:31:04.352] [main/INFO] [net.neoforged.fml.loading.moddiscovery.ModDiscoverer/SCAN]: Found mod file "mekanismcovers-1.3-BETA+1.21.jar" [locator: {mods folder locator at /data/mods}, reader: mod manifest]
[12Apr2026 16:31:04.353] [main/INFO] [net.neoforged.fml.loading.moddiscovery.ModDiscoverer/SCAN]: Found mod file "mekanismcurios-1.21.1-1.2.1.jar" [locator: {mods folder locator at /data/mods}, reader: mod manifest]
[12Apr2026 16:31:04.355] [main/INFO] [net.neoforged.fml.loading.moddiscovery.ModDiscoverer/SCAN]: Found mod file "MekanismGenerators-1.21.1-10.7.19.85.jar" [locator: {mods folder locator at /data/mods}, reader: mod manifest]
[12Apr2026 16:31:04.356] [main/INFO] [net.neoforged.fml.loading.moddiscovery.ModDiscoverer/SCAN]: Found mod file "MekanismTools-1.21.1-10.7.19.85.jar" [locator: {mods folder locator at /data/mods}, reader: mod manifest]
[12Apr2026 16:31:04.358] [main/INFO] [net.neoforged.fml.loading.moddiscovery.ModDiscoverer/SCAN]: Found mod file "MekanismWeapons-1.21.1-3.0.jar" [locator: {mods folder locator at /data/mods}, reader: mod manifest]
[12Apr2026 16:31:04.367] [main/INFO] [net.neoforged.fml.loading.moddiscovery.ModDiscoverer/SCAN]: Found mod file "minecolonies-1.1.1299-1.21.1-snapshot.jar" [locator: {mods folder locator at /data/mods}, reader: mod manifest]
[12Apr2026 16:31:04.369] [main/INFO] [net.neoforged.fml.loading.moddiscovery.ModDiscoverer/SCAN]: Found mod file "MineColonies_Tweaks-1.21.1-3.28.jar" [locator: {mods folder locator at /data/mods}, reader: mod manifest]
[12Apr2026 16:31:04.370] [main/INFO] [net.neoforged.fml.loading.moddiscovery.ModDiscoverer/SCAN]: Found mod file "minersdelight-1.21.1-1.4.2.jar" [locator: {mods folder locator at /data/mods}, reader: mod manifest]
[12Apr2026 16:31:04.372] [main/INFO] [net.neoforged.fml.loading.moddiscovery.ModDiscoverer/SCAN]: Found mod file "modernfix-neoforge-5.26.1+mc1.21.1.jar" [locator: {mods folder locator at /data/mods}, reader: mod manifest]
[12Apr2026 16:31:04.374] [main/INFO] [net.neoforged.fml.loading.moddiscovery.ModDiscoverer/SCAN]: Found mod file "moonlight-1.21-2.29.29-neoforge.jar" [locator: {mods folder locator at /data/mods}, reader: mod manifest]
[12Apr2026 16:31:04.375] [main/INFO] [net.neoforged.fml.loading.moddiscovery.ModDiscoverer/SCAN]: Found mod file "more_pylons-1.2.0-neoforge-1.21.1.jar" [locator: {mods folder locator at /data/mods}, reader: mod manifest]
[12Apr2026 16:31:04.376] [main/INFO] [net.neoforged.fml.loading.moddiscovery.ModDiscoverer/SCAN]: Found mod file "morebridges-1.0.2.jar" [locator: {mods folder locator at /data/mods}, reader: mod manifest]
[12Apr2026 16:31:04.377] [main/INFO] [net.neoforged.fml.loading.moddiscovery.ModDiscoverer/SCAN]: Found mod file "moredelight-25.07.28a-1.21-neoforge.jar" [locator: {mods folder locator at /data/mods}, reader: mod manifest]
[12Apr2026 16:31:04.378] [main/INFO] [net.neoforged.fml.loading.moddiscovery.ModDiscoverer/SCAN]: Found mod file "MouseTweaks-neoforge-mc1.21-2.26.1.jar" [locator: {mods folder locator at /data/mods}, reader: mod manifest]
[12Apr2026 16:31:04.379] [main/INFO] [net.neoforged.fml.loading.moddiscovery.ModDiscoverer/SCAN]: Found mod file "multipiston-1.2.58-1.21.1.jar" [locator: {mods folder locator at /data/mods}, reader: mod manifest]
[12Apr2026 16:31:04.380] [main/INFO] [net.neoforged.fml.loading.moddiscovery.ModDiscoverer/SCAN]: Found mod file "nethervillagertrader-2.0.0-neoforge-1.21.1.jar" [locator: {mods folder locator at /data/mods}, reader: mod manifest]
[12Apr2026 16:31:04.381] [main/INFO] [net.neoforged.fml.loading.moddiscovery.ModDiscoverer/SCAN]: Found mod file "oceansdelight-neoforge-1.0.3-1.21.jar" [locator: {mods folder locator at /data/mods}, reader: mod manifest]
[12Apr2026 16:31:04.382] [main/INFO] [net.neoforged.fml.loading.moddiscovery.ModDiscoverer/SCAN]: Found mod file "Oh-The-Trees-Youll-Grow-neoforge-1.21.1-5.3.0.jar" [locator: {mods folder locator at /data/mods}, reader: mod manifest]
[12Apr2026 16:31:04.383] [main/INFO] [net.neoforged.fml.loading.moddiscovery.ModDiscoverer/SCAN]: Found mod file "pipeorgans-0.8.2+1.21.1.jar" [locator: {mods folder locator at /data/mods}, reader: mod manifest]
[12Apr2026 16:31:04.384] [main/INFO] [net.neoforged.fml.loading.moddiscovery.ModDiscoverer/SCAN]: Found mod file "pipez-neoforge-1.21.1-1.2.19.jar" [locator: {mods folder locator at /data/mods}, reader: mod manifest]
[12Apr2026 16:31:04.385] [main/INFO] [net.neoforged.fml.loading.moddiscovery.ModDiscoverer/SCAN]: Found mod file "player-animation-lib-forge-2.0.4+1.21.1.jar" [locator: {mods folder locator at /data/mods}, reader: mod manifest]
[12Apr2026 16:31:04.389] [main/INFO] [net.neoforged.fml.loading.moddiscovery.ModDiscoverer/SCAN]: Found mod file "productivebees-1.21.1-13.13.3.jar" [locator: {mods folder locator at /data/mods}, reader: mod manifest]
[12Apr2026 16:31:04.390] [main/INFO] [net.neoforged.fml.loading.moddiscovery.ModDiscoverer/SCAN]: Found mod file "pylons-1.21.1-5.4.2.jar" [locator: {mods folder locator at /data/mods}, reader: mod manifest]
[12Apr2026 16:31:04.394] [main/INFO] [net.neoforged.fml.loading.moddiscovery.ModDiscoverer/SCAN]: Found mod file "Quark-4.1-476.jar" [locator: {mods folder locator at /data/mods}, reader: mod manifest]
[12Apr2026 16:31:04.395] [main/INFO] [net.neoforged.fml.loading.moddiscovery.ModDiscoverer/SCAN]: Found mod file "reeses-sodium-options-neoforge-1.8.3+mc1.21.4.jar" [locator: {mods folder locator at /data/mods}, reader: mod manifest]
[12Apr2026 16:31:04.396] [main/INFO] [net.neoforged.fml.loading.moddiscovery.ModDiscoverer/SCAN]: Found mod file "refinedstorage-curios-integration-1.0.0.jar" [locator: {mods folder locator at /data/mods}, reader: mod manifest]
[12Apr2026 16:31:04.397] [main/INFO] [net.neoforged.fml.loading.moddiscovery.ModDiscoverer/SCAN]: Found mod file "refinedstorage-jei-integration-neoforge-1.0.0.jar" [locator: {mods folder locator at /data/mods}, reader: mod manifest]
[12Apr2026 16:31:04.398] [main/INFO] [net.neoforged.fml.loading.moddiscovery.ModDiscoverer/SCAN]: Found mod file "refinedstorage-mekanism-integration-1.1.1.jar" [locator: {mods folder locator at /data/mods}, reader: mod manifest]
[12Apr2026 16:31:04.402] [main/INFO] [net.neoforged.fml.loading.moddiscovery.ModDiscoverer/SCAN]: Found mod file "refinedstorage-neoforge-2.0.1.jar" [locator: {mods folder locator at /data/mods}, reader: mod manifest]
[12Apr2026 16:31:04.404] [main/INFO] [net.neoforged.fml.loading.moddiscovery.ModDiscoverer/SCAN]: Found mod file "ritchiesprojectilelib-2.1.2-mc.1.21.1-neoforge.jar" [locator: {mods folder locator at /data/mods}, reader: mod manifest]
[12Apr2026 16:31:04.406] [main/INFO] [net.neoforged.fml.loading.moddiscovery.ModDiscoverer/SCAN]: Found mod file "samurai_dynasty-0.1.6-1.21.1.jar" [locator: {mods folder locator at /data/mods}, reader: mod manifest]
[12Apr2026 16:31:04.406] [main/INFO] [net.neoforged.fml.loading.moddiscovery.ModDiscoverer/SCAN]: Found mod file "security_create-1.0.0-neoforge-1.21.1.jar" [locator: {mods folder locator at /data/mods}, reader: mod manifest]
[12Apr2026 16:31:04.408] [main/INFO] [net.neoforged.fml.loading.moddiscovery.ModDiscoverer/SCAN]: Found mod file "sliceanddice-forge-4.2.4.jar" [locator: {mods folder locator at /data/mods}, reader: mod manifest]
[12Apr2026 16:31:04.409] [main/INFO] [net.neoforged.fml.loading.moddiscovery.ModDiscoverer/SCAN]: Found mod file "SOB-NeoForge-1.21.1-1.0.0.jar" [locator: {mods folder locator at /data/mods}, reader: mod manifest]
[12Apr2026 16:31:04.410] [main/INFO] [net.neoforged.fml.loading.moddiscovery.ModDiscoverer/SCAN]: Found mod file "sodium-neoforge-0.6.9+mc1.21.1.jar" [locator: {mods folder locator at /data/mods}, reader: mod manifest]
[12Apr2026 16:31:04.411] [main/INFO] [net.neoforged.fml.loading.moddiscovery.ModDiscoverer/SCAN]: Found mod file "sodiumdynamiclights-neoforge-1.0.10-1.21.1.jar" [locator: {mods folder locator at /data/mods}, reader: mod manifest]
[12Apr2026 16:31:04.412] [main/INFO] [net.neoforged.fml.loading.moddiscovery.ModDiscoverer/SCAN]: Found mod file "sodiumoptionsapi-neoforge-1.0.10-1.21.1.jar" [locator: {mods folder locator at /data/mods}, reader: mod manifest]
[12Apr2026 16:31:04.414] [main/INFO] [net.neoforged.fml.loading.moddiscovery.ModDiscoverer/SCAN]: Found mod file "sophisticatedbackpacks-1.21.1-3.25.37.1646.jar" [locator: {mods folder locator at /data/mods}, reader: mod manifest]
[12Apr2026 16:31:04.415] [main/INFO] [net.neoforged.fml.loading.moddiscovery.ModDiscoverer/SCAN]: Found mod file "sophisticatedbackpackscreateintegration-1.21.1-0.1.5.29.jar" [locator: {mods folder locator at /data/mods}, reader: mod manifest]
[12Apr2026 16:31:04.416] [main/INFO] [net.neoforged.fml.loading.moddiscovery.ModDiscoverer/SCAN]: Found mod file "sophisticatedcore-1.21.1-1.4.23.1664.jar" [locator: {mods folder locator at /data/mods}, reader: mod manifest]
[12Apr2026 16:31:04.418] [main/INFO] [net.neoforged.fml.loading.moddiscovery.ModDiscoverer/SCAN]: Found mod file "sophisticatedstorage-1.21.1-1.5.36.1606.jar" [locator: {mods folder locator at /data/mods}, reader: mod manifest]
[12Apr2026 16:31:04.419] [main/INFO] [net.neoforged.fml.loading.moddiscovery.ModDiscoverer/SCAN]: Found mod file "sophisticatedstoragecreateintegration-1.21.1-0.1.14.98.jar" [locator: {mods folder locator at /data/mods}, reader: mod manifest]
[12Apr2026 16:31:04.420] [main/INFO] [net.neoforged.fml.loading.moddiscovery.ModDiscoverer/SCAN]: Found mod file "StorageDrawers-neoforge-1.21.1-13.11.4.jar" [locator: {mods folder locator at /data/mods}, reader: mod manifest]
[12Apr2026 16:31:04.422] [main/INFO] [net.neoforged.fml.loading.moddiscovery.ModDiscoverer/SCAN]: Found mod file "structure_pool_api-neoforge-1.2.1+1.21.1.jar" [locator: {mods folder locator at /data/mods}, reader: mod manifest]
[12Apr2026 16:31:04.423] [main/INFO] [net.neoforged.fml.loading.moddiscovery.ModDiscoverer/SCAN]: Found mod file "structurize-1.0.822-1.21.1-snapshot.jar" [locator: {mods folder locator at /data/mods}, reader: mod manifest]
[12Apr2026 16:31:04.427] [main/INFO] [net.neoforged.fml.loading.moddiscovery.ModDiscoverer/SCAN]: Found mod file "stylecolonies-1.15.51-1.21.1.jar" [locator: {mods folder locator at /data/mods}, reader: mod manifest]
[12Apr2026 16:31:04.428] [main/INFO] [net.neoforged.fml.loading.moddiscovery.ModDiscoverer/SCAN]: Found mod file "supermartijn642configlib-1.1.8-neoforge-mc1.21.jar" [locator: {mods folder locator at /data/mods}, reader: mod manifest]
[12Apr2026 16:31:04.429] [main/INFO] [net.neoforged.fml.loading.moddiscovery.ModDiscoverer/SCAN]: Found mod file "supermartijn642corelib-1.1.21-neoforge-mc1.21.jar" [locator: {mods folder locator at /data/mods}, reader: mod manifest]
[12Apr2026 16:31:04.433] [main/INFO] [net.neoforged.fml.loading.moddiscovery.ModDiscoverer/SCAN]: Found mod file "supplementaries-1.21-3.5.34-neoforge.jar" [locator: {mods folder locator at /data/mods}, reader: mod manifest]
[12Apr2026 16:31:04.434] [main/INFO] [net.neoforged.fml.loading.moddiscovery.ModDiscoverer/SCAN]: Found mod file "t_and_t-neoforge-fabric-1.13.7+1.21.1.jar" [locator: {mods folder locator at /data/mods}, reader: mod manifest]
[12Apr2026 16:31:04.435] [main/INFO] [net.neoforged.fml.loading.moddiscovery.ModDiscoverer/SCAN]: Found mod file "TerraBlender-neoforge-1.21.1-4.1.0.8.jar" [locator: {mods folder locator at /data/mods}, reader: mod manifest]
[12Apr2026 16:31:04.438] [main/INFO] [net.neoforged.fml.loading.moddiscovery.ModDiscoverer/SCAN]: Found mod file "tfmg-1.2.0.jar" [locator: {mods folder locator at /data/mods}, reader: mod manifest]
[12Apr2026 16:31:04.441] [main/INFO] [net.neoforged.fml.loading.moddiscovery.ModDiscoverer/SCAN]: Found mod file "the_bumblezone-7.13.1+1.21.1-neoforge.jar" [locator: {mods folder locator at /data/mods}, reader: mod manifest]
[12Apr2026 16:31:04.442] [main/INFO] [net.neoforged.fml.loading.moddiscovery.ModDiscoverer/SCAN]: Found mod file "ThirstWasTaken-1.21.1-2.1.5.jar" [locator: {mods folder locator at /data/mods}, reader: mod manifest]
[12Apr2026 16:31:04.443] [main/INFO] [net.neoforged.fml.loading.moddiscovery.ModDiscoverer/SCAN]: Found mod file "toms_storage-1.21-2.3.1.jar" [locator: {mods folder locator at /data/mods}, reader: mod manifest]
[12Apr2026 16:31:04.446] [main/INFO] [net.neoforged.fml.loading.moddiscovery.ModDiscoverer/SCAN]: Found mod file "towntalk-1.2.0.jar" [locator: {mods folder locator at /data/mods}, reader: mod manifest]
[12Apr2026 16:31:04.447] [main/INFO] [net.neoforged.fml.loading.moddiscovery.ModDiscoverer/SCAN]: Found mod file "trading_floor-3.0.16.jar" [locator: {mods folder locator at /data/mods}, reader: mod manifest]
[12Apr2026 16:31:04.448] [main/INFO] [net.neoforged.fml.loading.moddiscovery.ModDiscoverer/SCAN]: Found mod file "trashcans-1.0.18c-neoforge-mc1.21.jar" [locator: {mods folder locator at /data/mods}, reader: mod manifest]
[12Apr2026 16:31:04.449] [main/INFO] [net.neoforged.fml.loading.moddiscovery.ModDiscoverer/SCAN]: Found mod file "trotting_wagons-21.0.2.jar" [locator: {mods folder locator at /data/mods}, reader: mod manifest]
[12Apr2026 16:31:04.450] [main/INFO] [net.neoforged.fml.loading.moddiscovery.ModDiscoverer/SCAN]: Found mod file "voicechat-neoforge-1.21.1-2.6.16.jar" [locator: {mods folder locator at /data/mods}, reader: mod manifest]
[12Apr2026 16:31:04.451] [main/INFO] [net.neoforged.fml.loading.moddiscovery.ModDiscoverer/SCAN]: Found mod file "Zeta-1.1-39.jar" [locator: {mods folder locator at /data/mods}, reader: mod manifest]
[12Apr2026 16:31:04.856] [main/WARN] [net.neoforged.jarjar.selection.JarSelector/]: Attempted to select a dependency jar for JarJar which was passed in as source: architectury. Using Mod File: /data/mods/architectury-13.0.8-neoforge.jar
[12Apr2026 16:31:04.856] [main/INFO] [net.neoforged.fml.loading.moddiscovery.locators.JarInJarDependencyLocator/]: Found 41 dependencies adding them to mods collection
[12Apr2026 16:31:04.856] [main/INFO] [net.neoforged.fml.loading.moddiscovery.ModDiscoverer/SCAN]: Found gamelibrary file "mixinextras-neoforge-0.5.3.jar" [parent: neoforge-21.1.226-universal.jar, locator: jarinjar, reader: mod manifest]
[12Apr2026 16:31:04.856] [main/INFO] [net.neoforged.fml.loading.moddiscovery.ModDiscoverer/SCAN]: Found mod file "fabric-api-base-0.4.42+d1308ded19.jar" [parent: sodium-neoforge-0.6.9+mc1.21.1.jar, locator: jarinjar, reader: mod manifest]
[12Apr2026 16:31:04.856] [main/INFO] [net.neoforged.fml.loading.moddiscovery.ModDiscoverer/SCAN]: Found mod file "fabric-renderer-api-v1-3.4.0+acb05a3919.jar" [parent: sodium-neoforge-0.6.9+mc1.21.1.jar, locator: jarinjar, reader: mod manifest]
[12Apr2026 16:31:04.856] [main/INFO] [net.neoforged.fml.loading.moddiscovery.ModDiscoverer/SCAN]: Found library file "BlockModelSplitter-2.0.1.jar" [parent: ImmersiveEngineering-1.21.1-12.4.2-194.jar, locator: jarinjar, reader: mod manifest]
[12Apr2026 16:31:04.856] [main/INFO] [net.neoforged.fml.loading.moddiscovery.ModDiscoverer/SCAN]: Found mod file "ponder-neoforge-1.0.81+mc1.21.1.jar" [parent: create-1.21.1-6.0.9.jar, locator: jarinjar, reader: mod manifest]
[12Apr2026 16:31:04.856] [main/INFO] [net.neoforged.fml.loading.moddiscovery.ModDiscoverer/SCAN]: Found mod file "productivelib-1.21.1-0.2.0.jar" [parent: productivebees-1.21.1-13.13.3.jar, locator: jarinjar, reader: mod manifest]
[12Apr2026 16:31:04.856] [main/INFO] [net.neoforged.fml.loading.moddiscovery.ModDiscoverer/SCAN]: Found library file "net.neoforged.neoforge-coremods-21.1.226.jar" [parent: neoforge-21.1.226-universal.jar, locator: jarinjar, reader: mod manifest]
[12Apr2026 16:31:04.857] [main/INFO] [net.neoforged.fml.loading.moddiscovery.ModDiscoverer/SCAN]: Found gamelibrary file "mixinsquared-neoforge-0.2.0.jar" [parent: sodiumoptionsapi-neoforge-1.0.10-1.21.1.jar, locator: jarinjar, reader: mod manifest]
[12Apr2026 16:31:04.857] [main/INFO] [net.neoforged.fml.loading.moddiscovery.ModDiscoverer/SCAN]: Found mod file "greenhouseconfig-2.2.3+1.21.1-neoforge.jar" [parent: BrewinAndChewin-neoforge-4.4.2+1.21.1.jar, locator: jarinjar, reader: mod manifest]
[12Apr2026 16:31:04.857] [main/INFO] [net.neoforged.fml.loading.moddiscovery.ModDiscoverer/SCAN]: Found library file "thedarkcolour.kfflang-5.11.0.jar" [parent: kotlinforforge-5.11.0-all.jar, locator: jarinjar, reader: mod manifest]
[12Apr2026 16:31:04.857] [main/INFO] [net.neoforged.fml.loading.moddiscovery.ModDiscoverer/SCAN]: Found mod file "spectrelib-neoforge-0.17.2+1.21.jar" [parent: comforts-neoforge-9.0.5+1.21.1.jar, locator: jarinjar, reader: mod manifest]
[12Apr2026 16:31:04.857] [main/INFO] [net.neoforged.fml.loading.moddiscovery.ModDiscoverer/SCAN]: Found gamelibrary file "thedarkcolour.kfflib-5.11.0.jar" [parent: kotlinforforge-5.11.0-all.jar, locator: jarinjar, reader: mod manifest]
[12Apr2026 16:31:04.857] [main/INFO] [net.neoforged.fml.loading.moddiscovery.ModDiscoverer/SCAN]: Found mod file "forgeconfigapiport-neoforge-21.1.1.jar" [parent: dragonlib-neoforge-1.21.1-beta-3.0.24.jar, locator: jarinjar, reader: mod manifest]
[12Apr2026 16:31:04.857] [main/INFO] [net.neoforged.fml.loading.moddiscovery.ModDiscoverer/SCAN]: Found mod file "thedarkcolour.kffmod-5.11.0.jar" [parent: kotlinforforge-5.11.0-all.jar, locator: jarinjar, reader: mod manifest]
[12Apr2026 16:31:04.857] [main/INFO] [net.neoforged.fml.loading.moddiscovery.ModDiscoverer/SCAN]: Found library file "kotlin-stdlib-2.3.0.jar" [parent: kotlinforforge-5.11.0-all.jar, locator: jarinjar]
[12Apr2026 16:31:04.857] [main/INFO] [net.neoforged.fml.loading.moddiscovery.ModDiscoverer/SCAN]: Found library file "kotlin-reflect-2.3.0.jar" [parent: kotlinforforge-5.11.0-all.jar, locator: jarinjar]
[12Apr2026 16:31:04.857] [main/INFO] [net.neoforged.fml.loading.moddiscovery.ModDiscoverer/SCAN]: Found mod file "flywheel-neoforge-1.21.1-1.0.6.jar" [parent: create-1.21.1-6.0.9.jar, locator: jarinjar, reader: mod manifest]
[12Apr2026 16:31:04.857] [main/INFO] [net.neoforged.fml.loading.moddiscovery.ModDiscoverer/SCAN]: Found library file "kotlinx-coroutines-core-jvm-1.10.2.jar" [parent: kotlinforforge-5.11.0-all.jar, locator: jarinjar]
[12Apr2026 16:31:04.857] [main/INFO] [net.neoforged.fml.loading.moddiscovery.ModDiscoverer/SCAN]: Found mod file "greenhouseconfig_night_config-1.1.0.jar" [parent: greenhouseconfig_toml-1.1.0.jar, locator: jarinjar, reader: mod manifest]
[12Apr2026 16:31:04.857] [main/INFO] [net.neoforged.fml.loading.moddiscovery.ModDiscoverer/SCAN]: Found mod file "fabric-block-view-api-v2-1.0.10+9afaaf8c19.jar" [parent: sodium-neoforge-0.6.9+mc1.21.1.jar, locator: jarinjar, reader: mod manifest]
[12Apr2026 16:31:04.857] [main/INFO] [net.neoforged.fml.loading.moddiscovery.ModDiscoverer/SCAN]: Found library file "yabn-1.0.3.jar" [parent: resourcefullib-neoforge-1.21-3.0.12.jar, locator: jarinjar]
[12Apr2026 16:31:04.857] [main/INFO] [net.neoforged.fml.loading.moddiscovery.ModDiscoverer/SCAN]: Found library file "net.caffeinemc.sodium-neoforge-0.6.9+mc1.21.1-service.jar" [parent: sodium-neoforge-0.6.9+mc1.21.1.jar, locator: jarinjar, reader: mod manifest]
[12Apr2026 16:31:04.857] [main/INFO] [net.neoforged.fml.loading.moddiscovery.ModDiscoverer/SCAN]: Found mod file "biolith-neoforge-3.0.10.jar" [parent: Quark-4.1-476.jar, locator: jarinjar, reader: mod manifest]
[12Apr2026 16:31:04.857] [main/INFO] [net.neoforged.fml.loading.moddiscovery.ModDiscoverer/SCAN]: Found library file "kotlinx-coroutines-jdk8-1.10.2.jar" [parent: kotlinforforge-5.11.0-all.jar, locator: jarinjar]
[12Apr2026 16:31:04.857] [main/INFO] [net.neoforged.fml.loading.moddiscovery.ModDiscoverer/SCAN]: Found mod file "resourcefullib-neoforge-1.21-3.0.12.jar" [parent: the_bumblezone-7.13.1+1.21.1-neoforge.jar, locator: jarinjar, reader: mod manifest]
[12Apr2026 16:31:04.858] [main/INFO] [net.neoforged.fml.loading.moddiscovery.ModDiscoverer/SCAN]: Found library file "MathParser.org-mXparser-5.2.1.jar" [parent: immersive_aircraft-1.4.3+1.21.1-neoforge.jar, locator: jarinjar]
[12Apr2026 16:31:04.858] [main/INFO] [net.neoforged.fml.loading.moddiscovery.ModDiscoverer/SCAN]: Found gamelibrary file "mixinsquared-forge-0.1.1.jar" [parent: supplementaries-1.21-3.5.34-neoforge.jar, locator: jarinjar, reader: mod manifest]
[12Apr2026 16:31:04.858] [main/INFO] [net.neoforged.fml.loading.moddiscovery.ModDiscoverer/SCAN]: Found library file "MixinSquared-0.2.0-beta.6.jar" [parent: mixinsquared-neoforge-0.2.0.jar, locator: jarinjar]
[12Apr2026 16:31:04.858] [main/INFO] [net.neoforged.fml.loading.moddiscovery.ModDiscoverer/SCAN]: Found mod file "conditional-mixin-neoforge-0.6.4.jar" [parent: create-dragons-plus-1.8.7.jar, locator: jarinjar, reader: mod manifest]
[12Apr2026 16:31:04.858] [main/INFO] [net.neoforged.fml.loading.moddiscovery.ModDiscoverer/SCAN]: Found library file "kotlin-stdlib-jdk7-2.3.0.jar" [parent: kotlinforforge-5.11.0-all.jar, locator: jarinjar]
[12Apr2026 16:31:04.858] [main/INFO] [net.neoforged.fml.loading.moddiscovery.ModDiscoverer/SCAN]: Found library file "Reflect-1.6.1+curseforge.jar" [parent: ImmediatelyFast-NeoForge-1.6.10+1.21.1.jar, locator: jarinjar]
[12Apr2026 16:31:04.858] [main/INFO] [net.neoforged.fml.loading.moddiscovery.ModDiscoverer/SCAN]: Found library file "kotlin-stdlib-jdk8-2.3.0.jar" [parent: kotlinforforge-5.11.0-all.jar, locator: jarinjar]
[12Apr2026 16:31:04.858] [main/INFO] [net.neoforged.fml.loading.moddiscovery.ModDiscoverer/SCAN]: Found mod file "fabric-rendering-data-attachment-v1-0.3.48+73761d2e19.jar" [parent: sodium-neoforge-0.6.9+mc1.21.1.jar, locator: jarinjar, reader: mod manifest]
[12Apr2026 16:31:04.858] [main/INFO] [net.neoforged.fml.loading.moddiscovery.ModDiscoverer/SCAN]: Found gamelibrary file "DualCodecs-0.1.2.jar" [parent: ImmersiveEngineering-1.21.1-12.4.2-194.jar, locator: jarinjar, reader: mod manifest]
[12Apr2026 16:31:04.858] [main/INFO] [net.neoforged.fml.loading.moddiscovery.ModDiscoverer/SCAN]: Found library file "kotlinx-serialization-core-jvm-1.9.0.jar" [parent: kotlinforforge-5.11.0-all.jar, locator: jarinjar]
[12Apr2026 16:31:04.858] [main/INFO] [net.neoforged.fml.loading.moddiscovery.ModDiscoverer/SCAN]: Found gamelibrary file "Registrate-MC1.21-1.3.0+67.jar" [parent: create-1.21.1-6.0.9.jar, locator: jarinjar, reader: mod manifest]
[12Apr2026 16:31:04.858] [main/INFO] [net.neoforged.fml.loading.moddiscovery.ModDiscoverer/SCAN]: Found library file "bytecodecs-1.1.2.jar" [parent: resourcefullib-neoforge-1.21-3.0.12.jar, locator: jarinjar]
[12Apr2026 16:31:04.858] [main/INFO] [net.neoforged.fml.loading.moddiscovery.ModDiscoverer/SCAN]: Found library file "kotlinx-serialization-json-jvm-1.9.0.jar" [parent: kotlinforforge-5.11.0-all.jar, locator: jarinjar]
[12Apr2026 16:31:04.858] [main/INFO] [net.neoforged.fml.loading.moddiscovery.ModDiscoverer/SCAN]: Found mod file "athena-neoforge-1.21-4.0.0.jar" [parent: the_bumblezone-7.13.1+1.21.1-neoforge.jar, locator: jarinjar, reader: mod manifest]
[12Apr2026 16:31:04.858] [main/INFO] [net.neoforged.fml.loading.moddiscovery.ModDiscoverer/SCAN]: Found mod file "greenhouseconfig_toml-1.1.0.jar" [parent: BrewinAndChewin-neoforge-4.4.2+1.21.1.jar, locator: jarinjar, reader: mod manifest]
[12Apr2026 16:31:04.858] [main/INFO] [net.neoforged.fml.loading.moddiscovery.ModDiscoverer/SCAN]: Found library file "jankson-1.2.3.jar" [parent: cristellib-neoforge-1.21.1-3.0.3.jar, locator: jarinjar]
[12Apr2026 16:31:04.862] [main/INFO] [net.neoforged.fml.loading.moddiscovery.ModDiscoverer/]: 
     Mod List:
		Name Version (Mod Id)

		Addons Lib 1.21.1-1.10 (addonslib)
		Animal Feeding Trough 1.1.2 (animal_feeding_trough)
		AppleSkin 3.0.9+mc1.21 (appleskin)
		Applied Energistics 2 19.2.17 (ae2)
		Applied Mekanistics 1.6.3 (appmek)
		Architectury 13.0.8 (architectury)
		Athena 4.0.0 (athena)
		AzureLib 3.1.4 (azurelib)
		Better lib 1.0.109 (better_lib)
		BiggerBetterEndCities 1.21.1-1.0.0 (biggerbetterendcities)
		Biolith 3.0.10 (biolith)
		Biomes O' Plenty 21.1.0.13 (biomesoplenty)
		Bonsai Trees 4 4.0.9 (bonsaitrees4)
		Brewin' And Chewin' 4.4.2 (brewinandchewin)
		Chimes 2.1.1 (chimes)
		Chisel Reborn 2.0.0+mc1.21.1 (chisel)
		Comforts 9.0.5+1.21.1 (comforts)
		conditional mixin 0.6.4 (conditional_mixin)
		Corpse 1.21.1-1.1.13 (corpse)
		Create 6.0.9 (create)
		Create Aquatic Ambitions 2.0.2 (create_aquatic_ambitions)
		Create Big Cannons 5.11.2 (createbigcannons)
		Create Bits 'n' Bobs 0.0.44 (bits_n_bobs)
		Create Crafts & Additions 1.5.10 (createaddition)
		Create Deco 2.1.2 (createdeco)
		Create Diesel Generators 1.21.1-1.3.11 (createdieselgenerators)
		Create Encased 1.8-ht2 (createcasing)
		Create Liquid Fuel 2.1.1-1.21.1 (createliquidfuel)
		Create Mechanical Extruder 1.21.1-2.2.0-6.0.8 (create_mechanical_extruder)
		Create Railways Navigator 1.21.1-alpha-0.9.0-C6 (createrailwaysnavigator)
		Create Sifter 1.21.1-2.2.0 (createsifter)
		Create Slice & Dice 4.2.4 (sliceanddice)
		Create Stock Bridge 0.1.6 (createstockbridge)
		Create: Applied Kinetics 1.5.4-1.21.1 (createappliedkinetics)
		Create: Bells & Whistles 0.4.7-1.21.1 (bellsandwhistles)
		Create: Better Motors 3.1.9 (create_better_motors)
		Create: Central Kitchen 2.3.0 (create_central_kitchen)
		Create: Colorful Catalysts 1.3 (colorful_catalysts)
		Create: Compatible Storage 2.10.0-neoforge (create_compatible_storage)
		Create: Connected 1.1.13-mc1.21.1 (create_connected)
		Create: Crafts & (More) Additions 1.9.0 (create_more_additions)
		Create: Deep Dark 3.0.2 (create_deep_dark)
		Create: Dragons Plus 1.8.7 (create_dragons_plus)
		Create: Interiors 0.6.1 (interiors)
		Create: More Bridges 1.0.2 (morebridges)
		Create: Numismatics 1.0.19+neoforge-mc1.21.1 (numismatics)
		Create: Pattern Schematics 2.0.10 (create_pattern_schematics)
		Create: Sound of Steam 0.8.2+1.21.1 (pipeorgans)
		Create: The Factory Must Grow 1.2.0 (tfmg)
		create: things and misc 4.1.0 (create_things_and_misc)
		Create: Trading Floor 3.0.16 (trading_floor)
		Create: Ultimate Factory 2.2.3 (create_ultimate_factory)
		Create:Schematic Checker 0.21.18-6.0 (createschematicchecker)
		Cristel Lib 3.0.3 (cristellib)
		Cryonic Config 1.0.0+mc1.21.11 (cryonicconfig)
		Curios API 9.5.1+1.21.1 (curios)
		Domum Ornamentum 1.0.233-snapshot (domum_ornamentum)
		DragonLib 1.21.1-beta-3.0.24 (dragonlib)
		Dusty Decorations 1.12 (dustydecorations)
		EdivadLib 3.0.0 (edivadlib)
		Engineers Delight 1.8.0 (tmted)
		Every Compat 1.21-2.11.37 (everycomp)
		ExtraStorage 5.0.8 (extrastorage)
		Factory Blocks 1.4.0+mc1.21.1 (factory_blocks)
		Farmer's Delight 1.2.11 (farmersdelight)
		Farmer's Knives 1.21.1-4.1.0 (farmersknives)
		FarmersStructures 1.0.2 (farmers_structures)
		Ferrite Core 7.0.3 (ferritecore)
		Fishermens Trap 3.1.0 (fishermens_trap)
		Flywheel 1.0.6 (flywheel)
		Forge Config API Port 21.1.1 (forgeconfigapiport)
		Forgified Fabric API Base 0.4.42+d1308ded19 (fabric_api_base)
		Forgified Fabric BlockView API (v2) 1.0.10+9afaaf8c19 (fabric_block_view_api_v2)
		Forgified Fabric Renderer API (v1) 3.4.0+acb05a3919 (fabric_renderer_api_v1)
		Forgified Fabric Rendering Data Attachment (v1) 0.3.48+73761d2e19 (fabric_rendering_data_attachment_v1)
		FTB Essentials 2101.1.9 (ftbessentials)
		FTB Library 2101.1.31 (ftblibrary)
		FTB Ranks 2101.1.3 (ftbranks)
		FTB Ultimine 2101.1.13 (ftbultimine)
		GeckoLib 4 4.8.4 (geckolib)
		Giant Brown Mushroom 1.0.1 (giant_brown_mushroom)
		GlitchCore 2.1.0.0 (glitchcore)
		Glodium 1.21-2.2-neoforge (glodium)
		Gravestone Mod 1.21.1-1.0.35 (gravestone)
		Greenhouse Config 2.2.3+1.21.1 (greenhouseconfig)
		Greenhouse Config - Night Config 1.1.0 (greenhouseconfig_night_config)
		Greenhouse Config - TOML 1.1.0 (greenhouseconfig_toml)
		GuideME 21.1.15 (guideme)
		ImmediatelyFast 1.6.10+1.21.1 (immediatelyfast)
		Immersive Aircraft 1.4.3+1.21.1 (immersive_aircraft)
		Immersive Engineering 12.4.2-194 (immersiveengineering)
		Immersive Posts 4.3.1-16 (immersiveposts)
		Jade 15.10.5+neoforge (jade)
		Jade Addons 6.1.0+neoforge (jadeaddons)
		JadeColonies 1.6.0 (jadecolonies)
		Just Enough Immersive Multiblocks 1.0.6 (jeimultiblocks)
		Just Enough Items 19.27.0.340 (jei)
		Kotlin For Forge 5.11.0 (kotlinforforge)
		Lodestone 1.8.2 (lodestone)
		Macaw's Bridges 3.1.2 (mcwbridges)
		Macaw's Doors 1.1.5 (mcwdoors)
		Macaw's Fences and Walls 1.2.1 (mcwfences)
		Macaw's Furniture 3.4.1 (mcwfurnitures)
		Macaw's Quark 1.21.1-1.6 (mcwquark)
		Macaw's Roofs 2.3.2 (mcwroofs)
		Macaw's Stairs and Balconies 1.0.2 (mcwstairs)
		Macaw's Trapdoors 1.1.5 (mcwtrpdoors)
		Macaw's Windows 2.4.2 (mcwwindows)
		Man of Many Planes 0.2.1+1.21.1 (man_of_many_planes)
		Mechanicals Lib 1.1.0 (mechanicals)
		MEGA Cells 4.10.2 (megacells)
		MekaJadeUpgrades 1.3 (mekajadeupgrade)
		Mekanism 10.7.19 (mekanism)
		Mekanism Covers 1.3-BETA+1.21 (mekanismcovers)
		Mekanism Curios 1.2.1 (mekanismcurios)
		Mekanism: Generators 10.7.19 (mekanismgenerators)
		Mekanism: Tools 10.7.19 (mekanismtools)
		Mekanism: Weapons 3.0 (mekaweapons)
		MineColonies 1.1.1299-1.21.1-snapshot (minecolonies)
		Minecraft 1.21.1 (minecraft)
		Miners Delight 1.4.2 (minersdelight)
		ModernFix 5.26.1+mc1.21.1 (modernfix)
		Moonlight Lib 1.21-2.29.29 (moonlight)
		More Delight 25.07.28a-1.21-neoforge (moredelight)
		More Pylons 1.2.0 (more_pylons)
		Mouse Tweaks 2.26.1 (mousetweaks)
		Multi-Piston 1.2.58-1.21.1 (multipiston)
		NeoForge 21.1.226 (neoforge)
		NetherVillagerTrader 2.0.0 (nethervillagertrader)
		Ocean's Delight 1.0.3 (oceansdelight)
		Oh The Trees You'll Grow 5.3.0 (ohthetreesyoullgrow)
		Pipez 1.21.1-1.2.19 (pipez)
		Player Animator 2.0.4+1.21.1 (playeranimator)
		Ponder 1.0.81+mc1.21.1 (ponder)
		Productive Bees 1.21.1-13.13.3 (productivebees)
		Productive Lib 1.21.1-0.2.0 (productivelib)
		Pylons 5.4.2 (pylons)
		Quark 4.1-476 (quark)
		Reese's Sodium Options 1.8.3+mc1.21.4 (reeses_sodium_options)
		Refined Storage 2.0.1 (refinedstorage)
		Refined Storage - Curios Integration 1.0.0 (refinedstorage_curios_integration)
		Refined Storage - JEI Integration 1.0.0 (refinedstorage_jei_integration)
		Refined Storage - Mekanism Integration 1.1.1 (refinedstorage_mekanism_integration)
		Resourceful Lib 3.0.12 (resourcefullib)
		Ritchie's Projectile Library 2.1.2 (ritchiesprojectilelib)
		Samurai Dynasty 0.1.6-1.21.1 (samurai_dynasty)
		Security Create 1.0.0 (security_create)
		SecurityCraft 1.10.1 (securitycraft)
		Simple Voice Chat 1.21.1-2.6.16 (voicechat)
		Sodium 0.6.9+mc1.21.1 (sodium)
		Sodium Dynamic Lights 1.0.9 (sodiumdynamiclights)
		Sodium Options API 1.0.10 (sodiumoptionsapi)
		Sophisticated Backpacks 3.25.37 (sophisticatedbackpacks)
		Sophisticated Backpacks Create Integration 0.1.5 (sophisticatedbackpackscreateintegration)
		Sophisticated Core 1.4.23 (sophisticatedcore)
		Sophisticated Storage 1.5.36 (sophisticatedstorage)
		Sophisticated Storage Create Integration 0.1.14 (sophisticatedstoragecreateintegration)
		SpectreLib 0.17.2+1.21 (spectrelib)
		Storage Drawers 13.11.4 (storagedrawers)
		Structure Pool API 1.2.1+1.21.1 (structure_pool_api)
		Structurize 1.0.822-1.21.1-snapshot (structurize)
		Stylecolonies 1.15.51-1.21.1 (stylecolonies)
		SuperMartijn642's Config Library 1.1.8 (supermartijn642configlib)
		SuperMartijn642's Core Lib 1.1.21 (supermartijn642corelib)
		SuperOreBlock 1.0.0 (super_ore_block)
		Supplementaries 1.21-3.5.34 (supplementaries)
		TerraBlender 4.1.0.8 (terrablender)
		The Bumblezone 7.13.1+1.21.1-neoforge (the_bumblezone)
		Thirst Was Taken 1.21.1-2.1.5 (thirst)
		Tom's Simple Storage Mod 2.3.1 (toms_storage)
		Towns and Towers 1.13.7 (t_and_t)
		Towntalk 1.2.0 (towntalk)
		Trash Cans 1.0.18+c (trashcans)
		Trotting Wagons 21.0.2 (trotting_wagons)
		Tweaks addon for MineColonies 3.28 (minecolonies_tweaks)
		UI Library Mod 1.0.211-1.21.1-snapshot (blockui)
		Zeta 1.1-39 (zeta)
[12Apr2026 16:31:07.729] [main/INFO] [mixin/]: Compatibility level set to JAVA_21
[12Apr2026 16:31:08.334] [main/INFO] [cpw.mods.modlauncher.LaunchServiceHandler/MODLAUNCHER]: Launching target 'forgeserver' with arguments [nogui]
[12Apr2026 16:31:08.358] [main/WARN] [mixin/]: Reference map 'geckolib.refmap.json' for geckolib.mixins.json could not be read. If this is a development environment you can ignore this message
[12Apr2026 16:31:08.359] [main/WARN] [mixin/]: Reference map 'create_compatible_storage.refmap.json' for create_compatible_storage.mixins.json could not be read. If this is a development environment you can ignore this message
[12Apr2026 16:31:08.362] [main/WARN] [mixin/]: Reference map 'minersdelight.refmap.json' for minersdelight.mixins.json could not be read. If this is a development environment you can ignore this message
[12Apr2026 16:31:08.663] [main/INFO] [ModernFix/]: Loaded configuration file for ModernFix 5.26.1+mc1.21.1: 78 options available, 0 override(s) found
[12Apr2026 16:31:08.665] [main/INFO] [ModernFix/]: Applying Nashorn fix
[12Apr2026 16:31:08.704] [main/WARN] [mixin/]: Reference map 'modernfix.refmap.json' for modernfix-modernfix.mixins.json could not be read. If this is a development environment you can ignore this message
[12Apr2026 16:31:08.709] [main/WARN] [mixin/]: Reference map 'createcasing.refmap.json' for createcasing.mixins.json could not be read. If this is a development environment you can ignore this message
[12Apr2026 16:31:08.721] [main/WARN] [mixin/]: Reference map 'createdieselgenerators.refmap.json' for createdieselgenerators.mixins.json could not be read. If this is a development environment you can ignore this message
[12Apr2026 16:31:09.107] [main/WARN] [mixin/]: Reference map 'create_connected.refmap.json' for create_connected.mixins.json could not be read. If this is a development environment you can ignore this message
[12Apr2026 16:31:09.113] [main/WARN] [mixin/]: Reference map 'supermartijn642corelib.mixins.refmap.json' for supermartijn642corelib.mixins.json could not be read. If this is a development environment you can ignore this message
[12Apr2026 16:31:09.115] [main/WARN] [mixin/]: Reference map 'reeses-sodium-options.refmap.json' for reeses-sodium-options.mixins.json could not be read. If this is a development environment you can ignore this message
[12Apr2026 16:31:09.116] [main/WARN] [mixin/]: Reference map 'curios.refmap.json' for curios.neoforge.mixins.json could not be read. If this is a development environment you can ignore this message
[12Apr2026 16:31:09.118] [main/WARN] [mixin/]: Reference map 'curios.refmap.json' for curios.mixins.json could not be read. If this is a development environment you can ignore this message
[12Apr2026 16:31:09.120] [main/WARN] [mixin/]: Reference map '${mod_id}.refmap.json' for trading_floor.mixins.json could not be read. If this is a development environment you can ignore this message
[12Apr2026 16:31:09.122] [main/WARN] [mixin/]: Reference map 'thirst.refmap.json' for thirst.mixins.json could not be read. If this is a development environment you can ignore this message
[12Apr2026 16:31:09.125] [main/WARN] [mixin/]: Reference map 'CreateLiquidFuel.refmap.json' for createliquidfuel.mixins.json could not be read. If this is a development environment you can ignore this message
[12Apr2026 16:31:09.128] [main/WARN] [mixin/]: Reference map 'productivebees.refmap.json' for productivebees.mixin.json could not be read. If this is a development environment you can ignore this message
[12Apr2026 16:31:09.135] [main/WARN] [mixin/]: Reference map 'jadeaddons.refmap.json' for jadeaddons.mixins.json could not be read. If this is a development environment you can ignore this message
[12Apr2026 16:31:09.138] [main/WARN] [mixin/]: Reference map 'fishermens_trap.refmap.json' for fishermens_trap.mixins.json could not be read. If this is a development environment you can ignore this message
[12Apr2026 16:31:09.210] [main/WARN] [mixin/]: Reference map 'mekanismcovers.refmap.json' for mekanismcovers.mixins.json could not be read. If this is a development environment you can ignore this message
[12Apr2026 16:31:09.212] [main/WARN] [mixin/]: Reference map '${mod_id}.refmap.json' for bits_n_bobs.mixins.json could not be read. If this is a development environment you can ignore this message
[12Apr2026 16:31:09.213] [main/WARN] [mixin/]: Reference map 'productivelib.refmap.json' for productivelib.mixin.json could not be read. If this is a development environment you can ignore this message
[12Apr2026 16:31:09.215] [main/WARN] [mixin/]: Reference map 'comforts.refmap.json' for comforts.mixins.json could not be read. If this is a development environment you can ignore this message
[12Apr2026 16:31:09.217] [main/WARN] [mixin/]: Reference map 'glitchcore.refmap.json' for glitchcore.mixins.json could not be read. If this is a development environment you can ignore this message
[12Apr2026 16:31:09.218] [main/WARN] [mixin/]: Reference map 'glitchcore.refmap.json' for glitchcore.neoforge.mixins.json could not be read. If this is a development environment you can ignore this message
[12Apr2026 16:31:09.220] [main/WARN] [mixin/]: Reference map 'bonsaitrees4.refmap.json' for bonsaitrees4.mixins.json could not be read. If this is a development environment you can ignore this message
[12Apr2026 16:31:09.302] [main/INFO] [Sodium/]: Loaded configuration file for Sodium: 43 options available, 0 override(s) found
[12Apr2026 16:31:09.307] [main/WARN] [mixin/]: Reference map 'tfmg.refmap.json' for tfmg.mixins.json could not be read. If this is a development environment you can ignore this message
[12Apr2026 16:31:09.308] [main/WARN] [mixin/]: Reference map 'createschematicchecker.refmap.json' for createschematicchecker.mixins.json could not be read. If this is a development environment you can ignore this message
[12Apr2026 16:31:09.323] [main/WARN] [mixin/]: Reference map 'terrablender.refmap.json' for terrablender.mixins.json could not be read. If this is a development environment you can ignore this message
[12Apr2026 16:31:09.325] [main/WARN] [mixin/]: Reference map 'terrablender.refmap.json' for terrablender_neoforge.mixins.json could not be read. If this is a development environment you can ignore this message
[12Apr2026 16:31:09.327] [main/WARN] [mixin/]: Reference map 'biomesoplenty.refmap.json' for biomesoplenty.mixins.json could not be read. If this is a development environment you can ignore this message
[12Apr2026 16:31:09.329] [main/WARN] [mixin/]: Reference map 'biomesoplenty.refmap.json' for biomesoplenty.neoforge.mixins.json could not be read. If this is a development environment you can ignore this message
[12Apr2026 16:31:09.333] [main/WARN] [mixin/]: Reference map 'csb.mixins.refmap.json' for csb.mixins.json could not be read. If this is a development environment you can ignore this message
[12Apr2026 16:31:09.408] [main/WARN] [mixin/]: Reference map '' for brewinandchewin.mixins.json could not be read. If this is a development environment you can ignore this message
[12Apr2026 16:31:09.437] [main/WARN] [mixin/]: Reference map 'ponder.refmap.json' for ponder-common.mixins.json could not be read. If this is a development environment you can ignore this message
[12Apr2026 16:31:09.526] [main/WARN] [mixin/]: Reference map 'pipeorgans.refmap.json' for pipeorgans.mixins.json could not be read. If this is a development environment you can ignore this message
[12Apr2026 16:31:09.527] [main/WARN] [mixin/]: Reference map 'securitycraft.refmap.json' for securitycraft.mixins.json could not be read. If this is a development environment you can ignore this message
[12Apr2026 16:31:09.529] [main/WARN] [mixin/]: Reference map 'zeta.mixins.refmap.json' for zeta.mixins.json could not be read. If this is a development environment you can ignore this message
[12Apr2026 16:31:09.534] [main/WARN] [mixin/]: Reference map 'zeta.mixins.refmap.json' for zeta_forge.mixins.json could not be read. If this is a development environment you can ignore this message
[12Apr2026 16:31:09.536] [main/WARN] [mixin/]: Reference map 'quark.mixins.refmap.json' for quark.mixins.json could not be read. If this is a development environment you can ignore this message
[12Apr2026 16:31:09.632] [main/WARN] [mixin/]: Reference map 'minecolonies_tweaks.mixin.refmap.json' for minecolonies_tweaks.mixin.client.json could not be read. If this is a development environment you can ignore this message
[12Apr2026 16:31:09.635] [main/WARN] [mixin/]: Reference map 'minecolonies_tweaks.mixin.refmap.json' for minecolonies_tweaks.mixin.common.json could not be read. If this is a development environment you can ignore this message
[12Apr2026 16:31:09.715] [main/WARN] [mixin/]: Reference map '${refmap_target}refmap.json' for ferritecore.predicates.mixin.json could not be read. If this is a development environment you can ignore this message
[12Apr2026 16:31:09.716] [main/WARN] [mixin/]: Reference map '${refmap_target}refmap.json' for ferritecore.fastmap.mixin.json could not be read. If this is a development environment you can ignore this message
[12Apr2026 16:31:09.717] [main/WARN] [mixin/]: Reference map '${refmap_target}refmap.json' for ferritecore.mrl.mixin.json could not be read. If this is a development environment you can ignore this message
[12Apr2026 16:31:09.718] [main/WARN] [mixin/]: Reference map '${refmap_target}refmap.json' for ferritecore.dedupmultipart.mixin.json could not be read. If this is a development environment you can ignore this message
[12Apr2026 16:31:09.719] [main/WARN] [mixin/]: Reference map '${refmap_target}refmap.json' for ferritecore.blockstatecache.mixin.json could not be read. If this is a development environment you can ignore this message
[12Apr2026 16:31:09.720] [main/WARN] [mixin/]: Reference map '${refmap_target}refmap.json' for ferritecore.dedupbakedquad.mixin.json could not be read. If this is a development environment you can ignore this message
[12Apr2026 16:31:09.721] [main/WARN] [mixin/]: Reference map '${refmap_target}refmap.json' for ferritecore.threaddetec.mixin.json could not be read. If this is a development environment you can ignore this message
[12Apr2026 16:31:09.722] [main/WARN] [mixin/]: Reference map '${refmap_target}refmap.json' for ferritecore.modelsides.mixin.json could not be read. If this is a development environment you can ignore this message
[12Apr2026 16:31:09.723] [main/WARN] [mixin/]: Reference map '${refmap_target}refmap.json' for ferritecore.datacomponents.mixin.json could not be read. If this is a development environment you can ignore this message
[12Apr2026 16:31:09.723] [main/WARN] [mixin/]: Reference map '${refmap_target}refmap.json' for ferritecore.accessors.mixin.json could not be read. If this is a development environment you can ignore this message
[12Apr2026 16:31:09.724] [main/WARN] [mixin/]: Reference map 'better_lib.refmap.json' for better_lib.mixins.json could not be read. If this is a development environment you can ignore this message
[12Apr2026 16:31:09.726] [main/WARN] [mixin/]: Reference map 'lodestone.refmap.json' for lodestone.mixins.json could not be read. If this is a development environment you can ignore this message
[12Apr2026 16:31:09.727] [main/WARN] [mixin/]: Reference map 'create_better_motors.refmap.json' for create_better_motors.mixins.json could not be read. If this is a development environment you can ignore this message
[12Apr2026 16:31:09.728] [main/WARN] [mixin/]: Reference map 'quark.mixins.refmap.json' for quark_integrations.mixins.json could not be read. If this is a development environment you can ignore this message
[12Apr2026 16:31:10.257] [main/WARN] [mixin/]: Error loading class: earth/terrarium/handcrafted/common/blocks/CounterBlock (java.lang.ClassNotFoundException: earth.terrarium.handcrafted.common.blocks.CounterBlock)
[12Apr2026 16:31:10.316] [main/WARN] [mixin/]: Error loading class: net/fxnt/fxntstorage/passer/PasserEntity (java.lang.ClassNotFoundException: net.fxnt.fxntstorage.passer.PasserEntity)
[12Apr2026 16:31:10.630] [main/WARN] [mixin/]: Error loading class: com/refinedmods/refinedstorage/block/shape/ShapeCache (java.lang.ClassNotFoundException: com.refinedmods.refinedstorage.block.shape.ShapeCache)
[12Apr2026 16:31:12.418] [main/WARN] [mixin/]: Error loading class: com/copycatsplus/copycats/content/copycat/slab/CopycatSlabBlock (java.lang.ClassNotFoundException: com.copycatsplus.copycats.content.copycat.slab.CopycatSlabBlock)
[12Apr2026 16:31:12.418] [main/WARN] [mixin/]: @Mixin target com.copycatsplus.copycats.content.copycat.slab.CopycatSlabBlock was not found create_connected.mixins.json:compat.CopycatBlockMixin from mod create_connected
[12Apr2026 16:31:12.424] [main/WARN] [mixin/]: Error loading class: com/copycatsplus/copycats/content/copycat/board/CopycatBoardBlock (java.lang.ClassNotFoundException: com.copycatsplus.copycats.content.copycat.board.CopycatBoardBlock)
[12Apr2026 16:31:12.425] [main/WARN] [mixin/]: @Mixin target com.copycatsplus.copycats.content.copycat.board.CopycatBoardBlock was not found create_connected.mixins.json:compat.CopycatBlockMixin from mod create_connected
[12Apr2026 16:31:12.528] [main/WARN] [mixin/]: Error loading class: me/jellysquid/mods/lithium/common/ai/pathing/PathNodeDefaults (java.lang.ClassNotFoundException: me.jellysquid.mods.lithium.common.ai.pathing.PathNodeDefaults)
[12Apr2026 16:31:12.955] [main/WARN] [mixin/]: Error loading class: toughasnails/item/EmptyCanteenItem (java.lang.ClassNotFoundException: toughasnails.item.EmptyCanteenItem)
[12Apr2026 16:31:12.955] [main/WARN] [mixin/]: @Mixin target toughasnails.item.EmptyCanteenItem was not found thirst.mixins.json:toughasnails.MixinEmptyCanteenItem from mod thirst
[12Apr2026 16:31:12.956] [main/WARN] [mixin/]: Error loading class: toughasnails/config/ThirstConfig (java.lang.ClassNotFoundException: toughasnails.config.ThirstConfig)
[12Apr2026 16:31:12.956] [main/WARN] [mixin/]: @Mixin target toughasnails.config.ThirstConfig was not found thirst.mixins.json:toughasnails.MixinServerConfig from mod thirst
[12Apr2026 16:31:12.957] [main/WARN] [mixin/]: Error loading class: toughasnails/thirst/ThirstHandler (java.lang.ClassNotFoundException: toughasnails.thirst.ThirstHandler)
[12Apr2026 16:31:12.957] [main/WARN] [mixin/]: @Mixin target toughasnails.thirst.ThirstHandler was not found thirst.mixins.json:toughasnails.MixinThirstHandler from mod thirst
[12Apr2026 16:31:12.958] [main/WARN] [mixin/]: Error loading class: toughasnails/thirst/ThirstHelperImpl (java.lang.ClassNotFoundException: toughasnails.thirst.ThirstHelperImpl)
[12Apr2026 16:31:12.958] [main/WARN] [mixin/]: @Mixin target toughasnails.thirst.ThirstHelperImpl was not found thirst.mixins.json:toughasnails.MixinThirstHelperImpl from mod thirst
[12Apr2026 16:31:13.718] [main/WARN] [mixin/]: Error loading class: xfacthd/framedblocks/common/blockentity/doubled/slab/FramedAdjustableDoubleBlockEntity (java.lang.ClassNotFoundException: xfacthd.framedblocks.common.blockentity.doubled.slab.FramedAdjustableDoubleBlockEntity)
[12Apr2026 16:31:13.718] [main/WARN] [mixin/]: @Mixin target xfacthd.framedblocks.common.blockentity.doubled.slab.FramedAdjustableDoubleBlockEntity was not found createbigcannons.mixins.json:compat.framedblocks.FramedAdjustableDoubleBlockEntityAccessor from mod createbigcannons
[12Apr2026 16:31:14.006] [main/WARN] [mixin/]: Error loading class: noobanidus/mods/lootr/common/impl/LootrServiceRegistry (java.lang.ClassNotFoundException: noobanidus.mods.lootr.common.impl.LootrServiceRegistry)
[12Apr2026 16:31:14.006] [main/WARN] [mixin/]: @Mixin target noobanidus.mods.lootr.common.impl.LootrServiceRegistry was not found quark_integrations.mixins.json:lootr.LootrServiceRegistryMixin from mod (unknown)
[12Apr2026 16:31:14.177] [main/WARN] [mixin/]: Error loading class: org/jetbrains/annotations/ApiStatus$ScheduledForRemoval (java.lang.ClassNotFoundException: org.jetbrains.annotations.ApiStatus$ScheduledForRemoval)
[12Apr2026 16:31:14.246] [main/INFO] [MixinExtras|Service/]: Initializing MixinExtras via com.llamalad7.mixinextras.service.MixinExtrasServiceImpl(version=0.5.3).
[12Apr2026 16:31:14.573] [main/INFO] [net.minecraft.server.Bootstrap/]: ModernFix reached bootstrap stage (11.77 s after launch)
[12Apr2026 16:31:16.053] [main/WARN] [mixin/]: Static binding violation: PRIVATE @Overwrite method getTemperature in modernfix-modernfix.mixins.json:perf.remove_biome_temperature_cache.BiomeMixin from mod modernfix cannot reduce visibiliy of PUBLIC target method, visibility will be upgraded.
[12Apr2026 16:31:18.505] [main/INFO] [net.minecraft.server.Bootstrap/]: Vanilla bootstrap took 3930 milliseconds
[12Apr2026 16:31:18.663] [modloading-worker-0/INFO] [Create Deco/]: Registering items for Create Deco
[12Apr2026 16:31:18.702] [modloading-worker-0/INFO] [Create Deco/]: Registering blocks for Create Deco
[12Apr2026 16:31:18.717] [modloading-worker-0/INFO] [Create Deco/]: Populating connected texture maps...
[12Apr2026 16:31:18.742] [modloading-worker-0/INFO] [net.neoforged.neoforge.common.NeoForgeMod/NEOFORGE-MOD]: NeoForge mod loading, version 21.1.226, for MC 1.21.1
[12Apr2026 16:31:19.314] [modloading-worker-0/INFO] [Create: Numismatics/]: Create: Numismatics 1.0.19+neoforge-mc1.21.1 initializing! Create version: 6.0.9 on platform: NEOFORGE
[12Apr2026 16:31:19.315] [modloading-worker-0/INFO] [Create: Numismatics/]: Registering creative tabs for Create: Numismatics
[12Apr2026 16:31:19.327] [modloading-worker-0/INFO] [Create: Numismatics/]: Registering items for Create: Numismatics
[12Apr2026 16:31:19.409] [modloading-worker-0/INFO] [Create: Numismatics/]: Registering block entities for Create: Numismatics
[12Apr2026 16:31:19.409] [modloading-worker-0/INFO] [Create: Numismatics/]: Registering blocks for Create: Numismatics
[12Apr2026 16:31:19.410] [modloading-worker-0/INFO] [biolith/]: Biolith for NeoForge is initializing...
[12Apr2026 16:31:19.412] [modloading-worker-0/INFO] [biolith/]: Enabling Biolith's TerraBlender compatibility layer.
[12Apr2026 16:31:19.416] [modloading-worker-0/INFO] [Create: Numismatics/]: Registering menu types for Create: Numismatics
[12Apr2026 16:31:19.417] [modloading-worker-0/INFO] [Create: Numismatics/]: Registering block tags for Create: Numismatics
[12Apr2026 16:31:19.417] [modloading-worker-0/INFO] [Create: Numismatics/]: Registering item tags for Create: Numismatics
[12Apr2026 16:31:19.418] [modloading-worker-0/INFO] [Create: Numismatics/]: Registering data components for Create: Numismatics
[12Apr2026 16:31:19.609] [modloading-worker-0/INFO] [Moonlight/]: Sending changed configs to client
[12Apr2026 16:31:21.849] [modloading-worker-0/INFO] [Create: Trading Floor/]: Registering all Create: Trading Floor entries
[12Apr2026 16:31:21.850] [modloading-worker-0/INFO] [Create: Trading Floor/]: Registering Particle Emitters for: Create: Trading Floor
[12Apr2026 16:31:21.850] [modloading-worker-0/INFO] [Create: Trading Floor/]: Registering Particle Emitters for: Create: Trading Floor
[12Apr2026 16:31:21.852] [modloading-worker-0/INFO] [Create: Trading Floor/]: Finished Initialisation For Mod: trading_floor
[12Apr2026 16:31:22.139] [modloading-worker-0/INFO] [dev.ftb.mods.ftbultimine.FTBUltimine/]: FTB Ranks detected, listening for ranks events
[12Apr2026 16:31:22.342] [modloading-worker-0/INFO] [DragonLib Networking System/]: Registering C2S network packet of type SEND_AND_RECEIVE with id 'get_station_tag' in 'createrailwaysnavigator:network'.
[12Apr2026 16:31:22.344] [modloading-worker-0/INFO] [DragonLib Networking System/]: Registering C2S network packet of type SEND_AND_RECEIVE with id 'get_station_tag_by_tag' in 'createrailwaysnavigator:network'.
[12Apr2026 16:31:22.347] [modloading-worker-0/INFO] [DragonLib Networking System/]: Registering C2S network packet of type SEND_AND_RECEIVE with id 'create_station_tag' in 'createrailwaysnavigator:network'.
[12Apr2026 16:31:22.350] [modloading-worker-0/INFO] [DragonLib Networking System/]: Registering C2S network packet of type SEND_AND_RECEIVE with id 'update_station_tag_permissions' in 'createrailwaysnavigator:network'.
[12Apr2026 16:31:22.352] [modloading-worker-0/INFO] [DragonLib Networking System/]: Registering C2S network packet of type SEND_AND_RECEIVE with id 'add_station_tag_entry' in 'createrailwaysnavigator:network'.
[12Apr2026 16:31:22.354] [modloading-worker-0/INFO] [DragonLib Networking System/]: Registering C2S network packet of type SEND_AND_RECEIVE with id 'update_station_tag_entry' in 'createrailwaysnavigator:network'.
[12Apr2026 16:31:22.356] [modloading-worker-0/INFO] [DragonLib Networking System/]: Registering C2S network packet of type SEND_AND_RECEIVE with id 'remove_station_tag_entry' in 'createrailwaysnavigator:network'.
[12Apr2026 16:31:22.359] [modloading-worker-0/INFO] [DragonLib Networking System/]: Registering C2S network packet of type SEND_AND_RECEIVE with id 'get_all_stations_as_station_tags' in 'createrailwaysnavigator:network'.
[12Apr2026 16:31:22.360] [modloading-worker-0/INFO] [DragonLib Networking System/]: Registering C2S network packet of type SEND_AND_RECEIVE with id 'get_train_category' in 'createrailwaysnavigator:network'.
[12Apr2026 16:31:22.363] [modloading-worker-0/INFO] [DragonLib Networking System/]: Registering C2S network packet of type SEND_AND_RECEIVE with id 'update_train_category_name' in 'createrailwaysnavigator:network'.
[12Apr2026 16:31:22.450] [modloading-worker-0/INFO] [DragonLib Networking System/]: Registering C2S network packet of type SEND_AND_RECEIVE with id 'create_train_category' in 'createrailwaysnavigator:network'.
[12Apr2026 16:31:22.453] [modloading-worker-0/INFO] [DragonLib Networking System/]: Registering C2S network packet of type SEND_AND_RECEIVE with id 'update_train_category_permissions' in 'createrailwaysnavigator:network'.
[12Apr2026 16:31:22.455] [modloading-worker-0/INFO] [DragonLib Networking System/]: Registering C2S network packet of type SEND_AND_RECEIVE with id 'add_station_to_blacklist' in 'createrailwaysnavigator:network'.
[12Apr2026 16:31:22.458] [modloading-worker-0/INFO] [DragonLib Networking System/]: Registering C2S network packet of type SEND_AND_RECEIVE with id 'remove_station_from_blacklist' in 'createrailwaysnavigator:network'.
[12Apr2026 16:31:22.460] [modloading-worker-0/INFO] [DragonLib Networking System/]: Registering C2S network packet of type SEND_AND_RECEIVE with id 'add_train_to_blacklist' in 'createrailwaysnavigator:network'.
[12Apr2026 16:31:22.463] [modloading-worker-0/INFO] [DragonLib Networking System/]: Registering C2S network packet of type SEND_AND_RECEIVE with id 'remove_train_from_blacklist' in 'createrailwaysnavigator:network'.
[12Apr2026 16:31:22.466] [modloading-worker-0/INFO] [DragonLib Networking System/]: Registering C2S network packet of type SEND_AND_RECEIVE with id 'update_realtime' in 'createrailwaysnavigator:network'.
[12Apr2026 16:31:22.468] [modloading-worker-0/INFO] [DragonLib Networking System/]: Registering C2S network packet of type SEND_AND_RECEIVE with id 'get_user_settings' in 'createrailwaysnavigator:network'.
[12Apr2026 16:31:22.471] [modloading-worker-0/INFO] [DragonLib Networking System/]: Registering C2S network packet of type SEND_AND_RECEIVE with id 'get_nearest_station' in 'createrailwaysnavigator:network'.
[12Apr2026 16:31:22.473] [modloading-worker-0/INFO] [DragonLib Networking System/]: Registering C2S network packet of type SEND_AND_RECEIVE with id 'get_train_display_data' in 'createrailwaysnavigator:network'.
[12Apr2026 16:31:22.476] [modloading-worker-0/INFO] [DragonLib Networking System/]: Registering C2S network packet of type SEND_AND_RECEIVE with id 'get_next_connections_display_data' in 'createrailwaysnavigator:network'.
[12Apr2026 16:31:22.478] [modloading-worker-0/INFO] [DragonLib Networking System/]: Registering C2S network packet of type SEND_AND_RECEIVE with id 'get_train_line' in 'createrailwaysnavigator:network'.
[12Apr2026 16:31:22.504] [modloading-worker-0/INFO] [DragonLib Networking System/]: Registering C2S network packet of type SEND_AND_RECEIVE with id 'update_train_line_name' in 'createrailwaysnavigator:network'.
[12Apr2026 16:31:22.506] [modloading-worker-0/INFO] [DragonLib Networking System/]: Registering C2S network packet of type SEND_AND_RECEIVE with id 'create_train_line' in 'createrailwaysnavigator:network'.
[12Apr2026 16:31:22.509] [modloading-worker-0/INFO] [DragonLib Networking System/]: Registering C2S network packet of type SEND_AND_RECEIVE with id 'update_train_line_permissions' in 'createrailwaysnavigator:network'.
[12Apr2026 16:31:22.511] [modloading-worker-0/INFO] [DragonLib Networking System/]: Registering C2S network packet of type SEND_AND_RECEIVE with id 'navigate' in 'createrailwaysnavigator:network'.
[12Apr2026 16:31:22.515] [modloading-worker-0/INFO] [DragonLib Networking System/]: Registering C2S network packet of type SEND_AND_RECEIVE with id 'get_departure_and_arrival_routes_at' in 'createrailwaysnavigator:network'.
[12Apr2026 16:31:22.518] [modloading-worker-0/INFO] [DragonLib Networking System/]: Registering C2S network packet of type SEND_AND_RECEIVE with id 'get_departures_at' in 'createrailwaysnavigator:network'.
[12Apr2026 16:31:22.520] [modloading-worker-0/INFO] [DragonLib Networking System/]: Registering C2S network packet of type SEND_AND_RECEIVE with id 'get_station_departure_history' in 'createrailwaysnavigator:network'.
[12Apr2026 16:31:22.522] [modloading-worker-0/INFO] [DragonLib Networking System/]: Registering C2S network packet of type SEND_AND_RECEIVE with id 'register_station_tag' in 'createrailwaysnavigator:network'.
[12Apr2026 16:31:22.523] [modloading-worker-0/INFO] [DragonLib Networking System/]: Registering C2S network packet of type SEND_AND_RECEIVE with id 'delete_station_tag' in 'createrailwaysnavigator:network'.
[12Apr2026 16:31:22.524] [modloading-worker-0/INFO] [DragonLib Networking System/]: Registering C2S network packet of type SEND_AND_RECEIVE with id 'update_station_tag_name' in 'createrailwaysnavigator:network'.
[12Apr2026 16:31:22.526] [modloading-worker-0/INFO] [DragonLib Networking System/]: Registering C2S network packet of type SEND_AND_RECEIVE with id 'delete_train_category' in 'createrailwaysnavigator:network'.
[12Apr2026 16:31:22.527] [modloading-worker-0/INFO] [DragonLib Networking System/]: Registering C2S network packet of type SEND_AND_RECEIVE with id 'update_train_category_color' in 'createrailwaysnavigator:network'.
[12Apr2026 16:31:22.529] [modloading-worker-0/INFO] [DragonLib Networking System/]: Registering C2S network packet of type SEND_AND_RECEIVE with id 'delete_train_line' in 'createrailwaysnavigator:network'.
[12Apr2026 16:31:22.530] [modloading-worker-0/INFO] [DragonLib Networking System/]: Registering C2S network packet of type SEND_AND_RECEIVE with id 'update_train_line_color' in 'createrailwaysnavigator:network'.
[12Apr2026 16:31:22.532] [modloading-worker-0/INFO] [DragonLib Networking System/]: Registering C2S network packet of type SEND_AND_RECEIVE with id 'save_user_settings' in 'createrailwaysnavigator:network'.
[12Apr2026 16:31:22.534] [modloading-worker-0/INFO] [DragonLib Networking System/]: Registering C2S network packet of type SEND with id 'train_soft_reset' in 'createrailwaysnavigator:network'.
[12Apr2026 16:31:22.535] [modloading-worker-0/INFO] [DragonLib Networking System/]: Registering C2S network packet of type SEND with id 'train_hard_reset' in 'createrailwaysnavigator:network'.
[12Apr2026 16:31:22.540] [modloading-worker-0/INFO] [DragonLib Networking System/]: Registering C2S network packet of type SEND with id 'advanced_display_update_packet' in 'createrailwaysnavigator:network'.
[12Apr2026 16:31:22.541] [modloading-worker-0/INFO] [DragonLib Networking System/]: Registering C2S network packet of type SEND with id 'teleport_player' in 'createrailwaysnavigator:network'.
[12Apr2026 16:31:22.543] [modloading-worker-0/INFO] [DragonLib Networking System/]: Registering C2S network packet of type RECEIVE with id 'get_all_station_tags' in 'createrailwaysnavigator:network'.
[12Apr2026 16:31:22.545] [modloading-worker-0/INFO] [DragonLib Networking System/]: Registering C2S network packet of type RECEIVE with id 'get_all_train_categories' in 'createrailwaysnavigator:network'.
[12Apr2026 16:31:22.546] [modloading-worker-0/INFO] [DragonLib Networking System/]: Registering C2S network packet of type RECEIVE with id 'get_all_train_lines' in 'createrailwaysnavigator:network'.
[12Apr2026 16:31:22.547] [modloading-worker-0/INFO] [DragonLib Networking System/]: Registering C2S network packet of type RECEIVE with id 'get_all_blacklisted_stations' in 'createrailwaysnavigator:network'.
[12Apr2026 16:31:22.548] [modloading-worker-0/INFO] [DragonLib Networking System/]: Registering C2S network packet of type RECEIVE with id 'get_all_blacklisted_trains' in 'createrailwaysnavigator:network'.
[12Apr2026 16:31:22.550] [modloading-worker-0/INFO] [DragonLib Networking System/]: Registering C2S network packet of type RECEIVE with id 'get_all_train_names' in 'createrailwaysnavigator:network'.
[12Apr2026 16:31:22.551] [modloading-worker-0/INFO] [DragonLib Networking System/]: Registering C2S network packet of type RECEIVE with id 'get_all_station_names' in 'createrailwaysnavigator:network'.
[12Apr2026 16:31:22.552] [modloading-worker-0/INFO] [DragonLib Networking System/]: Registering C2S network packet of type RECEIVE with id 'all_trains_initialized' in 'createrailwaysnavigator:network'.
[12Apr2026 16:31:22.553] [modloading-worker-0/INFO] [DragonLib Networking System/]: Registering C2S network packet of type RECEIVE with id 'get_all_trains_debug_data' in 'createrailwaysnavigator:network'.
[12Apr2026 16:31:22.554] [modloading-worker-0/INFO] [DragonLib Networking System/]: Registering C2S network packet of type RECEIVE with id 'get_online_players' in 'createrailwaysnavigator:network'.
[12Apr2026 16:31:22.555] [modloading-worker-0/INFO] [DragonLib Networking System/]: Registering S2C network packet of type SEND with id 'show_train_debug_screen' in 'createrailwaysnavigator:network'.
[12Apr2026 16:31:22.556] [modloading-worker-0/INFO] [DragonLib Networking System/]: Registering S2C network packet of type SEND with id 'server_error' in 'createrailwaysnavigator:network'.
[12Apr2026 16:31:22.713] [modloading-worker-0/INFO] [DragonLib Networking System/]: Registering C2S network packet of type SEND with id 'update_writable_sign' in 'dragonlib:network'.
[12Apr2026 16:31:22.723] [modloading-worker-0/INFO] [DragonLib Networking System/]: Registering C2S network packet of type SEND with id 'string_message' in 'dragonlib:network_test'.
[12Apr2026 16:31:22.725] [modloading-worker-0/INFO] [DragonLib Networking System/]: Registering C2S network packet of type SEND_AND_RECEIVE with id 'test_msg' in 'dragonlib:network_test'.
[12Apr2026 16:31:22.726] [modloading-worker-0/INFO] [DragonLib/]: Starting the setup of DragonLib...
[12Apr2026 16:31:22.739] [Wyvern/INFO] [DragonLib/]:                              +++ 🐉 +++                             
[12Apr2026 16:31:22.742] [Wyvern/INFO] [DragonLib/]: ---------------------------------------------------------------------
[12Apr2026 16:31:22.743] [Wyvern/INFO] [DragonLib/]:           Loaded DragonLib v1.21.1-beta-3.0.24 by MrJulsen!          
[12Apr2026 16:31:22.744] [Wyvern/INFO] [DragonLib/]:                   Minecraft NeoForge Server 1.21.1                  
[12Apr2026 16:31:22.745] [Wyvern/INFO] [DragonLib/]: 
[12Apr2026 16:31:22.745] [Wyvern/INFO] [DragonLib/]:                 Discord: https://discord.mrjulsen.net                
[12Apr2026 16:31:22.746] [Wyvern/INFO] [DragonLib/]:                        Documentation: unknown                       
[12Apr2026 16:31:22.747] [Wyvern/INFO] [DragonLib/]:   Bug Reports: https://github.com/MisterJulsen/MC-DragonLib2/issues  
[12Apr2026 16:31:22.748] [Wyvern/INFO] [DragonLib/]: ---------------------------------------------------------------------
[12Apr2026 16:31:22.748] [Wyvern/INFO] [DragonLib/]:                              +++ 🐉 +++                             
[12Apr2026 16:31:23.127] [modloading-worker-0/INFO] [Towns and Towers/]: Loading T&T
[12Apr2026 16:31:23.142] [modloading-worker-0/INFO] [Animal Feeding Trough/]: [Animal Feeding Trough] Load Complete! Enjoy :D
[12Apr2026 16:31:24.052] [modloading-worker-0/INFO] [azurelib/FileWatching]: Registered azurelib config for auto-sync function
[12Apr2026 16:31:25.559] [modloading-worker-0/INFO] [Moonlight/]: Sending changed configs to client
[12Apr2026 16:31:26.236] [modloading-worker-0/INFO] [STDOUT/]: [yalter.mousetweaks.Logger:Log:6]: [Mouse Tweaks] Disabled because not running on the client.
[12Apr2026 16:31:27.415] [modloading-worker-0/INFO] [com.simibubi.create.Create/]: Create 6.0.9 initializing! Commit hash: e2de2b9a02406ec33ff6d8851ed6f0b56240b6ec
[12Apr2026 16:31:28.337] [modloading-worker-0/WARN] [minecolonies/]: |======================================================================================================================================|
[12Apr2026 16:31:28.338] [modloading-worker-0/WARN] [minecolonies/]: |                                                                                                                                      |
[12Apr2026 16:31:28.338] [modloading-worker-0/WARN] [minecolonies/]: | Minecolonies has detected an addon mod that alters Minecolonies core code recklessly: 'Tweaks/Compatibility addon for Minecolonies'. |
[12Apr2026 16:31:28.340] [modloading-worker-0/WARN] [minecolonies/]: |          Please report any bugs or issues you find directly to the authors of this addon, as the Official Minecolonies Team          |
[12Apr2026 16:31:28.340] [modloading-worker-0/WARN] [minecolonies/]: |               will not be able to provide you any support with potential issues that will arise when using this addon.               |
[12Apr2026 16:31:28.341] [modloading-worker-0/WARN] [minecolonies/]: |                                                                                                                                      |
[12Apr2026 16:31:28.341] [modloading-worker-0/WARN] [minecolonies/]: |======================================================================================================================================|
[12Apr2026 16:31:28.523] [modloading-worker-0/INFO] [thedarkcolour.kotlinforforge.neoforge.test.KotlinForForge/]: Kotlin For Forge Enabled!
[12Apr2026 16:31:28.539] [modloading-worker-0/INFO] [fr.samlegamer.mcwquark.McwQuark/]: Macaw's Quark Loading...
[12Apr2026 16:31:28.605] [modloading-worker-0/INFO] [fr.samlegamer.mcwquark.McwQuark/]: Macaw's Quark Is Charged !
[12Apr2026 16:31:28.636] [modloading-worker-0/INFO] [zeta/]: Doing super early config setup for zeta
[12Apr2026 16:31:28.851] [modloading-worker-0/INFO] [dev.tonimatas.mekanismcurios.MekanismCurios/]: Mekanism Curios initialized successfully.
[12Apr2026 16:31:29.154] [modloading-worker-0/INFO] [quark-zeta/]: Discovered 162 modules to load.
[12Apr2026 16:31:29.155] [modloading-worker-0/INFO] [quark-zeta/]: Constructing module Abacus...
[12Apr2026 16:31:29.205] [modloading-worker-0/INFO] [quark-zeta/]: Constructing module Adjustable Chat...
[12Apr2026 16:31:29.206] [modloading-worker-0/INFO] [quark-zeta/]: Constructing module Ambient Discs...
[12Apr2026 16:31:29.207] [modloading-worker-0/INFO] [quark-zeta/]: Constructing module Ancient Tomes...
[12Apr2026 16:31:29.217] [modloading-worker-0/INFO] [quark-zeta/]: Constructing module Ancient Wood...
[12Apr2026 16:31:29.223] [modloading-worker-0/INFO] [quark-zeta/]: Constructing module Armed Armor Stands...
[12Apr2026 16:31:29.224] [modloading-worker-0/INFO] [quark-zeta/]: Constructing module Auto Walk Keybind...
[12Apr2026 16:31:29.224] [modloading-worker-0/INFO] [quark-zeta/]: Constructing module Automatic Recipe Unlock...
[12Apr2026 16:31:29.226] [modloading-worker-0/INFO] [quark-zeta/]: Constructing module Automatic Tool Restock...
[12Apr2026 16:31:29.231] [modloading-worker-0/INFO] [quark-zeta/]: Constructing module Azalea Wood...
[12Apr2026 16:31:29.232] [modloading-worker-0/INFO] [quark-zeta/]: Constructing module Back Button Keybind...
[12Apr2026 16:31:29.233] [modloading-worker-0/INFO] [quark-zeta/]: Constructing module Backpack...
[12Apr2026 16:31:29.238] [modloading-worker-0/INFO] [quark-zeta/]: Constructing module Beacon Redirection...
[12Apr2026 16:31:29.239] [modloading-worker-0/INFO] [quark-zeta/]: Constructing module Better Elytra Rocket...
[12Apr2026 16:31:29.240] [modloading-worker-0/INFO] [quark-zeta/]: Constructing module Big Stone Clusters...
[12Apr2026 16:31:29.249] [modloading-worker-0/INFO] [quark-zeta/]: Constructing module Blossom Trees...
[12Apr2026 16:31:29.253] [modloading-worker-0/INFO] [quark-zeta/]: Constructing module Bottled Cloud...
[12Apr2026 16:31:29.258] [modloading-worker-0/INFO] [quark-zeta/]: Constructing module Buckets Show Inhabitants...
[12Apr2026 16:31:29.302] [modloading-worker-0/INFO] [quark-zeta/]: Constructing module Camera...
[12Apr2026 16:31:29.308] [modloading-worker-0/INFO] [quark-zeta/]: Constructing module Campfires Boost Elytra...
[12Apr2026 16:31:29.309] [modloading-worker-0/INFO] [quark-zeta/]: Constructing module Celebratory Lamps...
[12Apr2026 16:31:29.311] [modloading-worker-0/INFO] [quark-zeta/]: Constructing module Chains Connect Blocks...
[12Apr2026 16:31:29.312] [modloading-worker-0/INFO] [quark-zeta/]: Constructing module Cherry Grove Water Petals...
[12Apr2026 16:31:29.316] [modloading-worker-0/INFO] [quark-zeta/]: Constructing module Chest Searching...
[12Apr2026 16:31:29.317] [modloading-worker-0/INFO] [quark-zeta/]: Constructing module Chorus Vegetation...
[12Apr2026 16:31:29.325] [modloading-worker-0/INFO] [quark-zeta/]: Constructing module Chute...
[12Apr2026 16:31:29.329] [modloading-worker-0/INFO] [quark-zeta/]: Constructing module Climate Control Remover...
[12Apr2026 16:31:29.330] [modloading-worker-0/INFO] [quark-zeta/]: Constructing module Color Runes...
[12Apr2026 16:31:29.337] [modloading-worker-0/INFO] [quark-zeta/]: Constructing module Compasses Work Everywhere...
[12Apr2026 16:31:29.339] [modloading-worker-0/INFO] [quark-zeta/]: Constructing module Compressed Blocks...
[12Apr2026 16:31:29.343] [modloading-worker-0/INFO] [quark-zeta/]: Constructing module Coral On Cactus...
[12Apr2026 16:31:29.344] [modloading-worker-0/INFO] [quark-zeta/]: Constructing module Corundum...
[12Apr2026 16:31:29.442] [modloading-worker-0/INFO] [quark-zeta/]: Constructing module Crabs...
[12Apr2026 16:31:29.444] [modloading-worker-0/INFO] [quark-zeta/]: Constructing module Crate...
[12Apr2026 16:31:29.448] [modloading-worker-0/INFO] [quark-zeta/]: Constructing module Diamond Repair...
[12Apr2026 16:31:29.450] [modloading-worker-0/INFO] [quark-zeta/]: Constructing module Dispensers Place Blocks...
[12Apr2026 16:31:29.452] [modloading-worker-0/INFO] [quark-zeta/]: Constructing module Double Door Opening...
[12Apr2026 16:31:29.454] [modloading-worker-0/INFO] [quark-zeta/]: Constructing module Dragon Scales...
[12Apr2026 16:31:29.455] [modloading-worker-0/INFO] [quark-zeta/]: Constructing module Duskbound Blocks...
[12Apr2026 16:31:29.457] [modloading-worker-0/INFO] [quark-zeta/]: Constructing module Dyeable Item Frames...
[12Apr2026 16:31:29.543] [modloading-worker-0/INFO] [quark-zeta/]: Constructing module Easy Transferring...
[12Apr2026 16:31:29.545] [modloading-worker-0/INFO] [quark-zeta/]: Constructing module Elytra Indicator...
[12Apr2026 16:31:29.546] [modloading-worker-0/INFO] [quark-zeta/]: Constructing module Emotes...
[12Apr2026 16:31:29.547] [modloading-worker-0/INFO] [quark-zeta/]: Constructing module Ender Watcher...
[12Apr2026 16:31:29.551] [modloading-worker-0/INFO] [quark-zeta/]: Constructing module Endermosh Music Disc...
[12Apr2026 16:31:29.553] [modloading-worker-0/INFO] [quark-zeta/]: Constructing module Enhanced Ladders...
[12Apr2026 16:31:29.555] [modloading-worker-0/INFO] [quark-zeta/]: Constructing module Expanded Item Interactions...
[12Apr2026 16:31:29.558] [modloading-worker-0/INFO] [quark-zeta/]: Constructing module Fairy Rings...
[12Apr2026 16:31:29.563] [modloading-worker-0/INFO] [quark-zeta/]: Constructing module Fallen Logs...
[12Apr2026 16:31:29.567] [modloading-worker-0/INFO] [quark-zeta/]: Constructing module Feeding Trough...
[12Apr2026 16:31:29.574] [modloading-worker-0/INFO] [quark-zeta/]: Constructing module Forgotten...
[12Apr2026 16:31:29.584] [modloading-worker-0/INFO] [quark-zeta/]: Constructing module Foxhound...
[12Apr2026 16:31:29.602] [modloading-worker-0/INFO] [quark-zeta/]: Constructing module Framed Glass...
[12Apr2026 16:31:29.607] [modloading-worker-0/INFO] [quark-zeta/]: Constructing module Game Nerfs...
[12Apr2026 16:31:29.609] [modloading-worker-0/INFO] [quark-zeta/]: Constructing module Glass Item Frame...
[12Apr2026 16:31:29.624] [modloading-worker-0/INFO] [quark-zeta/]: Constructing module Glass Shard...
[12Apr2026 16:31:29.627] [modloading-worker-0/INFO] [quark-zeta/]: Constructing module Glimmering Weald...
[12Apr2026 16:31:29.638] [modloading-worker-0/INFO] [quark-zeta/]: Constructing module Gold Bars...
[12Apr2026 16:31:29.640] [modloading-worker-0/INFO] [quark-zeta/]: Constructing module Gold Tools Have Fortune...
[12Apr2026 16:31:29.642] [modloading-worker-0/INFO] [quark-zeta/]: Constructing module Grab Chickens...
[12Apr2026 16:31:29.643] [modloading-worker-0/INFO] [quark-zeta/]: Constructing module Grate...
[12Apr2026 16:31:29.648] [modloading-worker-0/INFO] [quark-zeta/]: Constructing module Gravisand...
[12Apr2026 16:31:29.651] [modloading-worker-0/INFO] [quark-zeta/]: Constructing module Greener Grass...
[12Apr2026 16:31:29.656] [modloading-worker-0/INFO] [quark-zeta/]: Constructing module Hedges...
[12Apr2026 16:31:29.659] [modloading-worker-0/INFO] [quark-zeta/]: Constructing module Hoe Harvesting...
[12Apr2026 16:31:29.660] [modloading-worker-0/INFO] [quark-zeta/]: Constructing module Hollow Logs...
[12Apr2026 16:31:29.662] [modloading-worker-0/INFO] [quark-zeta/]: Constructing module Horses Swim...
[12Apr2026 16:31:29.662] [modloading-worker-0/INFO] [quark-zeta/]: Constructing module Hotbar Changer...
[12Apr2026 16:31:29.663] [modloading-worker-0/INFO] [quark-zeta/]: Constructing module Improved Sponges...
[12Apr2026 16:31:29.664] [modloading-worker-0/INFO] [quark-zeta/]: Constructing module Improved Tooltips...
[12Apr2026 16:31:29.665] [modloading-worker-0/INFO] [quark-zeta/]: Constructing module Industrial Palette...
[12Apr2026 16:31:29.666] [modloading-worker-0/INFO] [quark-zeta/]: Constructing module Inventory Sorting...
[12Apr2026 16:31:29.667] [modloading-worker-0/INFO] [quark-zeta/]: Constructing module Iron Rod...
[12Apr2026 16:31:29.670] [modloading-worker-0/INFO] [quark-zeta/]: Constructing module Item Sharing...
[12Apr2026 16:31:29.670] [modloading-worker-0/INFO] [quark-zeta/]: Constructing module Japanese Palette...
[12Apr2026 16:31:29.671] [modloading-worker-0/INFO] [quark-zeta/]: Constructing module Leaf Carpet...
[12Apr2026 16:31:29.672] [modloading-worker-0/INFO] [quark-zeta/]: Constructing module Lock Rotation...
[12Apr2026 16:31:29.672] [modloading-worker-0/INFO] [quark-zeta/]: Constructing module Long Range Pick Block...
[12Apr2026 16:31:29.673] [modloading-worker-0/INFO] [quark-zeta/]: Constructing module Magma Keeps Concrete Powder...
[12Apr2026 16:31:29.673] [modloading-worker-0/INFO] [quark-zeta/]: Constructing module Magnets...
[12Apr2026 16:31:29.708] [modloading-worker-0/INFO] [quark-zeta/]: Constructing module Map Washing...
[12Apr2026 16:31:29.710] [modloading-worker-0/INFO] [quark-zeta/]: Constructing module Matrix Enchanting...
[12Apr2026 16:31:29.715] [modloading-worker-0/INFO] [quark-zeta/]: Constructing module Metal Buttons...
[12Apr2026 16:31:29.718] [modloading-worker-0/INFO] [quark-zeta/]: Constructing module Microcrafting Helper...
[12Apr2026 16:31:29.719] [modloading-worker-0/INFO] [quark-zeta/]: Constructing module Midori...
[12Apr2026 16:31:29.720] [modloading-worker-0/INFO] [quark-zeta/]: Constructing module Monster Box...
[12Apr2026 16:31:29.722] [modloading-worker-0/INFO] [quark-zeta/]: Constructing module More Banner Layers...
[12Apr2026 16:31:29.723] [modloading-worker-0/INFO] [quark-zeta/]: Constructing module More Brick Types...
[12Apr2026 16:31:29.724] [modloading-worker-0/INFO] [quark-zeta/]: Constructing module More Mud Blocks...
[12Apr2026 16:31:29.726] [modloading-worker-0/INFO] [quark-zeta/]: Constructing module More Note Block Sounds...
[12Apr2026 16:31:29.728] [modloading-worker-0/INFO] [quark-zeta/]: Constructing module More Potted Plants...
[12Apr2026 16:31:29.729] [modloading-worker-0/INFO] [quark-zeta/]: Constructing module More Villagers...
[12Apr2026 16:31:29.731] [modloading-worker-0/INFO] [quark-zeta/]: Constructing module Narrator Readout...
[12Apr2026 16:31:29.732] [modloading-worker-0/INFO] [quark-zeta/]: Constructing module Nether Brick Fence Gate...
[12Apr2026 16:31:29.733] [modloading-worker-0/INFO] [quark-zeta/]: Constructing module Nether Obsidian Spikes...
[12Apr2026 16:31:29.736] [modloading-worker-0/INFO] [quark-zeta/]: Constructing module New Stone Types...
[12Apr2026 16:31:29.742] [modloading-worker-0/INFO] [quark-zeta/]: Constructing module No Durability On Cosmetics...
[12Apr2026 16:31:29.743] [modloading-worker-0/INFO] [quark-zeta/]: Constructing module No More Lava Pockets...
[12Apr2026 16:31:29.744] [modloading-worker-0/INFO] [quark-zeta/]: Constructing module Obsidian Plate...
[12Apr2026 16:31:29.749] [modloading-worker-0/INFO] [quark-zeta/]: Constructing module Overlay Shader...
[12Apr2026 16:31:29.750] [modloading-worker-0/INFO] [quark-zeta/]: Constructing module Parrot Eggs...
[12Apr2026 16:31:29.751] [modloading-worker-0/INFO] [quark-zeta/]: Constructing module Pat The Dogs...
[12Apr2026 16:31:29.756] [modloading-worker-0/INFO] [quark-zeta/]: Constructing module Pathfinder Maps...
[12Apr2026 16:31:29.763] [modloading-worker-0/INFO] [quark-zeta/]: Constructing module Permafrost...
[12Apr2026 16:31:29.765] [modloading-worker-0/INFO] [quark-zeta/]: Constructing module Petals On Water...
[12Apr2026 16:31:29.805] [modloading-worker-0/INFO] [quark-zeta/]: Constructing module Pickarang...
[12Apr2026 16:31:29.810] [modloading-worker-0/INFO] [quark-zeta/]: Constructing module Pig Litters...
[12Apr2026 16:31:29.812] [modloading-worker-0/INFO] [quark-zeta/]: Constructing module Pipes...
[12Apr2026 16:31:29.821] [modloading-worker-0/INFO] [quark-zeta/]: Constructing module Pistons Move Tile Entities...
[12Apr2026 16:31:29.823] [modloading-worker-0/INFO] [quark-zeta/]: Constructing module Poison Potato Usage...
[12Apr2026 16:31:29.825] [modloading-worker-0/INFO] [quark-zeta/]: Constructing module Quick Armor Swapping...
[12Apr2026 16:31:29.826] [modloading-worker-0/INFO] [net.permutated.pylons.Pylons/]: Registering mod: pylons
[12Apr2026 16:31:29.826] [modloading-worker-0/INFO] [quark-zeta/]: Constructing module Rainbow Lamps...
[12Apr2026 16:31:29.827] [modloading-worker-0/INFO] [quark-zeta/]: Constructing module Raw Metal Bricks...
[12Apr2026 16:31:29.828] [modloading-worker-0/INFO] [quark-zeta/]: Constructing module Reacharound Placing...
[12Apr2026 16:31:29.831] [modloading-worker-0/INFO] [quark-zeta/]: Constructing module Redstone Randomizer...
[12Apr2026 16:31:29.836] [modloading-worker-0/INFO] [quark-zeta/]: Constructing module Renewable Spore Blossoms...
[12Apr2026 16:31:29.837] [modloading-worker-0/INFO] [quark-zeta/]: Constructing module Replace Scaffolding...
[12Apr2026 16:31:29.839] [modloading-worker-0/INFO] [quark-zeta/]: Constructing module Rope...
[12Apr2026 16:31:29.844] [modloading-worker-0/INFO] [quark-zeta/]: Constructing module Safer Creatures...
[12Apr2026 16:31:29.845] [modloading-worker-0/INFO] [quark-zeta/]: Constructing module Seed Pouch...
[12Apr2026 16:31:29.851] [modloading-worker-0/INFO] [quark-zeta/]: Constructing module Shear Vines...
[12Apr2026 16:31:29.856] [modloading-worker-0/INFO] [quark-zeta/]: Constructing module Shiba...
[12Apr2026 16:31:29.857] [modloading-worker-0/INFO] [quark-zeta/]: Constructing module Shingles...
[12Apr2026 16:31:29.858] [modloading-worker-0/INFO] [quark-zeta/]: Constructing module Shulker Packing...
[12Apr2026 16:31:29.860] [modloading-worker-0/INFO] [quark-zeta/]: Constructing module Simple Harvest...
[12Apr2026 16:31:29.863] [modloading-worker-0/INFO] [quark-zeta/]: Constructing module Skull Pikes...
[12Apr2026 16:31:29.904] [modloading-worker-0/INFO] [quark-zeta/]: Constructing module Slabs To Blocks...
[12Apr2026 16:31:29.905] [modloading-worker-0/INFO] [quark-zeta/]: Constructing module Slime In A Bucket...
[12Apr2026 16:31:29.909] [modloading-worker-0/INFO] [quark-zeta/]: Constructing module Slimes To Magma Cubes...
[12Apr2026 16:31:29.911] [modloading-worker-0/INFO] [quark-zeta/]: Constructing module Snow Golem Player Heads...
[12Apr2026 16:31:29.913] [modloading-worker-0/INFO] [quark-zeta/]: Constructing module Soul Candles...
[12Apr2026 16:31:29.914] [modloading-worker-0/INFO] [quark-zeta/]: Constructing module Soul Sandstone...
[12Apr2026 16:31:29.916] [modloading-worker-0/INFO] [quark-zeta/]: Constructing module Spawner Replacer...
[12Apr2026 16:31:29.917] [modloading-worker-0/INFO] [quark-zeta/]: Constructing module Spiral Spires...
[12Apr2026 16:31:29.923] [modloading-worker-0/INFO] [quark-zeta/]: Constructing module Stonelings...
[12Apr2026 16:31:29.927] [modloading-worker-0/INFO] [quark-zeta/]: Constructing module Stools...
[12Apr2026 16:31:29.928] [modloading-worker-0/INFO] [quark-zeta/]: Constructing module Sturdy Stone...
[12Apr2026 16:31:29.932] [modloading-worker-0/INFO] [quark-zeta/]: Constructing module Thatch...
[12Apr2026 16:31:29.935] [modloading-worker-0/INFO] [quark-zeta/]: Constructing module Tiny Potato...
[12Apr2026 16:31:29.937] [modloading-worker-0/INFO] [quark-zeta/]: Constructing module Torch Arrow...
[12Apr2026 16:31:29.940] [modloading-worker-0/INFO] [quark-zeta/]: Constructing module Toretoise...
[12Apr2026 16:31:29.942] [modloading-worker-0/INFO] [quark-zeta/]: Constructing module Totem Of Holding...
[12Apr2026 16:31:29.947] [modloading-worker-0/INFO] [quark-zeta/]: Constructing module Trowel...
[12Apr2026 16:31:29.949] [modloading-worker-0/INFO] [quark-zeta/]: Constructing module Usage Ticker...
[12Apr2026 16:31:29.950] [modloading-worker-0/INFO] [quark-zeta/]: Constructing module Uses For Curses...
[12Apr2026 16:31:29.951] [modloading-worker-0/INFO] [Create: Interiors/]: Create: Interiors v0.6.1 initializing! Create version: 6.0.9 on platform: NeoForge
[12Apr2026 16:31:29.952] [modloading-worker-0/INFO] [quark-zeta/]: Constructing module Utility Recipes...
[12Apr2026 16:31:29.954] [modloading-worker-0/INFO] [quark-zeta/]: Constructing module Variant Animal Textures...
[12Apr2026 16:31:29.955] [modloading-worker-0/INFO] [quark-zeta/]: Constructing module Variant Bookshelves...
[12Apr2026 16:31:29.956] [modloading-worker-0/INFO] [quark-zeta/]: Constructing module Variant Chests...
[12Apr2026 16:31:29.964] [modloading-worker-0/INFO] [quark-zeta/]: Constructing module Variant Furnaces...
[12Apr2026 16:31:30.005] [modloading-worker-0/INFO] [quark-zeta/]: Constructing module Variant Ladders...
[12Apr2026 16:31:30.007] [modloading-worker-0/INFO] [quark-zeta/]: Constructing module Variant Selector...
[12Apr2026 16:31:30.013] [modloading-worker-0/INFO] [quark-zeta/]: Constructing module Vertical Planks...
[12Apr2026 16:31:30.015] [modloading-worker-0/INFO] [quark-zeta/]: Constructing module Vertical Slabs...
[12Apr2026 16:31:30.024] [modloading-worker-0/INFO] [quark-zeta/]: Constructing module Vexes Die With Their Masters...
[12Apr2026 16:31:30.025] [modloading-worker-0/INFO] [quark-zeta/]: Constructing module Villager Rerolling Rework...
[12Apr2026 16:31:30.027] [modloading-worker-0/INFO] [quark-zeta/]: Constructing module Villagers Follow Emeralds...
[12Apr2026 16:31:30.028] [modloading-worker-0/INFO] [quark-zeta/]: Constructing module Wooden Posts...
[12Apr2026 16:31:30.032] [modloading-worker-0/INFO] [quark-zeta/]: Constructing module Wool Shuts Up Minecarts...
[12Apr2026 16:31:30.034] [modloading-worker-0/INFO] [quark-zeta/]: Constructing module Wraith...
[12Apr2026 16:31:30.038] [modloading-worker-0/INFO] [quark-zeta/]: Constructing module Zombie Villagers On Normal...
[12Apr2026 16:31:30.040] [modloading-worker-0/INFO] [quark-zeta/]: Constructing module More Stone Variants...
[12Apr2026 16:31:30.040] [modloading-worker-0/INFO] [Better lib/]: Hello NeoForge world!
[12Apr2026 16:31:30.042] [modloading-worker-0/INFO] [quark-zeta/]: Constructed 162 modules.
[12Apr2026 16:31:30.060] [modloading-worker-0/INFO] [STDOUT/]: [com.reggarf.mods.better_lib.demo.DemoConfig:onLoad:273]: [ExampleConfig] Loaded config!
[12Apr2026 16:31:30.061] [modloading-worker-0/INFO] [STDOUT/]: [com.reggarf.mods.better_lib.demo.DemoConfig:onSave:278]: [ExampleConfig] Saved config!
[12Apr2026 16:31:30.135] [modloading-worker-0/INFO] [STDOUT/]: [com.reggarf.mods.better_lib.config.core.BetterConfigManager:save:153]: [BetterConfigManager] Saved config: config/better_lib/common.json
[12Apr2026 16:31:30.353] [modloading-worker-0/INFO] [quark-zeta/]: Doing super early config setup for quark
[12Apr2026 16:31:30.446] [modloading-worker-0/INFO] [addonslib/]: AddonsLib Neoforge !
[12Apr2026 16:31:30.640] [modloading-worker-0/INFO] [com.reggarf.mods.create_better_motors.Create_better_motors/]: Hello 1.21.1 C:BM!
[12Apr2026 16:31:30.916] [modloading-worker-0/INFO] [Every Compat/]: Loaded module[ Farmer's Delight @ everycomp ]
[12Apr2026 16:31:30.916] [modloading-worker-0/INFO] [Every Compat/]: Loaded module[ Quark @ everycomp ]
[12Apr2026 16:31:30.917] [modloading-worker-0/INFO] [Every Compat/]: Loaded module[ Storage Drawers @ everycomp ]
[12Apr2026 16:31:31.594] [modloading-sync-worker/INFO] [com.drmangotea.tfmg.TFMG/]: [TFMG Remapper] Remapped 0 fluids
[12Apr2026 16:31:32.947] [modloading-sync-worker/INFO] [com.drmangotea.tfmg.TFMG/]: [TFMG Remapper] Remapped 5 blocks
[12Apr2026 16:31:33.843] [modloading-sync-worker/INFO] [com.drmangotea.tfmg.TFMG/]: [TFMG Remapper] Remapped 5 items
[12Apr2026 16:31:33.972] [modloading-sync-worker/INFO] [Moonlight/]: Initialized block sets in 19ms
[12Apr2026 16:31:33.983] [modloading-sync-worker/INFO] [Every Compat/]: module[ Farmer's Delight @ everycomp ]: registered 18 WoodType blocks
[12Apr2026 16:31:34.016] [modloading-sync-worker/INFO] [Every Compat/]: module[ Quark @ everycomp ]: registered 37 LeavesType blocks
[12Apr2026 16:31:34.116] [modloading-sync-worker/INFO] [Every Compat/]: module[ Quark @ everycomp ]: registered 151 WoodType blocks
[12Apr2026 16:31:34.133] [modloading-sync-worker/INFO] [Every Compat/]: module[ Storage Drawers @ everycomp ]: registered 147 WoodType blocks
[12Apr2026 16:31:34.142] [modloading-sync-worker/INFO] [Every Compat/]: module[ Macaw's Bridges @ everycomp ]: registered 92 WoodType blocks
[12Apr2026 16:31:34.171] [modloading-sync-worker/INFO] [Every Compat/]: module[ Macaw's Doors @ everycomp ]: registered 396 WoodType blocks
[12Apr2026 16:31:34.183] [modloading-sync-worker/INFO] [Every Compat/]: module[ Macaw's Fences and Walls @ everycomp ]: registered 29 LeavesType blocks
[12Apr2026 16:31:34.212] [modloading-sync-worker/INFO] [Every Compat/]: module[ Macaw's Fences and Walls @ everycomp ]: registered 105 WoodType blocks
[12Apr2026 16:31:34.575] [modloading-sync-worker/INFO] [Every Compat/]: module[ Macaw's Furniture @ everycomp ]: registered 948 WoodType blocks
[12Apr2026 16:31:34.586] [modloading-sync-worker/INFO] [Every Compat/]: module[ Macaw's Roofs @ everycomp ]: registered 252 WoodType blocks
[12Apr2026 16:31:34.605] [modloading-sync-worker/INFO] [Every Compat/]: module[ Macaw's Trapdoors @ everycomp ]: registered 303 WoodType blocks
[12Apr2026 16:31:34.615] [modloading-sync-worker/INFO] [Every Compat/]: module[ Macaw's Windows @ everycomp ]: registered 291 WoodType blocks
[12Apr2026 16:31:34.620] [modloading-sync-worker/INFO] [Every Compat/]: module[ Macaw's Stairs and Balconies @ everycomp ]: registered 120 WoodType blocks
[12Apr2026 16:31:34.622] [modloading-sync-worker/INFO] [Every Compat/]: module[ Create @ everycomp ]: registered 42 WoodType blocks
[12Apr2026 16:31:35.194] [modloading-sync-worker/INFO] [Create: Trading Floor/]: Registering Advancements for: Create: Trading Floor
[12Apr2026 16:31:35.988] [modloading-sync-worker/INFO] [Moonlight/]: Sending changed configs to client
[12Apr2026 16:31:36.003] [modloading-sync-worker/INFO] [com.tom.storagemod.StorageMod/]: Loaded Tom's Simple Storage config file toms_storage-common.toml
[12Apr2026 16:31:36.006] [modloading-sync-worker/INFO] [Moonlight/]: Sending changed configs to client
[12Apr2026 16:31:36.022] [modloading-worker-0/INFO] [net.architects.BigEndCitiesMod.BiggerBetterEndCities/]: HELLO FROM COMMON SETUP
[12Apr2026 16:31:36.027] [modloading-worker-0/INFO] [com.iladrien.morebridges.MoreBridges/]: More Bridges mod setup complete!
[12Apr2026 16:31:36.043] [modloading-worker-0/INFO] [com.tom.storagemod.StorageMod/]: Tom's Storage Setup starting
[12Apr2026 16:31:36.045] [modloading-worker-0/INFO] [de.mrjulsen.crn.CreateRailwaysNavigator/]: Welcome to the CREATE RAILWAYS NAVIGATOR mod by MRJULSEN.
[12Apr2026 16:31:36.051] [NeoForge Version Check/INFO] [net.neoforged.fml.VersionChecker/]: [mcwwindows] Starting version check at https://raw.githubusercontent.com/sketchmacaw/macawsmods/master/window.json
[12Apr2026 16:31:36.053] [modloading-worker-0/INFO] [mekanism.common.Mekanism/]: Version 10.7.19 initializing...
[12Apr2026 16:31:36.059] [modloading-worker-0/INFO] [mekanism.common.Mekanism/]: Initialized HolidayManager.
[12Apr2026 16:31:36.061] [Immersive Engineering Contributors Thread/INFO] [immersiveengineering/]: Attempting to download special revolvers from GitHub
[12Apr2026 16:31:36.065] [modloading-worker-0/INFO] [voicechat/]: [voicechat] Compatibility version 20
[12Apr2026 16:31:36.069] [modloading-worker-0/INFO] [mekanism.common.Mekanism/]: Fake player readout: UUID = 46e82cd0-d480-3d48-800a-77431ede078e, name = [Mekanism]
[12Apr2026 16:31:36.069] [modloading-worker-0/INFO] [mekanism.common.Mekanism/]: Mod loaded.
[12Apr2026 16:31:36.070] [modloading-worker-0/INFO] [meranha.mekaweapons.MekaWeapons/]: Loaded 'Mekanism: Weapons' module.
[12Apr2026 16:31:36.070] [modloading-worker-0/INFO] [mekanism.common.Mekanism/]: Loaded 'Mekanism: Generators' module.
[12Apr2026 16:31:36.070] [modloading-worker-0/INFO] [mekanism.common.Mekanism/]: Loaded 'Mekanism: Tools' module.
[12Apr2026 16:31:36.071] [modloading-worker-0/INFO] [com.tom.stockbridge.StockBridge/]: Create Contraption Terminals starting
[12Apr2026 16:31:36.074] [modloading-worker-0/INFO] [net.veroxuniverse.samurai_dynasty.SamuraiDynastyMod/]: HELLO FROM COMMON SETUP
[12Apr2026 16:31:36.118] [modloading-worker-0/INFO] [voicechat/]: [voicechat] Loading plugins
[12Apr2026 16:31:36.119] [modloading-worker-0/INFO] [com.jaquadro.minecraft.storagedrawers.ModServices/]: New compacting rule 4 minecraft:clay_ball = 1 minecraft:clay
[12Apr2026 16:31:36.119] [modloading-worker-0/INFO] [com.jaquadro.minecraft.storagedrawers.ModServices/]: New compacting rule 4 minecraft:snowball = 1 minecraft:snow_block
[12Apr2026 16:31:36.119] [modloading-worker-0/INFO] [com.jaquadro.minecraft.storagedrawers.ModServices/]: New compacting rule 4 minecraft:glowstone_dust = 1 minecraft:glowstone
[12Apr2026 16:31:36.119] [modloading-worker-0/INFO] [com.jaquadro.minecraft.storagedrawers.ModServices/]: New compacting rule 4 minecraft:brick = 1 minecraft:bricks
[12Apr2026 16:31:36.119] [modloading-worker-0/INFO] [com.jaquadro.minecraft.storagedrawers.ModServices/]: New compacting rule 4 minecraft:nether_brick = 1 minecraft:nether_bricks
[12Apr2026 16:31:36.119] [modloading-worker-0/INFO] [com.jaquadro.minecraft.storagedrawers.ModServices/]: New compacting rule 9 minecraft:nether_wart = 1 minecraft:nether_wart_block
[12Apr2026 16:31:36.119] [modloading-worker-0/INFO] [com.jaquadro.minecraft.storagedrawers.ModServices/]: New compacting rule 4 minecraft:quartz = 1 minecraft:quartz_block
[12Apr2026 16:31:36.119] [modloading-worker-0/INFO] [com.jaquadro.minecraft.storagedrawers.ModServices/]: New compacting rule 9 minecraft:melon_slice = 1 minecraft:melon
[12Apr2026 16:31:36.120] [modloading-worker-0/INFO] [com.jaquadro.minecraft.storagedrawers.ModServices/]: New compacting rule 9 minecraft:bamboo = 1 minecraft:bamboo_block
[12Apr2026 16:31:36.120] [modloading-worker-0/INFO] [com.jaquadro.minecraft.storagedrawers.ModServices/]: New compacting rule 4 minecraft:clay_ball = 1 minecraft:clay
[12Apr2026 16:31:36.121] [modloading-worker-0/INFO] [com.jaquadro.minecraft.storagedrawers.ModServices/]: New denied storage item storagedrawers:creative_vending_upgrade
[12Apr2026 16:31:36.123] [modloading-worker-0/INFO] [com.jaquadro.minecraft.storagedrawers.ModServices/]: Adding ore conversions for types: c:storage_blocks, c:ingots, c:nuggets
[12Apr2026 16:31:36.123] [modloading-worker-0/INFO] [com.jaquadro.minecraft.storagedrawers.ModServices/]: Adding ore conversions for materials: aluminum, constantan, steel, uranium, invar, tin, lead, silver, platinum, nickel, osmium, bronze, electrum
[12Apr2026 16:31:36.127] [modloading-worker-0/INFO] [voicechat/]: [voicechat] Loaded 0 plugin(s)
[12Apr2026 16:31:36.127] [modloading-worker-0/INFO] [voicechat/]: [voicechat] Initializing plugins
[12Apr2026 16:31:36.127] [modloading-worker-0/INFO] [voicechat/]: [voicechat] Initialized 0 plugin(s)
[12Apr2026 16:31:36.141] [modloading-worker-0/INFO] [com.Pink_Cats.createschematicchecker.Createschematicchecker/]: [36m[CSC][32mCSC is loading...   Success！[0m
[12Apr2026 16:31:36.416] [NeoForge Version Check/INFO] [net.neoforged.fml.VersionChecker/]: [mcwwindows] Found status: UP_TO_DATE Current: 2.4.2 Target: null
[12Apr2026 16:31:36.416] [NeoForge Version Check/INFO] [net.neoforged.fml.VersionChecker/]: [mcwstairs] Starting version check at https://raw.githubusercontent.com/sketchmacaw/macawsmods/master/stairs.json
[12Apr2026 16:31:36.426] [NeoForge Version Check/INFO] [net.neoforged.fml.VersionChecker/]: [mcwstairs] Found status: UP_TO_DATE Current: 1.0.2 Target: null
[12Apr2026 16:31:36.426] [NeoForge Version Check/INFO] [net.neoforged.fml.VersionChecker/]: [mcwdoors] Starting version check at https://raw.githubusercontent.com/sketchmacaw/macawsmods/master/doors.json
[12Apr2026 16:31:36.434] [NeoForge Version Check/INFO] [net.neoforged.fml.VersionChecker/]: [mcwdoors] Found status: AHEAD Current: 1.1.5 Target: null
[12Apr2026 16:31:36.434] [NeoForge Version Check/INFO] [net.neoforged.fml.VersionChecker/]: [corpse] Starting version check at https://update.maxhenkel.de/neoforge/corpse
[12Apr2026 16:31:37.230] [NeoForge Version Check/INFO] [net.neoforged.fml.VersionChecker/]: [corpse] Found status: BETA Current: 1.21.1-1.1.13 Target: 1.21.1-1.1.13
[12Apr2026 16:31:37.236] [NeoForge Version Check/INFO] [net.neoforged.fml.VersionChecker/]: [create_connected] Starting version check at https://raw.githubusercontent.com/hlysine/create_connected/main/update.json
[12Apr2026 16:31:37.489] [NeoForge Version Check/INFO] [net.neoforged.fml.VersionChecker/]: [create_connected] Found status: UP_TO_DATE Current: 1.1.13-mc1.21.1 Target: null
[12Apr2026 16:31:37.490] [NeoForge Version Check/INFO] [net.neoforged.fml.VersionChecker/]: [mcwbridges] Starting version check at https://raw.githubusercontent.com/sketchmacaw/macawsmods/master/bridges.json
[12Apr2026 16:31:37.507] [NeoForge Version Check/INFO] [net.neoforged.fml.VersionChecker/]: [mcwbridges] Found status: AHEAD Current: 3.1.2 Target: null
[12Apr2026 16:31:37.507] [NeoForge Version Check/INFO] [net.neoforged.fml.VersionChecker/]: [mcwfences] Starting version check at https://raw.githubusercontent.com/sketchmacaw/macawsmods/master/fences.json
[12Apr2026 16:31:37.520] [NeoForge Version Check/INFO] [net.neoforged.fml.VersionChecker/]: [mcwfences] Found status: UP_TO_DATE Current: 1.2.1 Target: null
[12Apr2026 16:31:37.520] [NeoForge Version Check/INFO] [net.neoforged.fml.VersionChecker/]: [mcwtrpdoors] Starting version check at https://raw.githubusercontent.com/sketchmacaw/macawsmods/master/trapdoors.json
[12Apr2026 16:31:37.727] [modloading-sync-worker/INFO] [Supplementaries/]: Finished mod setup in: [2, 1, 7, 0, 0, 0] ms
[12Apr2026 16:31:37.735] [modloading-sync-worker/INFO] [Create: Trading Floor/]: Registering Advancements for: Create: Trading Floor
[12Apr2026 16:31:37.800] [NeoForge Version Check/INFO] [net.neoforged.fml.VersionChecker/]: [mcwtrpdoors] Found status: UP_TO_DATE Current: 1.1.5 Target: null
[12Apr2026 16:31:37.800] [NeoForge Version Check/INFO] [net.neoforged.fml.VersionChecker/]: [extrastorage] Starting version check at https://api.modrinth.com/updates/extrastorage/forge_updates.json?neoforge=include
[12Apr2026 16:31:37.914] [modloading-sync-worker/INFO] [Moonlight/]: Initialized color sets in 94ms
[12Apr2026 16:31:37.916] [modloading-sync-worker/INFO] [terrablender/]: Registered region minecraft:overworld to index 0 for type OVERWORLD
[12Apr2026 16:31:37.916] [modloading-sync-worker/INFO] [terrablender/]: Registered region minecraft:nether to index 0 for type NETHER
[12Apr2026 16:31:37.916] [modloading-sync-worker/INFO] [terrablender/]: Registered region biomesoplenty:overworld_primary to index 1 for type OVERWORLD
[12Apr2026 16:31:37.916] [modloading-sync-worker/INFO] [terrablender/]: Registered region biomesoplenty:overworld_secondary to index 2 for type OVERWORLD
[12Apr2026 16:31:37.916] [modloading-sync-worker/INFO] [terrablender/]: Registered region biomesoplenty:overworld_rare to index 3 for type OVERWORLD
[12Apr2026 16:31:37.916] [modloading-sync-worker/INFO] [terrablender/]: Registered region biomesoplenty:nether_common to index 1 for type NETHER
[12Apr2026 16:31:37.916] [modloading-sync-worker/INFO] [terrablender/]: Registered region biomesoplenty:nether_rare to index 2 for type NETHER
[12Apr2026 16:31:37.924] [modloading-sync-worker/INFO] [terrablender/]: Registered region samurai_dynasty:maple_forest to index 4 for type OVERWORLD
[12Apr2026 16:31:37.924] [modloading-sync-worker/INFO] [terrablender/]: Registered region samurai_dynasty:sakura_forest to index 5 for type OVERWORLD
[12Apr2026 16:31:37.939] [modloading-sync-worker/INFO] [Every Compat/]: Every Compat has loaded 12 modules: [farmersdelight, quark, storagedrawers, mcwbridges, mcwdoors, mcwfences, mcwfurnitures, mcwroofs, mcwtrpdoors, mcwwindows, mcwstairs, create]
[12Apr2026 16:31:37.940] [modloading-sync-worker/INFO] [Every Compat/]: Registered 2931 compat blocks making up 18.25% of total blocks registered
[12Apr2026 16:31:37.943] [modloading-sync-worker/INFO] [zeta/]: Common setup: Performing initial refresh of zeta's config on thread 'modloading-sync-worker'
[12Apr2026 16:31:37.944] [modloading-sync-worker/INFO] [zeta/]: 'zeta' is enabling Zeta's piston structure resolver.
[12Apr2026 16:31:37.945] [modloading-sync-worker/INFO] [zeta/]: Waiting for server start before accepting filewatcher changes to zeta's config
[12Apr2026 16:31:37.946] [modloading-sync-worker/INFO] [quark-zeta/]: Common setup: Performing initial refresh of quark's config on thread 'modloading-sync-worker'
[12Apr2026 16:31:37.957] [modloading-sync-worker/INFO] [quark-zeta/]: Waiting for server start before accepting filewatcher changes to quark's config
[12Apr2026 16:31:37.981] [Structurize IO Worker #0/WARN] [structurize/]: Missing Mod: byg for Pack: Corrupted
[12Apr2026 16:31:37.981] [Structurize IO Worker #0/WARN] [structurize/]: Missing Mod: twilightforest for Pack: FairyTale
[12Apr2026 16:31:37.981] [Structurize IO Worker #0/INFO] [structurize/]: Registered structure pack: Farthest Frontier
[12Apr2026 16:31:37.981] [Structurize IO Worker #0/INFO] [structurize/]: Registered structure pack: Antique
[12Apr2026 16:31:37.982] [Structurize IO Worker #0/INFO] [structurize/]: Registered structure pack: Tropical
[12Apr2026 16:31:37.982] [Structurize IO Worker #0/INFO] [structurize/]: Registered structure pack: Underwater Base
[12Apr2026 16:31:37.982] [Structurize IO Worker #0/INFO] [structurize/]: Registered structure pack: Functional Fantasy
[12Apr2026 16:31:37.982] [Structurize IO Worker #0/INFO] [structurize/]: Registered structure pack: Hive
[12Apr2026 16:31:37.982] [Structurize IO Worker #0/INFO] [structurize/]: Registered structure pack: Steampunk
[12Apr2026 16:31:37.982] [Structurize IO Worker #0/INFO] [structurize/]: Registered structure pack: High Magic
[12Apr2026 16:31:37.982] [Structurize IO Worker #0/INFO] [structurize/]: Registered structure pack: Crimson Keep
[12Apr2026 16:31:37.983] [Structurize IO Worker #0/INFO] [structurize/]: Registered structure pack: Aquatica
[12Apr2026 16:31:37.983] [Structurize IO Worker #0/INFO] [structurize/]: Registered structure pack: Frontier
[12Apr2026 16:31:37.983] [Structurize IO Worker #0/INFO] [structurize/]: Registered structure pack: Medieval Oak
[12Apr2026 16:31:37.984] [Structurize IO Worker #0/INFO] [structurize/]: Registered structure pack: Space Wars
[12Apr2026 16:31:37.984] [Structurize IO Worker #0/INFO] [structurize/]: Registered structure pack: Colonial
[12Apr2026 16:31:37.984] [Structurize IO Worker #0/INFO] [structurize/]: Registered structure pack: Desert Oasis
[12Apr2026 16:31:37.984] [Structurize IO Worker #0/INFO] [structurize/]: Registered structure pack: Shire
[12Apr2026 16:31:37.984] [Structurize IO Worker #0/INFO] [structurize/]: Registered structure pack: Minecolonies Original
[12Apr2026 16:31:37.984] [Structurize IO Worker #0/INFO] [structurize/]: Registered structure pack: Caledonia
[12Apr2026 16:31:37.984] [Structurize IO Worker #0/INFO] [structurize/]: Registered structure pack: Ancient Athens
[12Apr2026 16:31:37.985] [Structurize IO Worker #0/INFO] [structurize/]: Registered structure pack: Jungle Treehouse
[12Apr2026 16:31:37.985] [Structurize IO Worker #0/INFO] [structurize/]: Registered structure pack: Dark Oak Treehouse
[12Apr2026 16:31:37.985] [Structurize IO Worker #0/INFO] [structurize/]: Registered structure pack: Medieval Spruce
[12Apr2026 16:31:37.985] [Structurize IO Worker #0/INFO] [structurize/]: Registered structure pack: Incan
[12Apr2026 16:31:37.985] [Structurize IO Worker #0/INFO] [structurize/]: Registered structure pack: Fortress
[12Apr2026 16:31:37.985] [Structurize IO Worker #0/INFO] [structurize/]: Registered structure pack: Urban Birch
[12Apr2026 16:31:37.985] [Structurize IO Worker #0/INFO] [structurize/]: Registered structure pack: Medieval Birch
[12Apr2026 16:31:37.986] [Structurize IO Worker #0/INFO] [structurize/]: Registered structure pack: Urban Savanna
[12Apr2026 16:31:37.986] [Structurize IO Worker #0/INFO] [structurize/]: Registered structure pack: Stalactite Caves
[12Apr2026 16:31:37.986] [Structurize IO Worker #0/INFO] [structurize/]: Registered structure pack: Nordic Spruce
[12Apr2026 16:31:37.986] [Structurize IO Worker #0/INFO] [structurize/]: Registered structure pack: Medieval Dark Oak
[12Apr2026 16:31:37.986] [Structurize IO Worker #0/INFO] [structurize/]: Registered structure pack: Cavern
[12Apr2026 16:31:37.986] [Structurize IO Worker #0/INFO] [structurize/]: Registered structure pack: Lost Mesa City
[12Apr2026 16:31:37.986] [Structurize IO Worker #0/INFO] [structurize/]: Registered structure pack: Pagoda
[12Apr2026 16:31:37.987] [Structurize IO Worker #0/INFO] [structurize/]: Registered structure pack: Warped Netherlands
[12Apr2026 16:31:37.987] [Structurize IO Worker #0/WARN] [structurize/]: Failed loading packs from main folder path: .
[12Apr2026 16:31:37.987] [Structurize IO Worker #0/WARN] [structurize/]: Failed loading client packs from main folder path: .
[12Apr2026 16:31:37.987] [Structurize IO Worker #0/WARN] [structurize/]: Finished discovering Server Structure packs
[12Apr2026 16:31:38.154] [modloading-worker-0/INFO] [com.mrh0.createaddition.CreateAddition/]: Create Crafts & Additions Initialized!
[12Apr2026 16:31:38.160] [modloading-worker-0/WARN] [minecolonies/]: Register mappings
[12Apr2026 16:31:38.176] [modloading-worker-0/INFO] [snownee.jade.Jade/]: Start loading plugin from com.devdyna.mekajadeupgrade.client.JadePlugin
[12Apr2026 16:31:38.180] [modloading-worker-0/INFO] [snownee.jade.Jade/]: Start loading plugin from net.mehvahdjukaar.supplementaries.integration.JadeCompat
[12Apr2026 16:31:38.181] [modloading-worker-0/INFO] [snownee.jade.Jade/]: Start loading plugin from de.maxhenkel.corpse.integration.waila.PluginCorpse
[12Apr2026 16:31:38.182] [modloading-worker-0/INFO] [snownee.jade.Jade/]: Start loading plugin from edivad.extrastorage.compat.jade.JadeCompatibility
[12Apr2026 16:31:38.182] [modloading-worker-0/INFO] [snownee.jade.Jade/]: Start loading plugin from cy.jdkdigital.productivebees.compat.hwyla.ProductiveBeesWailaPlugin
[12Apr2026 16:31:38.183] [modloading-worker-0/INFO] [snownee.jade.Jade/]: Start loading plugin from snownee.jade.addon.JadeAddonsBase
[12Apr2026 16:31:38.187] [modloading-worker-0/INFO] [snownee.jade.Jade/]: Start loading plugin from com.tom.storagemod.jade.JadePlugin
[12Apr2026 16:31:38.188] [modloading-worker-0/INFO] [snownee.jade.Jade/]: Start loading plugin from dev.lucaargolo.mekanismcovers.jade.JadePlugin
[12Apr2026 16:31:38.188] [modloading-worker-0/INFO] [snownee.jade.Jade/]: Start loading plugin from net.p3pp3rf1y.sophisticatedstorage.compat.jade.StorageJadePlugin
[12Apr2026 16:31:38.189] [modloading-worker-0/INFO] [snownee.jade.Jade/]: Start loading plugin from mekanism.common.integration.lookingat.jade.MekanismJadePlugin
[12Apr2026 16:31:38.190] [modloading-worker-0/INFO] [snownee.jade.Jade/]: Start loading plugin from com.davenonymous.bonsaitrees.compatibility.jade.JadePlugin
[12Apr2026 16:31:38.190] [modloading-worker-0/INFO] [snownee.jade.Jade/]: Start loading plugin from blusunrize.immersiveengineering.common.util.compat.jade.IEWailaPlugin
[12Apr2026 16:31:38.191] [modloading-worker-0/INFO] [snownee.jade.Jade/]: Start loading plugin from snownee.jade.addon.vanilla.VanillaPlugin
[12Apr2026 16:31:38.200] [modloading-worker-0/INFO] [snownee.jade.Jade/]: Start loading plugin from snownee.jade.addon.universal.UniversalPlugin
[12Apr2026 16:31:38.203] [modloading-worker-0/INFO] [snownee.jade.Jade/]: Start loading plugin from snownee.jade.addon.debug.DebugPlugin
[12Apr2026 16:31:38.204] [modloading-worker-0/INFO] [snownee.jade.Jade/]: Start loading plugin from snownee.jade.addon.core.CorePlugin
[12Apr2026 16:31:38.204] [modloading-worker-0/INFO] [snownee.jade.Jade/]: Start loading plugin from snownee.jade.addon.access.AccessibilityPlugin
[12Apr2026 16:31:38.204] [modloading-worker-0/INFO] [snownee.jade.Jade/]: Start loading plugin from appeng.integration.modules.jade.JadeModule
[12Apr2026 16:31:38.213] [modloading-worker-0/INFO] [snownee.jade.Jade/]: Start loading plugin from de.maxhenkel.pipez.integration.waila.PluginPipes
[12Apr2026 16:31:38.214] [modloading-worker-0/INFO] [snownee.jade.Jade/]: Start loading plugin from com.oierbravo.createsifter.compat.jade.SifterPlugin
[12Apr2026 16:31:38.215] [modloading-worker-0/INFO] [snownee.jade.Jade/]: Start loading plugin from de.maxhenkel.gravestone.integration.waila.PluginGraveStone
[12Apr2026 16:31:38.215] [modloading-worker-0/INFO] [snownee.jade.Jade/]: Start loading plugin from net.geforcemods.securitycraft.compat.hudmods.JadeDataProvider
[12Apr2026 16:31:38.216] [modloading-worker-0/INFO] [snownee.jade.Jade/]: Start loading plugin from com.jaquadro.minecraft.storagedrawers.integration.Waila
[12Apr2026 16:31:38.217] [modloading-worker-0/INFO] [snownee.jade.Jade/]: Start loading plugin from nz.co.mirality.jadecolonies.JadePlugin
[12Apr2026 16:31:38.217] [modloading-worker-0/INFO] [snownee.jade.Jade/]: Start loading plugin from me.ramidzkh.mekae2.integration.jade.AMJadePlugin
[12Apr2026 16:31:38.337] [NeoForge Version Check/INFO] [net.neoforged.fml.VersionChecker/]: [extrastorage] Found status: UP_TO_DATE Current: 5.0.8 Target: null
[12Apr2026 16:31:38.337] [NeoForge Version Check/INFO] [net.neoforged.fml.VersionChecker/]: [mcwroofs] Starting version check at https://raw.githubusercontent.com/sketchmacaw/macawsmods/master/roofs.json
[12Apr2026 16:31:38.568] [main/INFO] [com.mojang.authlib.yggdrasil.YggdrasilAuthenticationService/]: Environment: Environment[sessionHost=https://sessionserver.mojang.com, servicesHost=https://api.minecraftservices.com, name=PROD]
[12Apr2026 16:31:38.612] [NeoForge Version Check/INFO] [net.neoforged.fml.VersionChecker/]: [mcwroofs] Found status: UP_TO_DATE Current: 2.3.2 Target: null
[12Apr2026 16:31:38.612] [NeoForge Version Check/INFO] [net.neoforged.fml.VersionChecker/]: [mcwfurnitures] Starting version check at https://raw.githubusercontent.com/sketchmacaw/macawsmods/master/furniture.json
[12Apr2026 16:31:38.619] [NeoForge Version Check/INFO] [net.neoforged.fml.VersionChecker/]: [mcwfurnitures] Found status: UP_TO_DATE Current: 3.4.1 Target: null
[12Apr2026 16:31:38.619] [NeoForge Version Check/INFO] [net.neoforged.fml.VersionChecker/]: [toms_storage] Starting version check at https://raw.githubusercontent.com/tom5454/Toms-Storage/master/version-check-nf.json
[12Apr2026 16:31:38.653] [main/WARN] [net.minecraft.server.packs.VanillaPackResourcesBuilder/]: Assets URL 'union:/data/libraries/net/minecraft/server/1.21.1-20240808.144430/server-1.21.1-20240808.144430-srg.jar%23276!/assets/.mcassetsroot' uses unexpected schema
[12Apr2026 16:31:38.654] [main/WARN] [net.minecraft.server.packs.VanillaPackResourcesBuilder/]: Assets URL 'union:/data/libraries/net/minecraft/server/1.21.1-20240808.144430/server-1.21.1-20240808.144430-srg.jar%23276!/data/.mcassetsroot' uses unexpected schema
[12Apr2026 16:31:38.886] [NeoForge Version Check/INFO] [net.neoforged.fml.VersionChecker/]: [toms_storage] Found status: BETA Current: 2.3.1 Target: 2.3.1
[12Apr2026 16:31:38.886] [NeoForge Version Check/INFO] [net.neoforged.fml.VersionChecker/]: [edivadlib] Starting version check at https://api.modrinth.com/updates/edivadlib/forge_updates.json?neoforge=include
[12Apr2026 16:31:39.016] [main/INFO] [com.simibubi.create.Create/]: Created 472 recipes which will be injected into the game
[12Apr2026 16:31:39.023] [main/INFO] [com.simibubi.create.Create/]: Created 21 tags which will be injected into the game
[12Apr2026 16:31:39.029] [main/INFO] [plus.dragons.createdragonsplus.data.runtime.RuntimePackResources/]: Starting provider [plus.dragons.createdragonsplus.data.internal.CDPRuntimeRecipeProvider@7fa36d64] for runtime resource [create_dragons_plus:runtime]
[12Apr2026 16:31:39.048] [main/INFO] [plus.dragons.createdragonsplus.data.runtime.RuntimePackResources/]: plus.dragons.createdragonsplus.data.internal.CDPRuntimeRecipeProvider@7fa36d64 finished after 18 ms
[12Apr2026 16:31:39.056] [main/INFO] [plus.dragons.createdragonsplus.data.runtime.RuntimePackResources/]: Starting provider [plus.dragons.createcentralkitchen.data.CCKBlockTags@296a0e92] for runtime resource [create_central_kitchen:runtime]
[12Apr2026 16:31:39.059] [main/INFO] [plus.dragons.createdragonsplus.data.runtime.RuntimePackResources/]: plus.dragons.createcentralkitchen.data.CCKBlockTags@296a0e92 finished after 2 ms
[12Apr2026 16:31:39.059] [main/INFO] [plus.dragons.createdragonsplus.data.runtime.RuntimePackResources/]: Starting provider [plus.dragons.createcentralkitchen.data.CCKItemTags@57901cc1] for runtime resource [create_central_kitchen:runtime]
[12Apr2026 16:31:39.059] [main/INFO] [plus.dragons.createdragonsplus.data.runtime.RuntimePackResources/]: plus.dragons.createcentralkitchen.data.CCKItemTags@57901cc1 finished after 0 ms
[12Apr2026 16:31:39.118] [main/INFO] [Moonlight/]: Starting Legacy Runtime Resource Generation for pack type SERVER_DATA with generators from mods [create_compatible_storage]: [net.dadamalda.create_compatible_storage.compat.DynamicTags$ServerDataGenerator@7bc8a99b]
[12Apr2026 16:31:39.118] [main/INFO] [Moonlight/]: Generating runtime assets for pack create_compatible_storage:everycomp_tags (create_compatible_storage)
[12Apr2026 16:31:39.125] [main/INFO] [Moonlight/]: Generated runtime SERVER_DATA for pack create_compatible_storage:everycomp_tags (create_compatible_storage) in: 6 ms (multithreaded)
[12Apr2026 16:31:39.125] [main/INFO] [Moonlight/]: Finished Legacy Runtime Resources Generation for 1 packs in a total of 6 ms
[12Apr2026 16:31:39.128] [main/INFO] [Moonlight/]: Resource cache state for SERVER_DATA: up to date
[12Apr2026 16:31:39.131] [main/INFO] [Moonlight/]: Populated search tree for pack at /data/dynamic-data-pack-cache/supplementaries-generated_pack in 1.661 ms
[12Apr2026 16:31:39.131] [main/INFO] [Moonlight/]: Starting runtime resource generation for pack type SERVER_DATA with generators [supplementaries:generated_pack, everycomp:dynamic_resources]
[12Apr2026 16:31:39.138] [main/INFO] [Moonlight/]: Skipping regeneration for Dynamic SERVER_DATA Resources Provider [supplementaries:generated_pack] (cache up-to-date)
[12Apr2026 16:31:39.138] [main/INFO] [Moonlight/]: Regenerating Dynamic SERVER_DATA Resources Provider [everycomp:dynamic_resources], requested by strategy REGEN_ON_EVERY_RELOAD
[12Apr2026 16:31:39.139] [main/INFO] [Every Compat/]: Every Compat is starting dynamic server resources generation tasks: 176 in batches of 44
[12Apr2026 16:31:39.158] [NeoForge Version Check/INFO] [net.neoforged.fml.VersionChecker/]: [edivadlib] Found status: UP_TO_DATE Current: 3.0.0 Target: null
[12Apr2026 16:31:39.158] [NeoForge Version Check/INFO] [net.neoforged.fml.VersionChecker/]: [voicechat] Starting version check at https://update.maxhenkel.de/neoforge/voicechat
[12Apr2026 16:31:39.333] [NeoForge Version Check/INFO] [net.neoforged.fml.VersionChecker/]: [voicechat] Found status: BETA Current: 1.21.1-2.6.16 Target: 1.21.1-2.6.16
[12Apr2026 16:31:39.333] [NeoForge Version Check/INFO] [net.neoforged.fml.VersionChecker/]: [moonlight] Starting version check at https://api.modrinth.com/updates/moonlight/neoforge_updates.json
[12Apr2026 16:31:39.603] [NeoForge Version Check/WARN] [net.neoforged.fml.VersionChecker/]: Failed to process update information
java.lang.NullPointerException: Cannot invoke "java.util.Map.get(Object)" because "promos" is null
	at MC-BOOTSTRAP/fml_loader@4.0.42/net.neoforged.fml.VersionChecker$1.process(VersionChecker.java:173) ~[loader-4.0.42.jar%2359!/:4.0]
	at java.base/java.lang.Iterable.forEach(Unknown Source) [?:?]
	at MC-BOOTSTRAP/fml_loader@4.0.42/net.neoforged.fml.VersionChecker$1.run(VersionChecker.java:105) [loader-4.0.42.jar%2359!/:4.0]
[12Apr2026 16:31:39.604] [NeoForge Version Check/INFO] [net.neoforged.fml.VersionChecker/]: [createstockbridge] Starting version check at https://raw.githubusercontent.com/tom5454/Create-Stock-Bridge/main/version-check.json
[12Apr2026 16:31:39.683] [main/INFO] [Moonlight/]: Generated runtime SERVER_DATA for pack everycomp:dynamic_resources in 544.8 ms
[12Apr2026 16:31:39.683] [main/INFO] [Moonlight/]: Finished runtime resources generation for 2 packs in a total of 551.3 ms 
[12Apr2026 16:31:39.854] [NeoForge Version Check/INFO] [net.neoforged.fml.VersionChecker/]: [createstockbridge] Found status: BETA Current: 0.1.6 Target: 0.1.6
[12Apr2026 16:31:39.854] [NeoForge Version Check/INFO] [net.neoforged.fml.VersionChecker/]: [immersiveengineering] Starting version check at https://raw.githubusercontent.com/BluSunrize/ImmersiveEngineering/1.21.1/changelog.json
[12Apr2026 16:31:40.124] [NeoForge Version Check/INFO] [net.neoforged.fml.VersionChecker/]: [immersiveengineering] Found status: AHEAD Current: 12.4.2-194 Target: null
[12Apr2026 16:31:40.125] [NeoForge Version Check/INFO] [net.neoforged.fml.VersionChecker/]: [immersiveposts] Starting version check at https://raw.githubusercontent.com/TwistedGate/ImmersivePosts/master/change.json
[12Apr2026 16:31:40.376] [NeoForge Version Check/INFO] [net.neoforged.fml.VersionChecker/]: [immersiveposts] Found status: UP_TO_DATE Current: 4.3.1-16 Target: null
[12Apr2026 16:31:40.376] [NeoForge Version Check/INFO] [net.neoforged.fml.VersionChecker/]: [forgeconfigapiport] Starting version check at https://raw.githubusercontent.com/Fuzss/modresources/main/update/forgeconfigapiport.json
[12Apr2026 16:31:40.384] [NeoForge Version Check/INFO] [net.neoforged.fml.VersionChecker/]: [forgeconfigapiport] Found status: OUTDATED Current: 21.1.1 Target: 21.1.6
[12Apr2026 16:31:40.384] [NeoForge Version Check/INFO] [net.neoforged.fml.VersionChecker/]: [pipez] Starting version check at https://update.maxhenkel.de/neoforge/pipez
[12Apr2026 16:31:40.563] [NeoForge Version Check/INFO] [net.neoforged.fml.VersionChecker/]: [pipez] Found status: BETA Current: 1.21.1-1.2.19 Target: 1.21.1-1.2.19
[12Apr2026 16:31:40.563] [NeoForge Version Check/INFO] [net.neoforged.fml.VersionChecker/]: [sliceanddice] Starting version check at https://api.modrinth.com/updates/slice-and-dice/forge_updates.json?neoforge=only
[12Apr2026 16:31:40.865] [Worker-Main-2/ERROR] [net.minecraft.world.level.storage.loot.LootDataType/]: Couldn't parse element ResourceKey[minecraft:root / minecraft:loot_table]:create_better_motors:blocks/reggarfoniteblock - Unknown registry key in ResourceKey[minecraft:root / minecraft:item]: create_better_motors:reggarfoniteblock
[12Apr2026 16:31:41.101] [Worker-Main-2/WARN] [net.minecraft.server.ReloadableServerRegistries/]: Found loot table element validation problem in {minecraft:loot_table:bonsaitrees4:bonsai/productivetrees/night_fuchsia}.pools[1].entries[0]: Unknown loot table called productivetrees:blocks/night_fuchsia_leaves
[12Apr2026 16:31:41.101] [Worker-Main-2/WARN] [net.minecraft.server.ReloadableServerRegistries/]: Found loot table element validation problem in {minecraft:loot_table:bonsaitrees4:bonsai/productivetrees/myrtle_ebony}.pools[1].entries[0]: Unknown loot table called productivetrees:blocks/myrtle_ebony_leaves
[12Apr2026 16:31:41.101] [Worker-Main-2/WARN] [net.minecraft.server.ReloadableServerRegistries/]: Found loot table element validation problem in {minecraft:loot_table:bonsaitrees4:bonsai/productivetrees/brown_amber}.pools[1].entries[1]: Unknown loot table called productivetrees:blocks/brown_amber_leaves
[12Apr2026 16:31:41.101] [Worker-Main-2/WARN] [net.minecraft.server.ReloadableServerRegistries/]: Found loot table element validation problem in {minecraft:loot_table:bonsaitrees4:bonsai/productivetrees/night_fuchsia}.pools[0].entries[0]: Unknown loot table called productivetrees:blocks/night_fuchsia_log
[12Apr2026 16:31:41.101] [Worker-Main-2/WARN] [net.minecraft.server.ReloadableServerRegistries/]: Found loot table element validation problem in {minecraft:loot_table:bonsaitrees4:bonsai/productivetrees/myrtle_ebony}.pools[0].entries[0]: Unknown loot table called productivetrees:blocks/myrtle_ebony_log
[12Apr2026 16:31:41.101] [Worker-Main-2/WARN] [net.minecraft.server.ReloadableServerRegistries/]: Found loot table element validation problem in {minecraft:loot_table:bonsaitrees4:bonsai/undergarden/huge_veil_mushroom}.pools[0].entries[1]: Unknown loot table called undergarden:blocks/mushroom_veil
[12Apr2026 16:31:41.101] [Worker-Main-2/WARN] [net.minecraft.server.ReloadableServerRegistries/]: Found loot table element validation problem in {minecraft:loot_table:bonsaitrees4:bonsai/herbsandharvest/orange_fruit_tree}.pools[1].entries[0]: Unknown loot table called herbsandharvest:blocks/fruit_leaves
[12Apr2026 16:31:41.101] [Worker-Main-2/WARN] [net.minecraft.server.ReloadableServerRegistries/]: Found loot table element validation problem in {minecraft:loot_table:bonsaitrees4:bonsai/productivetrees/nectarine}.pools[1].entries[1]: Unknown loot table called productivetrees:blocks/nectarine_leaves
[12Apr2026 16:31:41.101] [Worker-Main-2/WARN] [net.minecraft.server.ReloadableServerRegistries/]: Found loot table element validation problem in {minecraft:loot_table:bonsaitrees4:bonsai/productivetrees/kapok}.pools[0].entries[0]: Unknown loot table called productivetrees:blocks/kapok_log
[12Apr2026 16:31:41.101] [Worker-Main-2/WARN] [net.minecraft.server.ReloadableServerRegistries/]: Found loot table element validation problem in {minecraft:loot_table:bonsaitrees4:bonsai/productivetrees/kapok}.pools[1].entries[0]: Unknown loot table called productivetrees:blocks/kapok_leaves
[12Apr2026 16:31:41.101] [Worker-Main-2/WARN] [net.minecraft.server.ReloadableServerRegistries/]: Found loot table element validation problem in {minecraft:loot_table:bonsaitrees4:bonsai/productivetrees/red_banana}.pools[0].entries[0]: Unknown loot table called productivetrees:blocks/red_banana_log
[12Apr2026 16:31:41.101] [Worker-Main-2/WARN] [net.minecraft.server.ReloadableServerRegistries/]: Found loot table element validation problem in {minecraft:loot_table:bonsaitrees4:bonsai/productivetrees/lemon}.pools[1].entries[0]: Unknown loot table called productivetrees:blocks/lemon_fruit
[12Apr2026 16:31:41.101] [Worker-Main-2/WARN] [net.minecraft.server.ReloadableServerRegistries/]: Found loot table element validation problem in {minecraft:loot_table:bonsaitrees4:bonsai/productivetrees/brown_amber}.pools[1].entries[0]: Unknown loot table called productivetrees:blocks/brown_amber_fruit
[12Apr2026 16:31:41.102] [Worker-Main-2/WARN] [net.minecraft.server.ReloadableServerRegistries/]: Found loot table element validation problem in {minecraft:loot_table:bonsaitrees4:bonsai/silentgear/netherwood}.pools[0].entries[0]: Unknown loot table called silentgear:blocks/netherwood_log
[12Apr2026 16:31:41.102] [Worker-Main-2/WARN] [net.minecraft.server.ReloadableServerRegistries/]: Found loot table element validation problem in {minecraft:loot_table:bonsaitrees4:bonsai/productivetrees/brown_amber}.pools[0].entries[0]: Unknown loot table called productivetrees:blocks/brown_amber_log
[12Apr2026 16:31:41.102] [Worker-Main-2/WARN] [net.minecraft.server.ReloadableServerRegistries/]: Found loot table element validation problem in {minecraft:loot_table:bonsaitrees4:bonsai/undergarden/huge_veil_mushroom}.pools[0].entries[0]: Unknown loot table called undergarden:blocks/veil_mushroom_stem
[12Apr2026 16:31:41.102] [Worker-Main-2/WARN] [net.minecraft.server.ReloadableServerRegistries/]: Found loot table element validation problem in {minecraft:loot_table:bonsaitrees4:bonsai/silentgear/netherwood}.pools[1].entries[0]: Unknown loot table called silentgear:blocks/netherwood_leaves
[12Apr2026 16:31:41.102] [Worker-Main-2/WARN] [net.minecraft.server.ReloadableServerRegistries/]: Found loot table element validation problem in {minecraft:loot_table:bonsaitrees4:bonsai/vanillabackport/pale_oak_bonemeal}.pools[0].entries[0]: Unknown loot table called vanillabackport:blocks/pale_oak_log
[12Apr2026 16:31:41.102] [Worker-Main-2/WARN] [net.minecraft.server.ReloadableServerRegistries/]: Found loot table element validation problem in {minecraft:loot_table:bonsaitrees4:bonsai/vanillabackport/pale_oak_bonemeal}.pools[1].entries[0]: Unknown loot table called vanillabackport:blocks/pale_oak_leaves
[12Apr2026 16:31:41.102] [Worker-Main-2/WARN] [net.minecraft.server.ReloadableServerRegistries/]: Found loot table element validation problem in {minecraft:loot_table:bonsaitrees4:bonsai/biomeswevegone/white_sakura_tree3}.pools[0].entries[0]: Unknown loot table called biomeswevegone:blocks/sakura_log
[12Apr2026 16:31:41.102] [Worker-Main-2/WARN] [net.minecraft.server.ReloadableServerRegistries/]: Found loot table element validation problem in {minecraft:loot_table:bonsaitrees4:bonsai/biomeswevegone/white_sakura_tree3}.pools[1].entries[0]: Unknown loot table called biomeswevegone:blocks/white_sakura_leaves
[12Apr2026 16:31:41.102] [Worker-Main-2/WARN] [net.minecraft.server.ReloadableServerRegistries/]: Found loot table element validation problem in {minecraft:loot_table:bonsaitrees4:bonsai/productivetrees/lemon}.pools[1].entries[1]: Unknown loot table called productivetrees:blocks/lemon_leaves
[12Apr2026 16:31:41.102] [Worker-Main-2/WARN] [net.minecraft.server.ReloadableServerRegistries/]: Found loot table element validation problem in {minecraft:loot_table:bonsaitrees4:bonsai/productivetrees/holly}.pools[1].entries[0]: Unknown loot table called productivetrees:blocks/holly_leaves
[12Apr2026 16:31:41.102] [Worker-Main-2/WARN] [net.minecraft.server.ReloadableServerRegistries/]: Found loot table element validation problem in {minecraft:loot_table:bonsaitrees4:bonsai/productivetrees/sequoia}.pools[0].entries[0]: Unknown loot table called productivetrees:blocks/sequoia_log
[12Apr2026 16:31:41.102] [Worker-Main-2/WARN] [net.minecraft.server.ReloadableServerRegistries/]: Found loot table element validation problem in {minecraft:loot_table:bonsaitrees4:bonsai/productivetrees/sequoia}.pools[1].entries[0]: Unknown loot table called productivetrees:blocks/sequoia_leaves
[12Apr2026 16:31:41.102] [Worker-Main-2/WARN] [net.minecraft.server.ReloadableServerRegistries/]: Found loot table element validation problem in {minecraft:loot_table:bonsaitrees4:bonsai/twilightforest/tree/time_tree}.pools[2].entries[0]: Unknown loot table called twilightforest:blocks/time_log_core
[12Apr2026 16:31:41.102] [Worker-Main-2/WARN] [net.minecraft.server.ReloadableServerRegistries/]: Found loot table element validation problem in {minecraft:loot_table:bonsaitrees4:bonsai/productivetrees/holly}.pools[0].entries[0]: Unknown loot table called productivetrees:blocks/holly_log
[12Apr2026 16:31:41.102] [Worker-Main-2/WARN] [net.minecraft.server.ReloadableServerRegistries/]: Found loot table element validation problem in {minecraft:loot_table:bonsaitrees4:bonsai/productivetrees/pandanus}.pools[0].entries[0]: Unknown loot table called productivetrees:blocks/pandanus_log
[12Apr2026 16:31:41.102] [Worker-Main-2/WARN] [net.minecraft.server.ReloadableServerRegistries/]: Found loot table element validation problem in {minecraft:loot_table:bonsaitrees4:bonsai/ars_nouveau/cascading_tree}.pools[0].entries[0]: Unknown loot table called ars_nouveau:blocks/blue_archwood_log
[12Apr2026 16:31:41.102] [Worker-Main-2/WARN] [net.minecraft.server.ReloadableServerRegistries/]: Found loot table element validation problem in {minecraft:loot_table:bonsaitrees4:bonsai/ars_nouveau/cascading_tree}.pools[1].entries[0]: Unknown loot table called ars_nouveau:blocks/blue_archwood_leaves
[12Apr2026 16:31:41.102] [Worker-Main-2/WARN] [net.minecraft.server.ReloadableServerRegistries/]: Found loot table element validation problem in {minecraft:loot_table:bonsaitrees4:bonsai/productivetrees/pandanus}.pools[1].entries[0]: Unknown loot table called productivetrees:blocks/pandanus_fruit
[12Apr2026 16:31:41.103] [Worker-Main-2/WARN] [net.minecraft.server.ReloadableServerRegistries/]: Found loot table element validation problem in {minecraft:loot_table:bonsaitrees4:bonsai/productivetrees/golden_delicious_apple}.pools[1].entries[1]: Unknown loot table called productivetrees:blocks/golden_delicious_apple_leaves
[12Apr2026 16:31:41.103] [Worker-Main-2/WARN] [net.minecraft.server.ReloadableServerRegistries/]: Found loot table element validation problem in {minecraft:loot_table:bonsaitrees4:bonsai/productivetrees/prairie_crabapple}.pools[1].entries[0]: Unknown loot table called productivetrees:blocks/prairie_crabapple_fruit
[12Apr2026 16:31:41.103] [Worker-Main-2/WARN] [net.minecraft.server.ReloadableServerRegistries/]: Found loot table element validation problem in {minecraft:loot_table:bonsaitrees4:bonsai/productivetrees/prairie_crabapple}.pools[0].entries[0]: Unknown loot table called productivetrees:blocks/prairie_crabapple_log
[12Apr2026 16:31:41.103] [Worker-Main-2/WARN] [net.minecraft.server.ReloadableServerRegistries/]: Found loot table element validation problem in {minecraft:loot_table:bonsaitrees4:bonsai/biomeswevegone/palo_verde_tree1}.pools[1].entries[0]: Unknown loot table called biomeswevegone:blocks/palo_verde_leaves
[12Apr2026 16:31:41.103] [Worker-Main-2/WARN] [net.minecraft.server.ReloadableServerRegistries/]: Found loot table element validation problem in {minecraft:loot_table:bonsaitrees4:bonsai/twilightforest/tree/time_tree}.pools[1].entries[0]: Unknown loot table called twilightforest:blocks/time_leaves
[12Apr2026 16:31:41.103] [Worker-Main-2/WARN] [net.minecraft.server.ReloadableServerRegistries/]: Found loot table element validation problem in {minecraft:loot_table:bonsaitrees4:bonsai/twilightforest/tree/time_tree}.pools[0].entries[0]: Unknown loot table called twilightforest:blocks/time_wood
[12Apr2026 16:31:41.103] [Worker-Main-2/WARN] [net.minecraft.server.ReloadableServerRegistries/]: Found loot table element validation problem in {minecraft:loot_table:bonsaitrees4:bonsai/biomeswevegone/palo_verde_tree1}.pools[0].entries[0]: Unknown loot table called biomeswevegone:blocks/palo_verde_log
[12Apr2026 16:31:41.103] [Worker-Main-2/WARN] [net.minecraft.server.ReloadableServerRegistries/]: Found loot table element validation problem in {minecraft:loot_table:bonsaitrees4:bonsai/productivetrees/red_banana}.pools[1].entries[0]: Unknown loot table called productivetrees:blocks/red_banana_fruit
[12Apr2026 16:31:41.103] [Worker-Main-2/WARN] [net.minecraft.server.ReloadableServerRegistries/]: Found loot table element validation problem in {minecraft:loot_table:bonsaitrees4:bonsai/productivetrees/golden_delicious_apple}.pools[0].entries[0]: Unknown loot table called productivetrees:blocks/golden_delicious_apple_log
[12Apr2026 16:31:41.103] [Worker-Main-2/WARN] [net.minecraft.server.ReloadableServerRegistries/]: Found loot table element validation problem in {minecraft:loot_table:bonsaitrees4:bonsai/cobblemon/red_apricorn_tree}.pools[0].entries[0]: Unknown loot table called cobblemon:blocks/apricorn_log
[12Apr2026 16:31:41.103] [Worker-Main-2/WARN] [net.minecraft.server.ReloadableServerRegistries/]: Found loot table element validation problem in {minecraft:loot_table:bonsaitrees4:bonsai/cobblemon/red_apricorn_tree}.pools[2].entries[0]: Unknown loot table called cobblemon:blocks/red_apricorn
[12Apr2026 16:31:41.103] [Worker-Main-2/WARN] [net.minecraft.server.ReloadableServerRegistries/]: Found loot table element validation problem in {minecraft:loot_table:bonsaitrees4:bonsai/herbsandharvest/orange_fruit_tree}.pools[1].entries[1]: Unknown loot table called herbsandharvest:blocks/orange_fruit_leaves
[12Apr2026 16:31:41.103] [Worker-Main-2/WARN] [net.minecraft.server.ReloadableServerRegistries/]: Found loot table element validation problem in {minecraft:loot_table:bonsaitrees4:bonsai/productivetrees/ipe}.pools[0].entries[0]: Unknown loot table called productivetrees:blocks/ipe_log
[12Apr2026 16:31:41.103] [Worker-Main-2/WARN] [net.minecraft.server.ReloadableServerRegistries/]: Found loot table element validation problem in {minecraft:loot_table:bonsaitrees4:bonsai/cobblemon/red_apricorn_tree}.pools[1].entries[0]: Unknown loot table called cobblemon:blocks/apricorn_leaves
[12Apr2026 16:31:41.103] [Worker-Main-2/WARN] [net.minecraft.server.ReloadableServerRegistries/]: Found loot table element validation problem in {minecraft:loot_table:bonsaitrees4:bonsai/productivetrees/ipe}.pools[1].entries[0]: Unknown loot table called productivetrees:blocks/ipe_leaves
[12Apr2026 16:31:41.103] [Worker-Main-2/WARN] [net.minecraft.server.ReloadableServerRegistries/]: Found loot table element validation problem in {minecraft:loot_table:bonsaitrees4:bonsai/biomeswevegone/pine_tree1}.pools[0].entries[0]: Unknown loot table called biomeswevegone:blocks/pine_log
[12Apr2026 16:31:41.103] [Worker-Main-2/WARN] [net.minecraft.server.ReloadableServerRegistries/]: Found loot table element validation problem in {minecraft:loot_table:bonsaitrees4:bonsai/productivetrees/logwood}.pools[1].entries[0]: Unknown loot table called productivetrees:blocks/logwood_leaves
[12Apr2026 16:31:41.104] [Worker-Main-2/WARN] [net.minecraft.server.ReloadableServerRegistries/]: Found loot table element validation problem in {minecraft:loot_table:bonsaitrees4:bonsai/productivetrees/logwood}.pools[0].entries[0]: Unknown loot table called productivetrees:blocks/logwood_log
[12Apr2026 16:31:41.104] [Worker-Main-2/WARN] [net.minecraft.server.ReloadableServerRegistries/]: Found loot table element validation problem in {minecraft:loot_table:bonsaitrees4:bonsai/productivetrees/golden_delicious_apple}.pools[1].entries[0]: Unknown loot table called productivetrees:blocks/golden_delicious_apple_fruit
[12Apr2026 16:31:41.104] [Worker-Main-2/WARN] [net.minecraft.server.ReloadableServerRegistries/]: Found loot table element validation problem in {minecraft:loot_table:bonsaitrees4:bonsai/biomeswevegone/palo_verde_tree1}.pools[1].entries[1]: Unknown loot table called biomeswevegone:blocks/flowering_palo_verde_leaves
[12Apr2026 16:31:41.104] [Worker-Main-2/WARN] [net.minecraft.server.ReloadableServerRegistries/]: Found loot table element validation problem in {minecraft:loot_table:bonsaitrees4:bonsai/productivetrees/red_banana}.pools[1].entries[1]: Unknown loot table called productivetrees:blocks/red_banana_leaves
[12Apr2026 16:31:41.104] [Worker-Main-2/WARN] [net.minecraft.server.ReloadableServerRegistries/]: Found loot table element validation problem in {minecraft:loot_table:bonsaitrees4:bonsai/twilightforest/tree/time_tree}.pools[0].entries[1]: Unknown loot table called twilightforest:blocks/time_log
[12Apr2026 16:31:41.104] [Worker-Main-2/WARN] [net.minecraft.server.ReloadableServerRegistries/]: Found loot table element validation problem in {minecraft:loot_table:bonsaitrees4:bonsai/productivetrees/balsam_fir}.pools[1].entries[0]: Unknown loot table called productivetrees:blocks/balsam_fir_leaves
[12Apr2026 16:31:41.104] [Worker-Main-2/WARN] [net.minecraft.server.ReloadableServerRegistries/]: Found loot table element validation problem in {minecraft:loot_table:bonsaitrees4:bonsai/productivetrees/ginkgo}.pools[1].entries[0]: Unknown loot table called productivetrees:blocks/ginkgo_fruit
[12Apr2026 16:31:41.104] [Worker-Main-2/WARN] [net.minecraft.server.ReloadableServerRegistries/]: Found loot table element validation problem in {minecraft:loot_table:bonsaitrees4:bonsai/productivetrees/blackthorn}.pools[0].entries[0]: Unknown loot table called productivetrees:blocks/blackthorn_log
[12Apr2026 16:31:41.104] [Worker-Main-2/WARN] [net.minecraft.server.ReloadableServerRegistries/]: Found loot table element validation problem in {minecraft:loot_table:bonsaitrees4:bonsai/biomeswevegone/white_mangrove_tree1}.pools[0].entries[0]: Unknown loot table called biomeswevegone:blocks/white_mangrove_log
[12Apr2026 16:31:41.104] [Worker-Main-2/WARN] [net.minecraft.server.ReloadableServerRegistries/]: Found loot table element validation problem in {minecraft:loot_table:bonsaitrees4:bonsai/productivetrees/cedar}.pools[1].entries[0]: Unknown loot table called productivetrees:blocks/cedar_leaves
[12Apr2026 16:31:41.104] [Worker-Main-2/WARN] [net.minecraft.server.ReloadableServerRegistries/]: Found loot table element validation problem in {minecraft:loot_table:bonsaitrees4:bonsai/biomeswevegone/base_spirit_tree3}.pools[1].entries[1]: Unknown loot table called biomeswevegone:blocks/flowering_spirit_leaves
[12Apr2026 16:31:41.104] [Worker-Main-2/WARN] [net.minecraft.server.ReloadableServerRegistries/]: Found loot table element validation problem in {minecraft:loot_table:bonsaitrees4:bonsai/regions_unexplored/pink_magnolia_tree}.pools[0].entries[0]: Unknown loot table called regions_unexplored:blocks/magnolia_log
[12Apr2026 16:31:41.104] [Worker-Main-2/WARN] [net.minecraft.server.ReloadableServerRegistries/]: Found loot table element validation problem in {minecraft:loot_table:bonsaitrees4:bonsai/productivetrees/aspen}.pools[1].entries[0]: Unknown loot table called productivetrees:blocks/aspen_leaves
[12Apr2026 16:31:41.104] [Worker-Main-2/WARN] [net.minecraft.server.ReloadableServerRegistries/]: Found loot table element validation problem in {minecraft:loot_table:bonsaitrees4:bonsai/productivetrees/purple_crepe_myrtle}.pools[0].entries[0]: Unknown loot table called productivetrees:blocks/purple_crepe_myrtle_log
[12Apr2026 16:31:41.104] [Worker-Main-2/WARN] [net.minecraft.server.ReloadableServerRegistries/]: Found loot table element validation problem in {minecraft:loot_table:bonsaitrees4:bonsai/productivetrees/soursop}.pools[0].entries[0]: Unknown loot table called productivetrees:blocks/soursop_log
[12Apr2026 16:31:41.104] [Worker-Main-2/WARN] [net.minecraft.server.ReloadableServerRegistries/]: Found loot table element validation problem in {minecraft:loot_table:bonsaitrees4:bonsai/productivetrees/jackfruit}.pools[1].entries[1]: Unknown loot table called productivetrees:blocks/jackfruit_leaves
[12Apr2026 16:31:41.104] [Worker-Main-2/WARN] [net.minecraft.server.ReloadableServerRegistries/]: Found loot table element validation problem in {minecraft:loot_table:bonsaitrees4:bonsai/biomeswevegone/spruce_yellow_tree_medium2}.pools[1].entries[0]: Unknown loot table called biomeswevegone:blocks/yellow_spruce_leaves
[12Apr2026 16:31:41.104] [Worker-Main-2/WARN] [net.minecraft.server.ReloadableServerRegistries/]: Found loot table element validation problem in {minecraft:loot_table:bonsaitrees4:bonsai/productivetrees/copper_beech}.pools[0].entries[0]: Unknown loot table called productivetrees:blocks/copper_beech_log
[12Apr2026 16:31:41.104] [Worker-Main-2/WARN] [net.minecraft.server.ReloadableServerRegistries/]: Found loot table element validation problem in {minecraft:loot_table:bonsaitrees4:bonsai/productivetrees/pandanus}.pools[1].entries[1]: Unknown loot table called productivetrees:blocks/pandanus_leaves
[12Apr2026 16:31:41.104] [Worker-Main-2/WARN] [net.minecraft.server.ReloadableServerRegistries/]: Found loot table element validation problem in {minecraft:loot_table:bonsaitrees4:bonsai/biomeswevegone/base_spirit_tree3}.pools[1].entries[0]: Unknown loot table called biomeswevegone:blocks/spirit_leaves
[12Apr2026 16:31:41.104] [Worker-Main-2/WARN] [net.minecraft.server.ReloadableServerRegistries/]: Found loot table element validation problem in {minecraft:loot_table:bonsaitrees4:bonsai/biomeswevegone/cika_tree1}.pools[0].entries[0]: Unknown loot table called biomeswevegone:blocks/cika_log
[12Apr2026 16:31:41.105] [Worker-Main-2/WARN] [net.minecraft.server.ReloadableServerRegistries/]: Found loot table element validation problem in {minecraft:loot_table:bonsaitrees4:bonsai/productivetrees/rainbow_gum}.pools[0].entries[0]: Unknown loot table called productivetrees:blocks/rainbow_gum_log
[12Apr2026 16:31:41.105] [Worker-Main-2/WARN] [net.minecraft.server.ReloadableServerRegistries/]: Found loot table element validation problem in {minecraft:loot_table:bonsaitrees4:bonsai/productivetrees/jackfruit}.pools[1].entries[0]: Unknown loot table called productivetrees:blocks/jackfruit_fruit
[12Apr2026 16:31:41.105] [Worker-Main-2/WARN] [net.minecraft.server.ReloadableServerRegistries/]: Found loot table element validation problem in {minecraft:loot_table:bonsaitrees4:bonsai/regions_unexplored/giant_yellow_bioshroom}.pools[1].entries[1]: Unknown loot table called regions_unexplored:blocks/yellow_bioshroom_block
[12Apr2026 16:31:41.105] [Worker-Main-2/WARN] [net.minecraft.server.ReloadableServerRegistries/]: Found loot table element validation problem in {minecraft:loot_table:bonsaitrees4:bonsai/integrateddynamics/tree_menril}.pools[0].entries[1]: Unknown loot table called integrateddynamics:blocks/menril_log_filled
[12Apr2026 16:31:41.105] [Worker-Main-2/WARN] [net.minecraft.server.ReloadableServerRegistries/]: Found loot table element validation problem in {minecraft:loot_table:bonsaitrees4:bonsai/twilightforest/tree/rainbow_oak}.pools[1].entries[0]: Unknown loot table called twilightforest:blocks/rainbow_oak_leaves
[12Apr2026 16:31:41.105] [Worker-Main-2/WARN] [net.minecraft.server.ReloadableServerRegistries/]: Found loot table element validation problem in {minecraft:loot_table:bonsaitrees4:bonsai/productivetrees/beech}.pools[0].entries[0]: Unknown loot table called productivetrees:blocks/beech_log
[12Apr2026 16:31:41.105] [Worker-Main-2/WARN] [net.minecraft.server.ReloadableServerRegistries/]: Found loot table element validation problem in {minecraft:loot_table:bonsaitrees4:bonsai/allthemodium/soul_tree}.pools[1].entries[0]: Unknown loot table called allthemodium:blocks/soul_leaves
[12Apr2026 16:31:41.105] [Worker-Main-2/WARN] [net.minecraft.server.ReloadableServerRegistries/]: Found loot table element validation problem in {minecraft:loot_table:bonsaitrees4:bonsai/productivetrees/purple_blackthorn}.pools[0].entries[0]: Unknown loot table called productivetrees:blocks/purple_blackthorn_log
[12Apr2026 16:31:41.105] [Worker-Main-2/WARN] [net.minecraft.server.ReloadableServerRegistries/]: Found loot table element validation problem in {minecraft:loot_table:bonsaitrees4:bonsai/productivetrees/teak}.pools[0].entries[0]: Unknown loot table called productivetrees:blocks/teak_log
[12Apr2026 16:31:41.105] [Worker-Main-2/WARN] [net.minecraft.server.ReloadableServerRegistries/]: Found loot table element validation problem in {minecraft:loot_table:bonsaitrees4:bonsai/productivetrees/sugar_apple}.pools[0].entries[0]: Unknown loot table called productivetrees:blocks/sugar_apple_log
[12Apr2026 16:31:41.105] [Worker-Main-2/WARN] [net.minecraft.server.ReloadableServerRegistries/]: Found loot table element validation problem in {minecraft:loot_table:bonsaitrees4:bonsai/productivetrees/monkey_puzzle}.pools[1].entries[0]: Unknown loot table called productivetrees:blocks/monkey_puzzle_leaves
[12Apr2026 16:31:41.105] [Worker-Main-2/WARN] [net.minecraft.server.ReloadableServerRegistries/]: Found loot table element validation problem in {minecraft:loot_table:bonsaitrees4:bonsai/regions_unexplored/cobalt_tree}.pools[1].entries[0]: Unknown loot table called regions_unexplored:blocks/cobalt_webbing
[12Apr2026 16:31:41.105] [Worker-Main-2/WARN] [net.minecraft.server.ReloadableServerRegistries/]: Found loot table element validation problem in {minecraft:loot_table:bonsaitrees4:bonsai/biomeswevegone/yellow_sakura_tree3}.pools[0].entries[0]: Unknown loot table called biomeswevegone:blocks/sakura_log
[12Apr2026 16:31:41.105] [Worker-Main-2/WARN] [net.minecraft.server.ReloadableServerRegistries/]: Found loot table element validation problem in {minecraft:loot_table:bonsaitrees4:bonsai/pamhc2trees/chestnut}.pools[2].entries[0]: Unknown loot table called pamhc2trees:blocks/pamchestnut
[12Apr2026 16:31:41.105] [Worker-Main-2/WARN] [net.minecraft.server.ReloadableServerRegistries/]: Found loot table element validation problem in {minecraft:loot_table:bonsaitrees4:bonsai/regions_unexplored/eucalyptus_tree}.pools[1].entries[0]: Unknown loot table called regions_unexplored:blocks/eucalyptus_leaves
[12Apr2026 16:31:41.105] [Worker-Main-2/WARN] [net.minecraft.server.ReloadableServerRegistries/]: Found loot table element validation problem in {minecraft:loot_table:bonsaitrees4:bonsai/productivetrees/ginkgo}.pools[1].entries[1]: Unknown loot table called productivetrees:blocks/ginkgo_leaves
[12Apr2026 16:31:41.105] [Worker-Main-2/WARN] [net.minecraft.server.ReloadableServerRegistries/]: Found loot table element validation problem in {minecraft:loot_table:bonsaitrees4:bonsai/productivetrees/alder}.pools[1].entries[0]: Unknown loot table called productivetrees:blocks/alder_leaves
[12Apr2026 16:31:41.105] [Worker-Main-2/WARN] [net.minecraft.server.ReloadableServerRegistries/]: Found loot table element validation problem in {minecraft:loot_table:bonsaitrees4:bonsai/productivetrees/european_larch}.pools[0].entries[0]: Unknown loot table called productivetrees:blocks/european_larch_log
[12Apr2026 16:31:41.105] [Worker-Main-2/WARN] [net.minecraft.server.ReloadableServerRegistries/]: Found loot table element validation problem in {minecraft:loot_table:bonsaitrees4:bonsai/productivetrees/rippling_willow}.pools[0].entries[0]: Unknown loot table called productivetrees:blocks/rippling_willow_log
[12Apr2026 16:31:41.105] [Worker-Main-2/WARN] [net.minecraft.server.ReloadableServerRegistries/]: Found loot table element validation problem in {minecraft:loot_table:bonsaitrees4:bonsai/integrateddynamics/tree_menril}.pools[0].entries[0]: Unknown loot table called integrateddynamics:blocks/menril_log
[12Apr2026 16:31:41.106] [Worker-Main-2/WARN] [net.minecraft.server.ReloadableServerRegistries/]: Found loot table element validation problem in {minecraft:loot_table:bonsaitrees4:bonsai/productivetrees/elderberry}.pools[0].entries[0]: Unknown loot table called productivetrees:blocks/elderberry_log
[12Apr2026 16:31:41.106] [Worker-Main-2/WARN] [net.minecraft.server.ReloadableServerRegistries/]: Found loot table element validation problem in {minecraft:loot_table:bonsaitrees4:bonsai/productivetrees/nectarine}.pools[1].entries[0]: Unknown loot table called productivetrees:blocks/nectarine_fruit
[12Apr2026 16:31:41.106] [Worker-Main-2/WARN] [net.minecraft.server.ReloadableServerRegistries/]: Found loot table element validation problem in {minecraft:loot_table:bonsaitrees4:bonsai/roots/wildwood_tree}.pools[1].entries[0]: Unknown loot table called roots:blocks/wildwood_leaves
[12Apr2026 16:31:41.106] [Worker-Main-2/WARN] [net.minecraft.server.ReloadableServerRegistries/]: Found loot table element validation problem in {minecraft:loot_table:bonsaitrees4:bonsai/regions_unexplored/cypress_tree}.pools[1].entries[0]: Unknown loot table called regions_unexplored:blocks/cypress_leaves
[12Apr2026 16:31:41.106] [Worker-Main-2/WARN] [net.minecraft.server.ReloadableServerRegistries/]: Found loot table element validation problem in {minecraft:loot_table:bonsaitrees4:bonsai/pamhc2trees/pear}.pools[2].entries[0]: Unknown loot table called pamhc2trees:blocks/pampear
[12Apr2026 16:31:41.106] [Worker-Main-2/WARN] [net.minecraft.server.ReloadableServerRegistries/]: Found loot table element validation problem in {minecraft:loot_table:bonsaitrees4:bonsai/productivetrees/silver_fir}.pools[1].entries[0]: Unknown loot table called productivetrees:blocks/silver_fir_leaves
[12Apr2026 16:31:41.106] [Worker-Main-2/WARN] [net.minecraft.server.ReloadableServerRegistries/]: Found loot table element validation problem in {minecraft:loot_table:bonsaitrees4:bonsai/regions_unexplored/willow_tree}.pools[1].entries[0]: Unknown loot table called regions_unexplored:blocks/willow_leaves
[12Apr2026 16:31:41.106] [Worker-Main-2/WARN] [net.minecraft.server.ReloadableServerRegistries/]: Found loot table element validation problem in {minecraft:loot_table:bonsaitrees4:bonsai/regions_unexplored/pine_tree}.pools[1].entries[0]: Unknown loot table called regions_unexplored:blocks/pine_leaves
[12Apr2026 16:31:41.106] [Worker-Main-2/WARN] [net.minecraft.server.ReloadableServerRegistries/]: Found loot table element validation problem in {minecraft:loot_table:bonsaitrees4:bonsai/productivetrees/douglas_fir}.pools[1].entries[0]: Unknown loot table called productivetrees:blocks/douglas_fir_leaves
[12Apr2026 16:31:41.106] [Worker-Main-2/WARN] [net.minecraft.server.ReloadableServerRegistries/]: Found loot table element validation problem in {minecraft:loot_table:bonsaitrees4:bonsai/pamhc2trees/nutmeg}.pools[2].entries[0]: Unknown loot table called pamhc2trees:blocks/pamnutmeg
[12Apr2026 16:31:41.106] [Worker-Main-2/WARN] [net.minecraft.server.ReloadableServerRegistries/]: Found loot table element validation problem in {minecraft:loot_table:bonsaitrees4:bonsai/pamhc2trees/peppercorn}.pools[2].entries[0]: Unknown loot table called pamhc2trees:blocks/pampeppercorn
[12Apr2026 16:31:41.106] [Worker-Main-2/WARN] [net.minecraft.server.ReloadableServerRegistries/]: Found loot table element validation problem in {minecraft:loot_table:bonsaitrees4:bonsai/regions_unexplored/blue_magnolia_tree}.pools[1].entries[0]: Unknown loot table called regions_unexplored:blocks/blue_magnolia_leaves
[12Apr2026 16:31:41.106] [Worker-Main-2/WARN] [net.minecraft.server.ReloadableServerRegistries/]: Found loot table element validation problem in {minecraft:loot_table:bonsaitrees4:bonsai/productivetrees/sparkle_cherry}.pools[0].entries[0]: Unknown loot table called productivetrees:blocks/sparkle_cherry_log
[12Apr2026 16:31:41.106] [Worker-Main-2/WARN] [net.minecraft.server.ReloadableServerRegistries/]: Found loot table element validation problem in {minecraft:loot_table:bonsaitrees4:bonsai/regions_unexplored/blue_magnolia_tree}.pools[0].entries[0]: Unknown loot table called regions_unexplored:blocks/magnolia_log
[12Apr2026 16:31:41.106] [Worker-Main-2/WARN] [net.minecraft.server.ReloadableServerRegistries/]: Found loot table element validation problem in {minecraft:loot_table:bonsaitrees4:bonsai/productivetrees/yellow_meranti}.pools[0].entries[0]: Unknown loot table called productivetrees:blocks/yellow_meranti_log
[12Apr2026 16:31:41.106] [Worker-Main-2/WARN] [net.minecraft.server.ReloadableServerRegistries/]: Found loot table element validation problem in {minecraft:loot_table:bonsaitrees4:bonsai/biomeswevegone/yucca_tree1}.pools[1].entries[0]: Unknown loot table called biomeswevegone:blocks/flowering_yucca_leaves
[12Apr2026 16:31:41.106] [Worker-Main-2/WARN] [net.minecraft.server.ReloadableServerRegistries/]: Found loot table element validation problem in {minecraft:loot_table:bonsaitrees4:bonsai/roots/huge_bafflecap}.pools[0].entries[1]: Unknown loot table called roots:blocks/bafflecap_block
[12Apr2026 16:31:41.106] [Worker-Main-2/WARN] [net.minecraft.server.ReloadableServerRegistries/]: Found loot table element validation problem in {minecraft:loot_table:bonsaitrees4:bonsai/productivetrees/kumquat}.pools[0].entries[0]: Unknown loot table called productivetrees:blocks/kumquat_log
[12Apr2026 16:31:41.106] [Worker-Main-2/WARN] [net.minecraft.server.ReloadableServerRegistries/]: Found loot table element validation problem in {minecraft:loot_table:bonsaitrees4:bonsai/productivetrees/cave_dweller}.pools[1].entries[0]: Unknown loot table called productivetrees:blocks/cave_dweller_leaves
[12Apr2026 16:31:41.107] [Worker-Main-2/WARN] [net.minecraft.server.ReloadableServerRegistries/]: Found loot table element validation problem in {minecraft:loot_table:bonsaitrees4:bonsai/regions_unexplored/pine_tree}.pools[0].entries[1]: Unknown loot table called regions_unexplored:blocks/pine_branch
[12Apr2026 16:31:41.107] [Worker-Main-2/WARN] [net.minecraft.server.ReloadableServerRegistries/]: Found loot table element validation problem in {minecraft:loot_table:bonsaitrees4:bonsai/regions_unexplored/brim_willow_tree}.pools[0].entries[0]: Unknown loot table called regions_unexplored:blocks/brimwood_log_magma
[12Apr2026 16:31:41.107] [Worker-Main-2/WARN] [net.minecraft.server.ReloadableServerRegistries/]: Found loot table element validation problem in {minecraft:loot_table:bonsaitrees4:bonsai/productivetrees/purple_spiral}.pools[0].entries[0]: Unknown loot table called productivetrees:blocks/purple_spiral_log
[12Apr2026 16:31:41.107] [Worker-Main-2/WARN] [net.minecraft.server.ReloadableServerRegistries/]: Found loot table element validation problem in {minecraft:loot_table:bonsaitrees4:bonsai/regions_unexplored/giant_yellow_bioshroom}.pools[0].entries[0]: Unknown loot table called regions_unexplored:blocks/yellow_bioshroom_stem
[12Apr2026 16:31:41.107] [Worker-Main-2/WARN] [net.minecraft.server.ReloadableServerRegistries/]: Found loot table element validation problem in {minecraft:loot_table:bonsaitrees4:bonsai/pamhc2trees/apricot}.pools[2].entries[0]: Unknown loot table called pamhc2trees:blocks/pamapricot
[12Apr2026 16:31:41.107] [Worker-Main-2/WARN] [net.minecraft.server.ReloadableServerRegistries/]: Found loot table element validation problem in {minecraft:loot_table:bonsaitrees4:bonsai/pamhc2trees/almond}.pools[2].entries[0]: Unknown loot table called pamhc2trees:blocks/pamalmond
[12Apr2026 16:31:41.107] [Worker-Main-2/WARN] [net.minecraft.server.ReloadableServerRegistries/]: Found loot table element validation problem in {minecraft:loot_table:bonsaitrees4:bonsai/productivetrees/pink_ipe}.pools[0].entries[0]: Unknown loot table called productivetrees:blocks/pink_ipe_log
[12Apr2026 16:31:41.107] [Worker-Main-2/WARN] [net.minecraft.server.ReloadableServerRegistries/]: Found loot table element validation problem in {minecraft:loot_table:bonsaitrees4:bonsai/productivetrees/pink_ipe}.pools[1].entries[0]: Unknown loot table called productivetrees:blocks/pink_ipe_leaves
[12Apr2026 16:31:41.107] [Worker-Main-2/WARN] [net.minecraft.server.ReloadableServerRegistries/]: Found loot table element validation problem in {minecraft:loot_table:bonsaitrees4:bonsai/productivetrees/greenheart}.pools[1].entries[0]: Unknown loot table called productivetrees:blocks/greenheart_leaves
[12Apr2026 16:31:41.107] [Worker-Main-2/WARN] [net.minecraft.server.ReloadableServerRegistries/]: Found loot table element validation problem in {minecraft:loot_table:bonsaitrees4:bonsai/regions_unexplored/brim_willow_tree}.pools[1].entries[0]: Unknown loot table called regions_unexplored:blocks/brimwood_leaves
[12Apr2026 16:31:41.107] [Worker-Main-2/WARN] [net.minecraft.server.ReloadableServerRegistries/]: Found loot table element validation problem in {minecraft:loot_table:bonsaitrees4:bonsai/biomeswevegone/conifer_tree5}.pools[1].entries[0]: Unknown loot table called biomeswevegone:blocks/fir_leaves
[12Apr2026 16:31:41.107] [Worker-Main-2/WARN] [net.minecraft.server.ReloadableServerRegistries/]: Found loot table element validation problem in {minecraft:loot_table:bonsaitrees4:bonsai/regions_unexplored/giant_yellow_bioshroom}.pools[1].entries[0]: Unknown loot table called regions_unexplored:blocks/glowing_yellow_bioshroom_block
[12Apr2026 16:31:41.107] [Worker-Main-2/WARN] [net.minecraft.server.ReloadableServerRegistries/]: Found loot table element validation problem in {minecraft:loot_table:bonsaitrees4:bonsai/pamhc2trees/lime}.pools[2].entries[0]: Unknown loot table called pamhc2trees:blocks/pamlime
[12Apr2026 16:31:41.107] [Worker-Main-2/WARN] [net.minecraft.server.ReloadableServerRegistries/]: Found loot table element validation problem in {minecraft:loot_table:bonsaitrees4:bonsai/productivetrees/beech}.pools[1].entries[0]: Unknown loot table called productivetrees:blocks/beech_fruit
[12Apr2026 16:31:41.107] [Worker-Main-2/WARN] [net.minecraft.server.ReloadableServerRegistries/]: Found loot table element validation problem in {minecraft:loot_table:bonsaitrees4:bonsai/biomeswevegone/flowering_ironwood_tree2}.pools[1].entries[1]: Unknown loot table called biomeswevegone:blocks/flowering_ironwood_leaves
[12Apr2026 16:31:41.107] [Worker-Main-2/WARN] [net.minecraft.server.ReloadableServerRegistries/]: Found loot table element validation problem in {minecraft:loot_table:bonsaitrees4:bonsai/cobblemon/pink_apricorn_tree}.pools[2].entries[0]: Unknown loot table called cobblemon:blocks/pink_apricorn
[12Apr2026 16:31:41.107] [Worker-Main-2/WARN] [net.minecraft.server.ReloadableServerRegistries/]: Found loot table element validation problem in {minecraft:loot_table:bonsaitrees4:bonsai/productivetrees/greenheart}.pools[0].entries[0]: Unknown loot table called productivetrees:blocks/greenheart_log
[12Apr2026 16:31:41.107] [Worker-Main-2/WARN] [net.minecraft.server.ReloadableServerRegistries/]: Found loot table element validation problem in {minecraft:loot_table:bonsaitrees4:bonsai/biomeswevegone/green_enchanted_sapling_tree2}.pools[1].entries[0]: Unknown loot table called biomeswevegone:blocks/green_enchanted_leaves
[12Apr2026 16:31:41.107] [Worker-Main-2/WARN] [net.minecraft.server.ReloadableServerRegistries/]: Found loot table element validation problem in {minecraft:loot_table:bonsaitrees4:bonsai/productivetrees/tuscarora_crepe_myrtle}.pools[0].entries[0]: Unknown loot table called productivetrees:blocks/tuscarora_crepe_myrtle_log
[12Apr2026 16:31:41.107] [Worker-Main-2/WARN] [net.minecraft.server.ReloadableServerRegistries/]: Found loot table element validation problem in {minecraft:loot_table:bonsaitrees4:bonsai/biomeswevegone/green_enchanted_sapling_tree2}.pools[0].entries[0]: Unknown loot table called biomeswevegone:blocks/green_enchanted_log
[12Apr2026 16:31:41.108] [Worker-Main-2/WARN] [net.minecraft.server.ReloadableServerRegistries/]: Found loot table element validation problem in {minecraft:loot_table:bonsaitrees4:bonsai/productivetrees/swamp_gum}.pools[1].entries[0]: Unknown loot table called productivetrees:blocks/swamp_gum_leaves
[12Apr2026 16:31:41.108] [Worker-Main-2/WARN] [net.minecraft.server.ReloadableServerRegistries/]: Found loot table element validation problem in {minecraft:loot_table:bonsaitrees4:bonsai/productivetrees/finger_lime}.pools[1].entries[1]: Unknown loot table called productivetrees:blocks/finger_lime_leaves
[12Apr2026 16:31:41.108] [Worker-Main-2/WARN] [net.minecraft.server.ReloadableServerRegistries/]: Found loot table element validation problem in {minecraft:loot_table:bonsaitrees4:bonsai/regions_unexplored/orange_maple_tree}.pools[0].entries[1]: Unknown loot table called regions_unexplored:blocks/maple_branch
[12Apr2026 16:31:41.108] [Worker-Main-2/WARN] [net.minecraft.server.ReloadableServerRegistries/]: Found loot table element validation problem in {minecraft:loot_table:bonsaitrees4:bonsai/regions_unexplored/brim_willow_tree}.pools[0].entries[1]: Unknown loot table called regions_unexplored:blocks/brimwood_log
[12Apr2026 16:31:41.108] [Worker-Main-2/WARN] [net.minecraft.server.ReloadableServerRegistries/]: Found loot table element validation problem in {minecraft:loot_table:bonsaitrees4:bonsai/occultism/tree_otherworld}.pools[0].entries[0]: Unknown loot table called occultism:blocks/otherworld_log
[12Apr2026 16:31:41.108] [Worker-Main-2/WARN] [net.minecraft.server.ReloadableServerRegistries/]: Found loot table element validation problem in {minecraft:loot_table:bonsaitrees4:bonsai/productivetrees/elm}.pools[0].entries[0]: Unknown loot table called productivetrees:blocks/elm_log
[12Apr2026 16:31:41.108] [Worker-Main-2/WARN] [net.minecraft.server.ReloadableServerRegistries/]: Found loot table element validation problem in {minecraft:loot_table:bonsaitrees4:bonsai/undergarden/wigglewood_tree}.pools[0].entries[0]: Unknown loot table called undergarden:blocks/wigglewood_log
[12Apr2026 16:31:41.108] [Worker-Main-2/WARN] [net.minecraft.server.ReloadableServerRegistries/]: Found loot table element validation problem in {minecraft:loot_table:bonsaitrees4:bonsai/productivetrees/water_wonder}.pools[0].entries[0]: Unknown loot table called productivetrees:blocks/water_wonder_log
[12Apr2026 16:31:41.108] [Worker-Main-2/WARN] [net.minecraft.server.ReloadableServerRegistries/]: Found loot table element validation problem in {minecraft:loot_table:bonsaitrees4:bonsai/undergarden/wigglewood_tree}.pools[1].entries[0]: Unknown loot table called undergarden:blocks/wigglewood_leaves
[12Apr2026 16:31:41.108] [Worker-Main-2/WARN] [net.minecraft.server.ReloadableServerRegistries/]: Found loot table element validation problem in {minecraft:loot_table:bonsaitrees4:bonsai/productivetrees/beech}.pools[1].entries[1]: Unknown loot table called productivetrees:blocks/beech_leaves
[12Apr2026 16:31:41.108] [Worker-Main-2/WARN] [net.minecraft.server.ReloadableServerRegistries/]: Found loot table element validation problem in {minecraft:loot_table:bonsaitrees4:bonsai/productivetrees/carob}.pools[1].entries[1]: Unknown loot table called productivetrees:blocks/carob_leaves
[12Apr2026 16:31:41.108] [Worker-Main-2/WARN] [net.minecraft.server.ReloadableServerRegistries/]: Found loot table element validation problem in {minecraft:loot_table:bonsaitrees4:bonsai/biomeswevegone/flowering_ironwood_tree2}.pools[1].entries[0]: Unknown loot table called biomeswevegone:blocks/ironwood_leaves
[12Apr2026 16:31:41.108] [Worker-Main-2/WARN] [net.minecraft.server.ReloadableServerRegistries/]: Found loot table element validation problem in {minecraft:loot_table:bonsaitrees4:bonsai/productivetrees/key_lime}.pools[1].entries[1]: Unknown loot table called productivetrees:blocks/key_lime_fruit
[12Apr2026 16:31:41.108] [Worker-Main-2/WARN] [net.minecraft.server.ReloadableServerRegistries/]: Found loot table element validation problem in {minecraft:loot_table:bonsaitrees4:bonsai/productivetrees/water_wonder}.pools[1].entries[0]: Unknown loot table called productivetrees:blocks/water_wonder_leaves
[12Apr2026 16:31:41.108] [Worker-Main-2/WARN] [net.minecraft.server.ReloadableServerRegistries/]: Found loot table element validation problem in {minecraft:loot_table:bonsaitrees4:bonsai/productivetrees/finger_lime}.pools[1].entries[0]: Unknown loot table called productivetrees:blocks/finger_lime_fruit
[12Apr2026 16:31:41.108] [Worker-Main-2/WARN] [net.minecraft.server.ReloadableServerRegistries/]: Found loot table element validation problem in {minecraft:loot_table:bonsaitrees4:bonsai/regions_unexplored/saguaro_cactus}.pools[0].entries[0]: Unknown loot table called regions_unexplored:blocks/saguaro_cactus
[12Apr2026 16:31:41.108] [Worker-Main-2/WARN] [net.minecraft.server.ReloadableServerRegistries/]: Found loot table element validation problem in {minecraft:loot_table:bonsaitrees4:bonsai/productivetrees/mandarin}.pools[0].entries[0]: Unknown loot table called productivetrees:blocks/mandarin_log
[12Apr2026 16:31:41.108] [Worker-Main-2/WARN] [net.minecraft.server.ReloadableServerRegistries/]: Found loot table element validation problem in {minecraft:loot_table:bonsaitrees4:bonsai/regions_unexplored/orange_maple_tree}.pools[0].entries[0]: Unknown loot table called regions_unexplored:blocks/maple_log
[12Apr2026 16:31:41.108] [Worker-Main-2/WARN] [net.minecraft.server.ReloadableServerRegistries/]: Found loot table element validation problem in {minecraft:loot_table:bonsaitrees4:bonsai/cobblemon/blue_apricorn_tree}.pools[2].entries[0]: Unknown loot table called cobblemon:blocks/blue_apricorn
[12Apr2026 16:31:41.108] [Worker-Main-2/WARN] [net.minecraft.server.ReloadableServerRegistries/]: Found loot table element validation problem in {minecraft:loot_table:bonsaitrees4:bonsai/productivetrees/slimy_delight}.pools[1].entries[0]: Unknown loot table called productivetrees:blocks/slimy_delight_leaves
[12Apr2026 16:31:41.109] [Worker-Main-2/WARN] [net.minecraft.server.ReloadableServerRegistries/]: Found loot table element validation problem in {minecraft:loot_table:bonsaitrees4:bonsai/cobblemon/blue_apricorn_tree}.pools[1].entries[0]: Unknown loot table called cobblemon:blocks/apricorn_leaves
[12Apr2026 16:31:41.109] [Worker-Main-2/WARN] [net.minecraft.server.ReloadableServerRegistries/]: Found loot table element validation problem in {minecraft:loot_table:bonsaitrees4:bonsai/productivetrees/socotra_dragon}.pools[0].entries[0]: Unknown loot table called productivetrees:blocks/socotra_dragon_log
[12Apr2026 16:31:41.109] [Worker-Main-2/WARN] [net.minecraft.server.ReloadableServerRegistries/]: Found loot table element validation problem in {minecraft:loot_table:bonsaitrees4:bonsai/biomeswevegone/willow_tree3}.pools[1].entries[0]: Unknown loot table called biomeswevegone:blocks/willow_leaves
[12Apr2026 16:31:41.109] [Worker-Main-2/WARN] [net.minecraft.server.ReloadableServerRegistries/]: Found loot table element validation problem in {minecraft:loot_table:bonsaitrees4:bonsai/biomeswevegone/yucca_tree1}.pools[1].entries[1]: Unknown loot table called biomeswevegone:blocks/yucca_leaves
[12Apr2026 16:31:41.109] [Worker-Main-2/WARN] [net.minecraft.server.ReloadableServerRegistries/]: Found loot table element validation problem in {minecraft:loot_table:bonsaitrees4:bonsai/pamhc2trees/cashew}.pools[2].entries[0]: Unknown loot table called pamhc2trees:blocks/pamcashew
[12Apr2026 16:31:41.109] [Worker-Main-2/WARN] [net.minecraft.server.ReloadableServerRegistries/]: Found loot table element validation problem in {minecraft:loot_table:bonsaitrees4:bonsai/regions_unexplored/saguaro_cactus}.pools[0].entries[1]: Unknown loot table called regions_unexplored:blocks/cactus_flower
[12Apr2026 16:31:41.109] [Worker-Main-2/WARN] [net.minecraft.server.ReloadableServerRegistries/]: Found loot table element validation problem in {minecraft:loot_table:bonsaitrees4:bonsai/productivetrees/granny_smith_apple}.pools[1].entries[0]: Unknown loot table called productivetrees:blocks/granny_smith_apple_leaves
[12Apr2026 16:31:41.109] [Worker-Main-2/WARN] [net.minecraft.server.ReloadableServerRegistries/]: Found loot table element validation problem in {minecraft:loot_table:bonsaitrees4:bonsai/undergarden/huge_indigo_mushroom}.pools[0].entries[0]: Unknown loot table called undergarden:blocks/indigo_mushroom_stem
[12Apr2026 16:31:41.109] [Worker-Main-2/WARN] [net.minecraft.server.ReloadableServerRegistries/]: Found loot table element validation problem in {minecraft:loot_table:bonsaitrees4:bonsai/productivetrees/purple_crepe_myrtle}.pools[1].entries[0]: Unknown loot table called productivetrees:blocks/purple_crepe_myrtle_leaves
[12Apr2026 16:31:41.109] [Worker-Main-2/WARN] [net.minecraft.server.ReloadableServerRegistries/]: Found loot table element validation problem in {minecraft:loot_table:bonsaitrees4:bonsai/productivetrees/sandalwood}.pools[1].entries[0]: Unknown loot table called productivetrees:blocks/sandalwood_leaves
[12Apr2026 16:31:41.109] [Worker-Main-2/WARN] [net.minecraft.server.ReloadableServerRegistries/]: Found loot table element validation problem in {minecraft:loot_table:bonsaitrees4:bonsai/biomeswevegone/white_mangrove_tree1}.pools[1].entries[0]: Unknown loot table called biomeswevegone:blocks/white_mangrove_leaves
[12Apr2026 16:31:41.109] [Worker-Main-2/WARN] [net.minecraft.server.ReloadableServerRegistries/]: Found loot table element validation problem in {minecraft:loot_table:bonsaitrees4:bonsai/productivetrees/ginkgo}.pools[0].entries[0]: Unknown loot table called productivetrees:blocks/ginkgo_log
[12Apr2026 16:31:41.109] [Worker-Main-2/WARN] [net.minecraft.server.ReloadableServerRegistries/]: Found loot table element validation problem in {minecraft:loot_table:bonsaitrees4:bonsai/productivetrees/blue_mahoe}.pools[1].entries[0]: Unknown loot table called productivetrees:blocks/blue_mahoe_leaves
[12Apr2026 16:31:41.109] [Worker-Main-2/WARN] [net.minecraft.server.ReloadableServerRegistries/]: Found loot table element validation problem in {minecraft:loot_table:bonsaitrees4:bonsai/biomeswevegone/pine_tree1}.pools[1].entries[0]: Unknown loot table called biomeswevegone:blocks/pine_leaves
[12Apr2026 16:31:41.109] [Worker-Main-2/WARN] [net.minecraft.server.ReloadableServerRegistries/]: Found loot table element validation problem in {minecraft:loot_table:bonsaitrees4:bonsai/productivetrees/sweet_chestnut}.pools[1].entries[1]: Unknown loot table called productivetrees:blocks/sweet_chestnut_leaves
[12Apr2026 16:31:41.109] [Worker-Main-2/WARN] [net.minecraft.server.ReloadableServerRegistries/]: Found loot table element validation problem in {minecraft:loot_table:bonsaitrees4:bonsai/regions_unexplored/pink_magnolia_tree}.pools[1].entries[0]: Unknown loot table called regions_unexplored:blocks/pink_magnolia_leaves
[12Apr2026 16:31:41.109] [Worker-Main-2/WARN] [net.minecraft.server.ReloadableServerRegistries/]: Found loot table element validation problem in {minecraft:loot_table:bonsaitrees4:bonsai/productivetrees/nutmeg}.pools[1].entries[0]: Unknown loot table called productivetrees:blocks/nutmeg_fruit
[12Apr2026 16:31:41.109] [Worker-Main-2/WARN] [net.minecraft.server.ReloadableServerRegistries/]: Found loot table element validation problem in {minecraft:loot_table:bonsaitrees4:bonsai/productivetrees/blackthorn}.pools[1].entries[1]: Unknown loot table called productivetrees:blocks/blackthorn_fruit
[12Apr2026 16:31:41.109] [Worker-Main-2/WARN] [net.minecraft.server.ReloadableServerRegistries/]: Found loot table element validation problem in {minecraft:loot_table:bonsaitrees4:bonsai/productivetrees/balsam_fir}.pools[0].entries[0]: Unknown loot table called productivetrees:blocks/balsam_fir_log
[12Apr2026 16:31:41.109] [Worker-Main-2/WARN] [net.minecraft.server.ReloadableServerRegistries/]: Found loot table element validation problem in {minecraft:loot_table:bonsaitrees4:bonsai/productivetrees/granny_smith_apple}.pools[1].entries[1]: Unknown loot table called productivetrees:blocks/granny_smith_apple_fruit
[12Apr2026 16:31:41.109] [Worker-Main-2/WARN] [net.minecraft.server.ReloadableServerRegistries/]: Found loot table element validation problem in {minecraft:loot_table:bonsaitrees4:bonsai/undergarden/huge_indigo_mushroom}.pools[0].entries[1]: Unknown loot table called undergarden:blocks/indigo_mushroom_cap
[12Apr2026 16:31:41.109] [Worker-Main-2/WARN] [net.minecraft.server.ReloadableServerRegistries/]: Found loot table element validation problem in {minecraft:loot_table:bonsaitrees4:bonsai/productivetrees/beliy_naliv_apple}.pools[0].entries[0]: Unknown loot table called productivetrees:blocks/beliy_naliv_apple_log
[12Apr2026 16:31:41.109] [Worker-Main-2/WARN] [net.minecraft.server.ReloadableServerRegistries/]: Found loot table element validation problem in {minecraft:loot_table:bonsaitrees4:bonsai/productivetrees/carob}.pools[1].entries[0]: Unknown loot table called productivetrees:blocks/carob_fruit
[12Apr2026 16:31:41.110] [Worker-Main-2/WARN] [net.minecraft.server.ReloadableServerRegistries/]: Found loot table element validation problem in {minecraft:loot_table:bonsaitrees4:bonsai/productivetrees/aspen}.pools[0].entries[0]: Unknown loot table called productivetrees:blocks/aspen_log
[12Apr2026 16:31:41.110] [Worker-Main-2/WARN] [net.minecraft.server.ReloadableServerRegistries/]: Found loot table element validation problem in {minecraft:loot_table:bonsaitrees4:bonsai/pamhc2trees/pecan}.pools[2].entries[0]: Unknown loot table called pamhc2trees:blocks/pampecan
[12Apr2026 16:31:41.110] [Worker-Main-2/WARN] [net.minecraft.server.ReloadableServerRegistries/]: Found loot table element validation problem in {minecraft:loot_table:bonsaitrees4:bonsai/productivetrees/star_anise}.pools[0].entries[0]: Unknown loot table called productivetrees:blocks/star_anise_log
[12Apr2026 16:31:41.110] [Worker-Main-2/WARN] [net.minecraft.server.ReloadableServerRegistries/]: Found loot table element validation problem in {minecraft:loot_table:bonsaitrees4:bonsai/productivetrees/butternut}.pools[0].entries[0]: Unknown loot table called productivetrees:blocks/butternut_log
[12Apr2026 16:31:41.110] [Worker-Main-2/WARN] [net.minecraft.server.ReloadableServerRegistries/]: Found loot table element validation problem in {minecraft:loot_table:bonsaitrees4:bonsai/productivetrees/apricot}.pools[0].entries[0]: Unknown loot table called productivetrees:blocks/apricot_log
[12Apr2026 16:31:41.110] [Worker-Main-2/WARN] [net.minecraft.server.ReloadableServerRegistries/]: Found loot table element validation problem in {minecraft:loot_table:bonsaitrees4:bonsai/productivetrees/jackfruit}.pools[0].entries[0]: Unknown loot table called productivetrees:blocks/jackfruit_log
[12Apr2026 16:31:41.110] [Worker-Main-2/WARN] [net.minecraft.server.ReloadableServerRegistries/]: Found loot table element validation problem in {minecraft:loot_table:bonsaitrees4:bonsai/pamhc2trees/dragonfruit}.pools[2].entries[0]: Unknown loot table called pamhc2trees:blocks/pamdragonfruit
[12Apr2026 16:31:41.110] [Worker-Main-2/WARN] [net.minecraft.server.ReloadableServerRegistries/]: Found loot table element validation problem in {minecraft:loot_table:bonsaitrees4:bonsai/productivetrees/sweet_chestnut}.pools[1].entries[0]: Unknown loot table called productivetrees:blocks/sweet_chestnut_fruit
[12Apr2026 16:31:41.110] [Worker-Main-2/WARN] [net.minecraft.server.ReloadableServerRegistries/]: Found loot table element validation problem in {minecraft:loot_table:bonsaitrees4:bonsai/productivetrees/sour_cherry}.pools[1].entries[1]: Unknown loot table called productivetrees:blocks/sour_cherry_leaves
[12Apr2026 16:31:41.110] [Worker-Main-2/WARN] [net.minecraft.server.ReloadableServerRegistries/]: Found loot table element validation problem in {minecraft:loot_table:bonsaitrees4:bonsai/productivetrees/hazel}.pools[0].entries[0]: Unknown loot table called productivetrees:blocks/hazel_log
[12Apr2026 16:31:41.110] [Worker-Main-2/WARN] [net.minecraft.server.ReloadableServerRegistries/]: Found loot table element validation problem in {minecraft:loot_table:bonsaitrees4:bonsai/productivetrees/firecracker}.pools[0].entries[0]: Unknown loot table called productivetrees:blocks/firecracker_log
[12Apr2026 16:31:41.110] [Worker-Main-2/WARN] [net.minecraft.server.ReloadableServerRegistries/]: Found loot table element validation problem in {minecraft:loot_table:bonsaitrees4:bonsai/pamhc2trees/coconut}.pools[2].entries[0]: Unknown loot table called pamhc2trees:blocks/pamcoconut
[12Apr2026 16:31:41.110] [Worker-Main-2/WARN] [net.minecraft.server.ReloadableServerRegistries/]: Found loot table element validation problem in {minecraft:loot_table:bonsaitrees4:bonsai/productivetrees/wild_cherry}.pools[0].entries[0]: Unknown loot table called productivetrees:blocks/wild_cherry_log
[12Apr2026 16:31:41.110] [Worker-Main-2/WARN] [net.minecraft.server.ReloadableServerRegistries/]: Found loot table element validation problem in {minecraft:loot_table:bonsaitrees4:bonsai/productivetrees/mahogany}.pools[1].entries[0]: Unknown loot table called productivetrees:blocks/mahogany_leaves
[12Apr2026 16:31:41.110] [Worker-Main-2/WARN] [net.minecraft.server.ReloadableServerRegistries/]: Found loot table element validation problem in {minecraft:loot_table:bonsaitrees4:bonsai/productivetrees/elderberry}.pools[1].entries[1]: Unknown loot table called productivetrees:blocks/elderberry_leaves
[12Apr2026 16:31:41.110] [Worker-Main-2/WARN] [net.minecraft.server.ReloadableServerRegistries/]: Found loot table element validation problem in {minecraft:loot_table:bonsaitrees4:bonsai/allthemodium/soul_tree}.pools[0].entries[0]: Unknown loot table called allthemodium:blocks/soul_log
[12Apr2026 16:31:41.110] [Worker-Main-2/WARN] [net.minecraft.server.ReloadableServerRegistries/]: Found loot table element validation problem in {minecraft:loot_table:bonsaitrees4:bonsai/productivetrees/purple_blackthorn}.pools[1].entries[0]: Unknown loot table called productivetrees:blocks/purple_blackthorn_leaves
[12Apr2026 16:31:41.110] [Worker-Main-2/WARN] [net.minecraft.server.ReloadableServerRegistries/]: Found loot table element validation problem in {minecraft:loot_table:bonsaitrees4:bonsai/regions_unexplored/cobalt_tree}.pools[0].entries[0]: Unknown loot table called regions_unexplored:blocks/cobalt_log
[12Apr2026 16:31:41.110] [Worker-Main-2/WARN] [net.minecraft.server.ReloadableServerRegistries/]: Found loot table element validation problem in {minecraft:loot_table:bonsaitrees4:bonsai/pamhc2trees/vanillabean}.pools[2].entries[0]: Unknown loot table called pamhc2trees:blocks/pamvanillabean
[12Apr2026 16:31:41.111] [Worker-Main-2/WARN] [net.minecraft.server.ReloadableServerRegistries/]: Found loot table element validation problem in {minecraft:loot_table:bonsaitrees4:bonsai/productivetrees/sugar_apple}.pools[1].entries[0]: Unknown loot table called productivetrees:blocks/sugar_apple_fruit
[12Apr2026 16:31:41.111] [Worker-Main-2/WARN] [net.minecraft.server.ReloadableServerRegistries/]: Found loot table element validation problem in {minecraft:loot_table:bonsaitrees4:bonsai/biomeswevegone/yellow_sakura_tree3}.pools[1].entries[0]: Unknown loot table called biomeswevegone:blocks/yellow_sakura_leaves
[12Apr2026 16:31:41.111] [Worker-Main-2/WARN] [net.minecraft.server.ReloadableServerRegistries/]: Found loot table element validation problem in {minecraft:loot_table:bonsaitrees4:bonsai/productivetrees/cinnamon}.pools[0].entries[0]: Unknown loot table called productivetrees:blocks/cinnamon_log
[12Apr2026 16:31:41.111] [Worker-Main-2/WARN] [net.minecraft.server.ReloadableServerRegistries/]: Found loot table element validation problem in {minecraft:loot_table:bonsaitrees4:bonsai/productivetrees/lemon}.pools[0].entries[0]: Unknown loot table called productivetrees:blocks/lemon_log
[12Apr2026 16:31:41.111] [Worker-Main-2/WARN] [net.minecraft.server.ReloadableServerRegistries/]: Found loot table element validation problem in {minecraft:loot_table:bonsaitrees4:bonsai/productivetrees/hornbeam}.pools[1].entries[0]: Unknown loot table called productivetrees:blocks/hornbeam_leaves
[12Apr2026 16:31:41.111] [Worker-Main-2/WARN] [net.minecraft.server.ReloadableServerRegistries/]: Found loot table element validation problem in {minecraft:loot_table:bonsaitrees4:bonsai/cobblemon/white_apricorn_tree}.pools[0].entries[0]: Unknown loot table called cobblemon:blocks/apricorn_log
[12Apr2026 16:31:41.111] [Worker-Main-2/WARN] [net.minecraft.server.ReloadableServerRegistries/]: Found loot table element validation problem in {minecraft:loot_table:bonsaitrees4:bonsai/integrateddynamics/tree_menril}.pools[1].entries[0]: Unknown loot table called integrateddynamics:blocks/menril_leaves
[12Apr2026 16:31:41.111] [Worker-Main-2/WARN] [net.minecraft.server.ReloadableServerRegistries/]: Found loot table element validation problem in {minecraft:loot_table:bonsaitrees4:bonsai/malum/soulwood_tree}.pools[0].entries[1]: Unknown loot table called malum:blocks/exposed_soulwood_log
[12Apr2026 16:31:41.111] [Worker-Main-2/WARN] [net.minecraft.server.ReloadableServerRegistries/]: Found loot table element validation problem in {minecraft:loot_table:bonsaitrees4:bonsai/productivetrees/purple_blackthorn}.pools[1].entries[1]: Unknown loot table called productivetrees:blocks/purple_blackthorn_fruit
[12Apr2026 16:31:41.111] [Worker-Main-2/WARN] [net.minecraft.server.ReloadableServerRegistries/]: Found loot table element validation problem in {minecraft:loot_table:bonsaitrees4:bonsai/biomeswevegone/aspen_tree4}.pools[0].entries[0]: Unknown loot table called biomeswevegone:blocks/aspen_log
[12Apr2026 16:31:41.111] [Worker-Main-2/WARN] [net.minecraft.server.ReloadableServerRegistries/]: Found loot table element validation problem in {minecraft:loot_table:bonsaitrees4:bonsai/productivetrees/nutmeg}.pools[1].entries[1]: Unknown loot table called productivetrees:blocks/nutmeg_leaves
[12Apr2026 16:31:41.111] [Worker-Main-2/WARN] [net.minecraft.server.ReloadableServerRegistries/]: Found loot table element validation problem in {minecraft:loot_table:bonsaitrees4:bonsai/productivetrees/silver_fir}.pools[0].entries[0]: Unknown loot table called productivetrees:blocks/silver_fir_log
[12Apr2026 16:31:41.111] [Worker-Main-2/WARN] [net.minecraft.server.ReloadableServerRegistries/]: Found loot table element validation problem in {minecraft:loot_table:bonsaitrees4:bonsai/productivetrees/elderberry}.pools[1].entries[0]: Unknown loot table called productivetrees:blocks/elderberry_fruit
[12Apr2026 16:31:41.111] [Worker-Main-2/WARN] [net.minecraft.server.ReloadableServerRegistries/]: Found loot table element validation problem in {minecraft:loot_table:bonsaitrees4:bonsai/enchanted/alder_tree}.pools[1].entries[0]: Unknown loot table called enchanted:blocks/alder_leaves
[12Apr2026 16:31:41.111] [Worker-Main-2/WARN] [net.minecraft.server.ReloadableServerRegistries/]: Found loot table element validation problem in {minecraft:loot_table:bonsaitrees4:bonsai/productivetrees/nectarine}.pools[0].entries[0]: Unknown loot table called productivetrees:blocks/nectarine_log
[12Apr2026 16:31:41.111] [Worker-Main-2/WARN] [net.minecraft.server.ReloadableServerRegistries/]: Found loot table element validation problem in {minecraft:loot_table:bonsaitrees4:bonsai/productivetrees/rippling_willow}.pools[1].entries[0]: Unknown loot table called productivetrees:blocks/rippling_willow_leaves
[12Apr2026 16:31:41.111] [Worker-Main-2/WARN] [net.minecraft.server.ReloadableServerRegistries/]: Found loot table element validation problem in {minecraft:loot_table:bonsaitrees4:bonsai/productivetrees/blackthorn}.pools[1].entries[0]: Unknown loot table called productivetrees:blocks/blackthorn_leaves
[12Apr2026 16:31:41.111] [Worker-Main-2/WARN] [net.minecraft.server.ReloadableServerRegistries/]: Found loot table element validation problem in {minecraft:loot_table:bonsaitrees4:bonsai/productivetrees/sugar_apple}.pools[1].entries[1]: Unknown loot table called productivetrees:blocks/sugar_apple_leaves
[12Apr2026 16:31:41.111] [Worker-Main-2/WARN] [net.minecraft.server.ReloadableServerRegistries/]: Found loot table element validation problem in {minecraft:loot_table:bonsaitrees4:bonsai/regions_unexplored/willow_tree}.pools[0].entries[0]: Unknown loot table called regions_unexplored:blocks/willow_log
[12Apr2026 16:31:41.111] [Worker-Main-2/WARN] [net.minecraft.server.ReloadableServerRegistries/]: Found loot table element validation problem in {minecraft:loot_table:bonsaitrees4:bonsai/regions_unexplored/pine_tree}.pools[0].entries[0]: Unknown loot table called regions_unexplored:blocks/pine_log
[12Apr2026 16:31:41.112] [Worker-Main-2/WARN] [net.minecraft.server.ReloadableServerRegistries/]: Found loot table element validation problem in {minecraft:loot_table:bonsaitrees4:bonsai/pamhc2trees/soursop}.pools[2].entries[0]: Unknown loot table called pamhc2trees:blocks/pamsoursop
[12Apr2026 16:31:41.112] [Worker-Main-2/WARN] [net.minecraft.server.ReloadableServerRegistries/]: Found loot table element validation problem in {minecraft:loot_table:bonsaitrees4:bonsai/productivetrees/osage_orange}.pools[1].entries[1]: Unknown loot table called productivetrees:blocks/osage_orange_fruit
[12Apr2026 16:31:41.112] [Worker-Main-2/WARN] [net.minecraft.server.ReloadableServerRegistries/]: Found loot table element validation problem in {minecraft:loot_table:bonsaitrees4:bonsai/malum/soulwood_tree}.pools[2].entries[0]: Unknown loot table called malum:blocks/hanging_soulwood_leaves
[12Apr2026 16:31:41.112] [Worker-Main-2/WARN] [net.minecraft.server.ReloadableServerRegistries/]: Found loot table element validation problem in {minecraft:loot_table:bonsaitrees4:bonsai/productivetrees/pistachio}.pools[1].entries[0]: Unknown loot table called productivetrees:blocks/pistachio_leaves
[12Apr2026 16:31:41.112] [Worker-Main-2/WARN] [net.minecraft.server.ReloadableServerRegistries/]: Found loot table element validation problem in {minecraft:loot_table:bonsaitrees4:bonsai/biomeswevegone/palm_tree1}.pools[1].entries[0]: Unknown loot table called biomeswevegone:blocks/palm_leaves
[12Apr2026 16:31:41.112] [Worker-Main-2/WARN] [net.minecraft.server.ReloadableServerRegistries/]: Found loot table element validation problem in {minecraft:loot_table:bonsaitrees4:bonsai/twilightforest/tree/transformation_tree}.pools[1].entries[0]: Unknown loot table called twilightforest:blocks/transformation_leaves
[12Apr2026 16:31:41.112] [Worker-Main-2/WARN] [net.minecraft.server.ReloadableServerRegistries/]: Found loot table element validation problem in {minecraft:loot_table:bonsaitrees4:bonsai/biomeswevegone/huge_weeping_milkcap1}.pools[0].entries[1]: Unknown loot table called biomeswevegone:blocks/brown_mushroom_stem
[12Apr2026 16:31:41.112] [Worker-Main-2/WARN] [net.minecraft.server.ReloadableServerRegistries/]: Found loot table element validation problem in {minecraft:loot_table:bonsaitrees4:bonsai/biomeswevegone/red_maple_tree4}.pools[0].entries[0]: Unknown loot table called biomeswevegone:blocks/maple_log
[12Apr2026 16:31:41.112] [Worker-Main-2/WARN] [net.minecraft.server.ReloadableServerRegistries/]: Found loot table element validation problem in {minecraft:loot_table:bonsaitrees4:bonsai/malum/azure_runewood_tree}.pools[0].entries[1]: Unknown loot table called malum:blocks/exposed_runewood_log
[12Apr2026 16:31:41.112] [Worker-Main-2/WARN] [net.minecraft.server.ReloadableServerRegistries/]: Found loot table element validation problem in {minecraft:loot_table:bonsaitrees4:bonsai/biomeswevegone/witch_hazel3}.pools[1].entries[1]: Unknown loot table called biomeswevegone:blocks/blooming_witch_hazel_leaves
[12Apr2026 16:31:41.112] [Worker-Main-2/WARN] [net.minecraft.server.ReloadableServerRegistries/]: Found loot table element validation problem in {minecraft:loot_table:bonsaitrees4:bonsai/biomeswevegone/cypress_tree1}.pools[1].entries[0]: Unknown loot table called biomeswevegone:blocks/cypress_leaves
[12Apr2026 16:31:41.112] [Worker-Main-2/WARN] [net.minecraft.server.ReloadableServerRegistries/]: Found loot table element validation problem in {minecraft:loot_table:bonsaitrees4:bonsai/pamhc2trees/jackfruit}.pools[2].entries[0]: Unknown loot table called pamhc2trees:blocks/pamjackfruit
[12Apr2026 16:31:41.112] [Worker-Main-2/WARN] [net.minecraft.server.ReloadableServerRegistries/]: Found loot table element validation problem in {minecraft:loot_table:bonsaitrees4:bonsai/productivetrees/osage_orange}.pools[1].entries[0]: Unknown loot table called productivetrees:blocks/osage_orange_leaves
[12Apr2026 16:31:41.112] [Worker-Main-2/WARN] [net.minecraft.server.ReloadableServerRegistries/]: Found loot table element validation problem in {minecraft:loot_table:bonsaitrees4:bonsai/pamhc2trees/lychee}.pools[2].entries[0]: Unknown loot table called pamhc2trees:blocks/pamlychee
[12Apr2026 16:31:41.112] [Worker-Main-2/WARN] [net.minecraft.server.ReloadableServerRegistries/]: Found loot table element validation problem in {minecraft:loot_table:bonsaitrees4:bonsai/productivetrees/western_hemlock}.pools[1].entries[0]: Unknown loot table called productivetrees:blocks/western_hemlock_leaves
[12Apr2026 16:31:41.112] [Worker-Main-2/WARN] [net.minecraft.server.ReloadableServerRegistries/]: Found loot table element validation problem in {minecraft:loot_table:bonsaitrees4:bonsai/productivetrees/padauk}.pools[1].entries[0]: Unknown loot table called productivetrees:blocks/padauk_leaves
[12Apr2026 16:31:41.112] [Worker-Main-2/WARN] [net.minecraft.server.ReloadableServerRegistries/]: Found loot table element validation problem in {minecraft:loot_table:bonsaitrees4:bonsai/biomeswevegone/huge_weeping_milkcap1}.pools[0].entries[0]: Unknown loot table called biomeswevegone:blocks/weeping_milkcap_mushroom_block
[12Apr2026 16:31:41.112] [Worker-Main-2/WARN] [net.minecraft.server.ReloadableServerRegistries/]: Found loot table element validation problem in {minecraft:loot_table:bonsaitrees4:bonsai/irregular_implements/spectre_tree}.pools[1].entries[0]: Unknown loot table called irregular_implements:blocks/spectre_leaves
[12Apr2026 16:31:41.112] [Worker-Main-2/WARN] [net.minecraft.server.ReloadableServerRegistries/]: Found loot table element validation problem in {minecraft:loot_table:bonsaitrees4:bonsai/productivetrees/allspice}.pools[0].entries[0]: Unknown loot table called productivetrees:blocks/allspice_log
[12Apr2026 16:31:41.112] [Worker-Main-2/WARN] [net.minecraft.server.ReloadableServerRegistries/]: Found loot table element validation problem in {minecraft:loot_table:bonsaitrees4:bonsai/regions_unexplored/palm_tree}.pools[0].entries[1]: Unknown loot table called regions_unexplored:blocks/palm_beard
[12Apr2026 16:31:41.112] [Worker-Main-2/WARN] [net.minecraft.server.ReloadableServerRegistries/]: Found loot table element validation problem in {minecraft:loot_table:bonsaitrees4:bonsai/biomeswevegone/orange_birch_tree3}.pools[1].entries[0]: Unknown loot table called biomeswevegone:blocks/orange_birch_leaves
[12Apr2026 16:31:41.112] [Worker-Main-2/WARN] [net.minecraft.server.ReloadableServerRegistries/]: Found loot table element validation problem in {minecraft:loot_table:bonsaitrees4:bonsai/productivetrees/yew}.pools[0].entries[0]: Unknown loot table called productivetrees:blocks/yew_log
[12Apr2026 16:31:41.112] [Worker-Main-2/WARN] [net.minecraft.server.ReloadableServerRegistries/]: Found loot table element validation problem in {minecraft:loot_table:bonsaitrees4:bonsai/biomeswevegone/witch_hazel3}.pools[1].entries[0]: Unknown loot table called biomeswevegone:blocks/witch_hazel_leaves
[12Apr2026 16:31:41.113] [Worker-Main-2/WARN] [net.minecraft.server.ReloadableServerRegistries/]: Found loot table element validation problem in {minecraft:loot_table:bonsaitrees4:bonsai/productivetrees/cacao}.pools[1].entries[0]: Unknown loot table called productivetrees:blocks/cacao_leaves
[12Apr2026 16:31:41.113] [Worker-Main-2/WARN] [net.minecraft.server.ReloadableServerRegistries/]: Found loot table element validation problem in {minecraft:loot_table:bonsaitrees4:bonsai/productivetrees/great_sallow}.pools[0].entries[0]: Unknown loot table called productivetrees:blocks/great_sallow_log
[12Apr2026 16:31:41.113] [Worker-Main-2/WARN] [net.minecraft.server.ReloadableServerRegistries/]: Found loot table element validation problem in {minecraft:loot_table:bonsaitrees4:bonsai/regions_unexplored/big_blackwood_tree}.pools[1].entries[0]: Unknown loot table called regions_unexplored:blocks/blackwood_leaves
[12Apr2026 16:31:41.113] [Worker-Main-2/WARN] [net.minecraft.server.ReloadableServerRegistries/]: Found loot table element validation problem in {minecraft:loot_table:bonsaitrees4:bonsai/productivetrees/satsuma}.pools[1].entries[1]: Unknown loot table called productivetrees:blocks/satsuma_leaves
[12Apr2026 16:31:41.113] [Worker-Main-2/WARN] [net.minecraft.server.ReloadableServerRegistries/]: Found loot table element validation problem in {minecraft:loot_table:bonsaitrees4:bonsai/regions_unexplored/big_blackwood_tree}.pools[0].entries[0]: Unknown loot table called regions_unexplored:blocks/blackwood_log
[12Apr2026 16:31:41.113] [Worker-Main-2/WARN] [net.minecraft.server.ReloadableServerRegistries/]: Found loot table element validation problem in {minecraft:loot_table:bonsaitrees4:bonsai/productivetrees/rosewood}.pools[1].entries[0]: Unknown loot table called productivetrees:blocks/rosewood_leaves
[12Apr2026 16:31:41.113] [Worker-Main-2/WARN] [net.minecraft.server.ReloadableServerRegistries/]: Found loot table element validation problem in {minecraft:loot_table:bonsaitrees4:bonsai/pamhc2trees/lemon}.pools[2].entries[0]: Unknown loot table called pamhc2trees:blocks/pamlemon
[12Apr2026 16:31:41.113] [Worker-Main-2/WARN] [net.minecraft.server.ReloadableServerRegistries/]: Found loot table element validation problem in {minecraft:loot_table:bonsaitrees4:bonsai/productivetrees/flowering_crabapple}.pools[1].entries[0]: Unknown loot table called productivetrees:blocks/flowering_crabapple_fruit
[12Apr2026 16:31:41.113] [Worker-Main-2/WARN] [net.minecraft.server.ReloadableServerRegistries/]: Found loot table element validation problem in {minecraft:loot_table:bonsaitrees4:bonsai/eternal_starlight/lunar}.pools[2].entries[1]: Unknown loot table called eternal_starlight:blocks/berries_vines_plant
[12Apr2026 16:31:41.113] [Worker-Main-2/WARN] [net.minecraft.server.ReloadableServerRegistries/]: Found loot table element validation problem in {minecraft:loot_table:bonsaitrees4:bonsai/productivetrees/sour_cherry}.pools[0].entries[0]: Unknown loot table called productivetrees:blocks/sour_cherry_log
[12Apr2026 16:31:41.113] [Worker-Main-2/WARN] [net.minecraft.server.ReloadableServerRegistries/]: Found loot table element validation problem in {minecraft:loot_table:bonsaitrees4:bonsai/cobblemon/black_apricorn_tree}.pools[2].entries[0]: Unknown loot table called cobblemon:blocks/black_apricorn
[12Apr2026 16:31:41.113] [Worker-Main-2/WARN] [net.minecraft.server.ReloadableServerRegistries/]: Found loot table element validation problem in {minecraft:loot_table:bonsaitrees4:bonsai/productivetrees/star_fruit}.pools[1].entries[1]: Unknown loot table called productivetrees:blocks/star_fruit_leaves
[12Apr2026 16:31:41.113] [Worker-Main-2/WARN] [net.minecraft.server.ReloadableServerRegistries/]: Found loot table element validation problem in {minecraft:loot_table:bonsaitrees4:bonsai/regions_unexplored/palm_tree}.pools[0].entries[0]: Unknown loot table called regions_unexplored:blocks/palm_log
[12Apr2026 16:31:41.113] [Worker-Main-2/WARN] [net.minecraft.server.ReloadableServerRegistries/]: Found loot table element validation problem in {minecraft:loot_table:bonsaitrees4:bonsai/productivetrees/peach}.pools[1].entries[1]: Unknown loot table called productivetrees:blocks/peach_fruit
[12Apr2026 16:31:41.113] [Worker-Main-2/WARN] [net.minecraft.server.ReloadableServerRegistries/]: Found loot table element validation problem in {minecraft:loot_table:bonsaitrees4:bonsai/productivetrees/rowan}.pools[0].entries[0]: Unknown loot table called productivetrees:blocks/rowan_log
[12Apr2026 16:31:41.113] [Worker-Main-2/WARN] [net.minecraft.server.ReloadableServerRegistries/]: Found loot table element validation problem in {minecraft:loot_table:bonsaitrees4:bonsai/productivetrees/persimmon}.pools[0].entries[0]: Unknown loot table called productivetrees:blocks/persimmon_log
[12Apr2026 16:31:41.113] [Worker-Main-2/WARN] [net.minecraft.server.ReloadableServerRegistries/]: Found loot table element validation problem in {minecraft:loot_table:bonsaitrees4:bonsai/productivetrees/satsuma}.pools[1].entries[0]: Unknown loot table called productivetrees:blocks/satsuma_fruit
[12Apr2026 16:31:41.113] [Worker-Main-2/WARN] [net.minecraft.server.ReloadableServerRegistries/]: Found loot table element validation problem in {minecraft:loot_table:bonsaitrees4:bonsai/twilightforest/tree/mangrove_tree}.pools[0].entries[1]: Unknown loot table called twilightforest:blocks/mangrove_wood
[12Apr2026 16:31:41.113] [Worker-Main-2/WARN] [net.minecraft.server.ReloadableServerRegistries/]: Found loot table element validation problem in {minecraft:loot_table:bonsaitrees4:bonsai/productivetrees/pistachio}.pools[1].entries[1]: Unknown loot table called productivetrees:blocks/pistachio_fruit
[12Apr2026 16:31:41.113] [Worker-Main-2/WARN] [net.minecraft.server.ReloadableServerRegistries/]: Found loot table element validation problem in {minecraft:loot_table:bonsaitrees4:bonsai/productivetrees/flowering_crabapple}.pools[1].entries[1]: Unknown loot table called productivetrees:blocks/flowering_crabapple_leaves
[12Apr2026 16:31:41.113] [Worker-Main-2/WARN] [net.minecraft.server.ReloadableServerRegistries/]: Found loot table element validation problem in {minecraft:loot_table:bonsaitrees4:bonsai/regions_unexplored/silver_birch_tree}.pools[0].entries[0]: Unknown loot table called regions_unexplored:blocks/silver_birch_log
[12Apr2026 16:31:41.113] [Worker-Main-2/WARN] [net.minecraft.server.ReloadableServerRegistries/]: Found loot table element validation problem in {minecraft:loot_table:bonsaitrees4:bonsai/eternal_starlight/torreya}.pools[1].entries[0]: Unknown loot table called eternal_starlight:blocks/torreya_leaves
[12Apr2026 16:31:41.114] [Worker-Main-2/WARN] [net.minecraft.server.ReloadableServerRegistries/]: Found loot table element validation problem in {minecraft:loot_table:minecraft:chests/pillager_outpost}.pools[6].entries[0]: Unknown loot table called supplementaries:inject/pillager_quiver
[12Apr2026 16:31:41.114] [Worker-Main-2/WARN] [net.minecraft.server.ReloadableServerRegistries/]: Found loot table element validation problem in {minecraft:loot_table:bonsaitrees4:bonsai/pamhc2trees/pawpaw}.pools[2].entries[0]: Unknown loot table called pamhc2trees:blocks/pampawpaw
[12Apr2026 16:31:41.114] [Worker-Main-2/WARN] [net.minecraft.server.ReloadableServerRegistries/]: Found loot table element validation problem in {minecraft:loot_table:bonsaitrees4:bonsai/productivetrees/star_fruit}.pools[1].entries[0]: Unknown loot table called productivetrees:blocks/star_fruit_fruit
[12Apr2026 16:31:41.114] [Worker-Main-2/WARN] [net.minecraft.server.ReloadableServerRegistries/]: Found loot table element validation problem in {minecraft:loot_table:bonsaitrees4:bonsai/productivetrees/rubber_tree}.pools[1].entries[0]: Unknown loot table called productivetrees:blocks/rubber_tree_leaves
[12Apr2026 16:31:41.114] [Worker-Main-2/WARN] [net.minecraft.server.ReloadableServerRegistries/]: Found loot table element validation problem in {minecraft:loot_table:bonsaitrees4:bonsai/malum/azure_runewood_tree}.pools[2].entries[0]: Unknown loot table called malum:blocks/hanging_azure_runewood_leaves
[12Apr2026 16:31:41.114] [Worker-Main-2/WARN] [net.minecraft.server.ReloadableServerRegistries/]: Found loot table element validation problem in {minecraft:loot_table:bonsaitrees4:bonsai/malum/azure_runewood_tree}.pools[0].entries[0]: Unknown loot table called malum:blocks/runewood_log
[12Apr2026 16:31:41.114] [Worker-Main-2/WARN] [net.minecraft.server.ReloadableServerRegistries/]: Found loot table element validation problem in {minecraft:loot_table:bonsaitrees4:bonsai/productivetrees/copoazu}.pools[0].entries[0]: Unknown loot table called productivetrees:blocks/copoazu_log
[12Apr2026 16:31:41.114] [Worker-Main-2/WARN] [net.minecraft.server.ReloadableServerRegistries/]: Found loot table element validation problem in {minecraft:loot_table:bonsaitrees4:bonsai/productivetrees/avocado}.pools[0].entries[0]: Unknown loot table called productivetrees:blocks/avocado_log
[12Apr2026 16:31:41.114] [Worker-Main-2/WARN] [net.minecraft.server.ReloadableServerRegistries/]: Found loot table element validation problem in {minecraft:loot_table:bonsaitrees4:bonsai/herbsandharvest/peach_fruit_tree}.pools[1].entries[0]: Unknown loot table called herbsandharvest:blocks/fruit_leaves
[12Apr2026 16:31:41.114] [Worker-Main-2/WARN] [net.minecraft.server.ReloadableServerRegistries/]: Found loot table element validation problem in {minecraft:loot_table:bonsaitrees4:bonsai/regions_unexplored/medium_joshua_tree}.pools[0].entries[0]: Unknown loot table called regions_unexplored:blocks/joshua_log
[12Apr2026 16:31:41.114] [Worker-Main-2/WARN] [net.minecraft.server.ReloadableServerRegistries/]: Found loot table element validation problem in {minecraft:loot_table:bonsaitrees4:bonsai/biomeswevegone/brown_zelkova_tree1}.pools[1].entries[0]: Unknown loot table called biomeswevegone:blocks/brown_zelkova_leaves
[12Apr2026 16:31:41.114] [Worker-Main-2/WARN] [net.minecraft.server.ReloadableServerRegistries/]: Found loot table element validation problem in {minecraft:loot_table:bonsaitrees4:bonsai/productivetrees/apricot}.pools[1].entries[1]: Unknown loot table called productivetrees:blocks/apricot_fruit
[12Apr2026 16:31:41.114] [Worker-Main-2/WARN] [net.minecraft.server.ReloadableServerRegistries/]: Found loot table element validation problem in {minecraft:loot_table:bonsaitrees4:bonsai/productivetrees/blue_mahoe}.pools[0].entries[0]: Unknown loot table called productivetrees:blocks/blue_mahoe_log
[12Apr2026 16:31:41.114] [Worker-Main-2/WARN] [net.minecraft.server.ReloadableServerRegistries/]: Found loot table element validation problem in {minecraft:loot_table:bonsaitrees4:bonsai/eternal_starlight/torreya}.pools[2].entries[0]: Unknown loot table called eternal_starlight:blocks/torreya_vines
[12Apr2026 16:31:41.114] [Worker-Main-2/WARN] [net.minecraft.server.ReloadableServerRegistries/]: Found loot table element validation problem in {minecraft:loot_table:bonsaitrees4:bonsai/productivetrees/thunder_bolt}.pools[1].entries[0]: Unknown loot table called productivetrees:blocks/thunder_bolt_leaves
[12Apr2026 16:31:41.114] [Worker-Main-2/WARN] [net.minecraft.server.ReloadableServerRegistries/]: Found loot table element validation problem in {minecraft:loot_table:bonsaitrees4:bonsai/productivetrees/granny_smith_apple}.pools[0].entries[0]: Unknown loot table called productivetrees:blocks/granny_smith_apple_log
[12Apr2026 16:31:41.114] [Worker-Main-2/WARN] [net.minecraft.server.ReloadableServerRegistries/]: Found loot table element validation problem in {minecraft:loot_table:bonsaitrees4:bonsai/regions_unexplored/medium_joshua_tree}.pools[0].entries[1]: Unknown loot table called regions_unexplored:blocks/joshua_beard
[12Apr2026 16:31:41.114] [Worker-Main-2/WARN] [net.minecraft.server.ReloadableServerRegistries/]: Found loot table element validation problem in {minecraft:loot_table:bonsaitrees4:bonsai/eternal_starlight/torreya}.pools[2].entries[1]: Unknown loot table called eternal_starlight:blocks/torreya_vines_plant
[12Apr2026 16:31:41.114] [Worker-Main-2/WARN] [net.minecraft.server.ReloadableServerRegistries/]: Found loot table element validation problem in {minecraft:loot_table:bonsaitrees4:bonsai/productivetrees/key_lime}.pools[1].entries[0]: Unknown loot table called productivetrees:blocks/key_lime_leaves
[12Apr2026 16:31:41.114] [Worker-Main-2/WARN] [net.minecraft.server.ReloadableServerRegistries/]: Found loot table element validation problem in {minecraft:loot_table:bonsaitrees4:bonsai/productivetrees/apricot}.pools[1].entries[0]: Unknown loot table called productivetrees:blocks/apricot_leaves
[12Apr2026 16:31:41.114] [Worker-Main-2/WARN] [net.minecraft.server.ReloadableServerRegistries/]: Found loot table element validation problem in {minecraft:loot_table:bonsaitrees4:bonsai/productivetrees/brazil_nut}.pools[0].entries[0]: Unknown loot table called productivetrees:blocks/brazil_nut_log
[12Apr2026 16:31:41.114] [Worker-Main-2/WARN] [net.minecraft.server.ReloadableServerRegistries/]: Found loot table element validation problem in {minecraft:loot_table:bonsaitrees4:bonsai/productivetrees/cherry_plum}.pools[1].entries[1]: Unknown loot table called productivetrees:blocks/cherry_plum_leaves
[12Apr2026 16:31:41.114] [Worker-Main-2/WARN] [net.minecraft.server.ReloadableServerRegistries/]: Found loot table element validation problem in {minecraft:loot_table:bonsaitrees4:bonsai/productivetrees/carob}.pools[0].entries[0]: Unknown loot table called productivetrees:blocks/carob_log
[12Apr2026 16:31:41.114] [Worker-Main-2/WARN] [net.minecraft.server.ReloadableServerRegistries/]: Found loot table element validation problem in {minecraft:loot_table:bonsaitrees4:bonsai/pamhc2trees/hazelnut}.pools[2].entries[0]: Unknown loot table called pamhc2trees:blocks/pamhazelnut
[12Apr2026 16:31:41.115] [Worker-Main-2/WARN] [net.minecraft.server.ReloadableServerRegistries/]: Found loot table element validation problem in {minecraft:loot_table:bonsaitrees4:bonsai/productivetrees/hazel}.pools[1].entries[1]: Unknown loot table called productivetrees:blocks/hazel_leaves
[12Apr2026 16:31:41.115] [Worker-Main-2/WARN] [net.minecraft.server.ReloadableServerRegistries/]: Found loot table element validation problem in {minecraft:loot_table:bonsaitrees4:bonsai/productivetrees/cultivated_pear}.pools[0].entries[0]: Unknown loot table called productivetrees:blocks/cultivated_pear_log
[12Apr2026 16:31:41.115] [Worker-Main-2/WARN] [net.minecraft.server.ReloadableServerRegistries/]: Found loot table element validation problem in {minecraft:loot_table:bonsaitrees4:bonsai/productivetrees/time_traveller}.pools[0].entries[0]: Unknown loot table called productivetrees:blocks/time_traveller_log
[12Apr2026 16:31:41.115] [Worker-Main-2/WARN] [net.minecraft.server.ReloadableServerRegistries/]: Found loot table element validation problem in {minecraft:loot_table:bonsaitrees4:bonsai/regions_unexplored/alpha_oak_tree}.pools[0].entries[0]: Unknown loot table called regions_unexplored:blocks/alpha_log
[12Apr2026 16:31:41.115] [Worker-Main-2/WARN] [net.minecraft.server.ReloadableServerRegistries/]: Found loot table element validation problem in {minecraft:loot_table:bonsaitrees4:bonsai/productivetrees/firecracker}.pools[1].entries[0]: Unknown loot table called productivetrees:blocks/firecracker_leaves
[12Apr2026 16:31:41.115] [Worker-Main-2/WARN] [net.minecraft.server.ReloadableServerRegistries/]: Found loot table element validation problem in {minecraft:loot_table:bonsaitrees4:bonsai/pamhc2trees/spiderweb}.pools[2].entries[0]: Unknown loot table called pamhc2trees:blocks/pamspiderweb
[12Apr2026 16:31:41.115] [Worker-Main-2/WARN] [net.minecraft.server.ReloadableServerRegistries/]: Found loot table element validation problem in {minecraft:loot_table:bonsaitrees4:bonsai/productivetrees/loblolly_pine}.pools[1].entries[0]: Unknown loot table called productivetrees:blocks/loblolly_pine_leaves
[12Apr2026 16:31:41.115] [Worker-Main-2/WARN] [net.minecraft.server.ReloadableServerRegistries/]: Found loot table element validation problem in {minecraft:loot_table:bonsaitrees4:bonsai/productivetrees/pecan}.pools[0].entries[0]: Unknown loot table called productivetrees:blocks/pecan_log
[12Apr2026 16:31:41.115] [Worker-Main-2/WARN] [net.minecraft.server.ReloadableServerRegistries/]: Found loot table element validation problem in {minecraft:loot_table:bonsaitrees4:bonsai/allthemodium/ancient_tree}.pools[0].entries[0]: Unknown loot table called allthemodium:blocks/ancient_log_0
[12Apr2026 16:31:41.115] [Worker-Main-2/WARN] [net.minecraft.server.ReloadableServerRegistries/]: Found loot table element validation problem in {minecraft:loot_table:bonsaitrees4:bonsai/biomeswevegone/mahogany_tree1}.pools[1].entries[0]: Unknown loot table called biomeswevegone:blocks/mahogany_leaves
[12Apr2026 16:31:41.115] [Worker-Main-2/WARN] [net.minecraft.server.ReloadableServerRegistries/]: Found loot table element validation problem in {minecraft:loot_table:bonsaitrees4:bonsai/productivetrees/wild_cherry}.pools[1].entries[0]: Unknown loot table called productivetrees:blocks/wild_cherry_fruit
[12Apr2026 16:31:41.115] [Worker-Main-2/WARN] [net.minecraft.server.ReloadableServerRegistries/]: Found loot table element validation problem in {minecraft:loot_table:bonsaitrees4:bonsai/productivetrees/sweet_crabapple}.pools[1].entries[1]: Unknown loot table called productivetrees:blocks/sweet_crabapple_leaves
[12Apr2026 16:31:41.115] [Worker-Main-2/WARN] [net.minecraft.server.ReloadableServerRegistries/]: Found loot table element validation problem in {minecraft:loot_table:bonsaitrees4:bonsai/productivetrees/mahogany}.pools[0].entries[0]: Unknown loot table called productivetrees:blocks/mahogany_log
[12Apr2026 16:31:41.115] [Worker-Main-2/WARN] [net.minecraft.server.ReloadableServerRegistries/]: Found loot table element validation problem in {minecraft:loot_table:bonsaitrees4:bonsai/productivetrees/hornbeam}.pools[0].entries[0]: Unknown loot table called productivetrees:blocks/hornbeam_log
[12Apr2026 16:31:41.115] [Worker-Main-2/WARN] [net.minecraft.server.ReloadableServerRegistries/]: Found loot table element validation problem in {minecraft:loot_table:bonsaitrees4:bonsai/productivetrees/hazel}.pools[1].entries[0]: Unknown loot table called productivetrees:blocks/hazel_fruit
[12Apr2026 16:31:41.115] [Worker-Main-2/WARN] [net.minecraft.server.ReloadableServerRegistries/]: Found loot table element validation problem in {minecraft:loot_table:bonsaitrees4:bonsai/productivetrees/cinnamon}.pools[1].entries[0]: Unknown loot table called productivetrees:blocks/cinnamon_leaves
[12Apr2026 16:31:41.115] [Worker-Main-2/WARN] [net.minecraft.server.ReloadableServerRegistries/]: Found loot table element validation problem in {minecraft:loot_table:bonsaitrees4:bonsai/herbsandharvest/peach_fruit_tree}.pools[1].entries[1]: Unknown loot table called herbsandharvest:blocks/peach_fruit_leaves
[12Apr2026 16:31:41.115] [Worker-Main-2/WARN] [net.minecraft.server.ReloadableServerRegistries/]: Found loot table element validation problem in {minecraft:loot_table:bonsaitrees4:bonsai/cobblemon/white_apricorn_tree}.pools[1].entries[0]: Unknown loot table called cobblemon:blocks/apricorn_leaves
[12Apr2026 16:31:41.115] [Worker-Main-2/WARN] [net.minecraft.server.ReloadableServerRegistries/]: Found loot table element validation problem in {minecraft:loot_table:bonsaitrees4:bonsai/productivetrees/sweet_crabapple}.pools[1].entries[0]: Unknown loot table called productivetrees:blocks/sweet_crabapple_fruit
[12Apr2026 16:31:41.115] [Worker-Main-2/WARN] [net.minecraft.server.ReloadableServerRegistries/]: Found loot table element validation problem in {minecraft:loot_table:bonsaitrees4:bonsai/productivetrees/cocobolo}.pools[0].entries[0]: Unknown loot table called productivetrees:blocks/cocobolo_log
[12Apr2026 16:31:41.115] [Worker-Main-2/WARN] [net.minecraft.server.ReloadableServerRegistries/]: Found loot table element validation problem in {minecraft:loot_table:bonsaitrees4:bonsai/productivetrees/wild_cherry}.pools[1].entries[1]: Unknown loot table called productivetrees:blocks/wild_cherry_leaves
[12Apr2026 16:31:41.115] [Worker-Main-2/WARN] [net.minecraft.server.ReloadableServerRegistries/]: Found loot table element validation problem in {minecraft:loot_table:bonsaitrees4:bonsai/productivetrees/silver_lime}.pools[1].entries[0]: Unknown loot table called productivetrees:blocks/silver_lime_leaves
[12Apr2026 16:31:41.115] [Worker-Main-2/WARN] [net.minecraft.server.ReloadableServerRegistries/]: Found loot table element validation problem in {minecraft:loot_table:bonsaitrees4:bonsai/biomeswevegone/aspen_tree4}.pools[1].entries[0]: Unknown loot table called biomeswevegone:blocks/aspen_leaves
[12Apr2026 16:31:41.115] [Worker-Main-2/WARN] [net.minecraft.server.ReloadableServerRegistries/]: Found loot table element validation problem in {minecraft:loot_table:bonsaitrees4:bonsai/biomeswevegone/holly_tree1}.pools[1].entries[1]: Unknown loot table called biomeswevegone:blocks/holly_berry_leaves
[12Apr2026 16:31:41.116] [Worker-Main-2/WARN] [net.minecraft.server.ReloadableServerRegistries/]: Found loot table element validation problem in {minecraft:loot_table:bonsaitrees4:bonsai/enchanted/alder_tree}.pools[0].entries[0]: Unknown loot table called enchanted:blocks/alder_log
[12Apr2026 16:31:41.116] [Worker-Main-2/WARN] [net.minecraft.server.ReloadableServerRegistries/]: Found loot table element validation problem in {minecraft:loot_table:bonsaitrees4:bonsai/regions_unexplored/giant_blue_bioshroom}.pools[0].entries[0]: Unknown loot table called regions_unexplored:blocks/blue_bioshroom_stem
[12Apr2026 16:31:41.116] [Worker-Main-2/WARN] [net.minecraft.server.ReloadableServerRegistries/]: Found loot table element validation problem in {minecraft:loot_table:bonsaitrees4:bonsai/pamhc2trees/banana}.pools[2].entries[0]: Unknown loot table called pamhc2trees:blocks/pambanana
[12Apr2026 16:31:41.116] [Worker-Main-2/WARN] [net.minecraft.server.ReloadableServerRegistries/]: Found loot table element validation problem in {minecraft:loot_table:bonsaitrees4:bonsai/productivetrees/red_crepe_myrtle}.pools[0].entries[0]: Unknown loot table called productivetrees:blocks/red_crepe_myrtle_log
[12Apr2026 16:31:41.116] [Worker-Main-2/WARN] [net.minecraft.server.ReloadableServerRegistries/]: Found loot table element validation problem in {minecraft:loot_table:bonsaitrees4:bonsai/productivetrees/mandarin}.pools[1].entries[1]: Unknown loot table called productivetrees:blocks/mandarin_leaves
[12Apr2026 16:31:41.116] [Worker-Main-2/WARN] [net.minecraft.server.ReloadableServerRegistries/]: Found loot table element validation problem in {minecraft:loot_table:bonsaitrees4:bonsai/productivetrees/juniper}.pools[1].entries[0]: Unknown loot table called productivetrees:blocks/juniper_leaves
[12Apr2026 16:31:41.116] [Worker-Main-2/WARN] [net.minecraft.server.ReloadableServerRegistries/]: Found loot table element validation problem in {minecraft:loot_table:bonsaitrees4:bonsai/biomeswevegone/blue_enchanted_sapling_tree2}.pools[0].entries[0]: Unknown loot table called biomeswevegone:blocks/blue_enchanted_log
[12Apr2026 16:31:41.116] [Worker-Main-2/WARN] [net.minecraft.server.ReloadableServerRegistries/]: Found loot table element validation problem in {minecraft:loot_table:bonsaitrees4:bonsai/productivetrees/sparkle_cherry}.pools[1].entries[0]: Unknown loot table called productivetrees:blocks/sparkle_cherry_leaves
[12Apr2026 16:31:41.116] [Worker-Main-2/WARN] [net.minecraft.server.ReloadableServerRegistries/]: Found loot table element validation problem in {minecraft:loot_table:bonsaitrees4:bonsai/biomeswevegone/holly_tree1}.pools[1].entries[0]: Unknown loot table called biomeswevegone:blocks/holly_leaves
[12Apr2026 16:31:41.116] [Worker-Main-2/WARN] [net.minecraft.server.ReloadableServerRegistries/]: Found loot table element validation problem in {minecraft:loot_table:bonsaitrees4:bonsai/twilightforest/tree/mining_tree}.pools[0].entries[1]: Unknown loot table called twilightforest:blocks/mining_wood
[12Apr2026 16:31:41.116] [Worker-Main-2/WARN] [net.minecraft.server.ReloadableServerRegistries/]: Found loot table element validation problem in {minecraft:loot_table:bonsaitrees4:bonsai/biomeswevegone/red_birch_tree3}.pools[1].entries[0]: Unknown loot table called biomeswevegone:blocks/red_birch_leaves
[12Apr2026 16:31:41.116] [Worker-Main-2/WARN] [net.minecraft.server.ReloadableServerRegistries/]: Found loot table element validation problem in {minecraft:loot_table:bonsaitrees4:bonsai/productivetrees/kumquat}.pools[1].entries[0]: Unknown loot table called productivetrees:blocks/kumquat_fruit
[12Apr2026 16:31:41.116] [Worker-Main-2/WARN] [net.minecraft.server.ReloadableServerRegistries/]: Found loot table element validation problem in {minecraft:loot_table:bonsaitrees4:bonsai/pamhc2trees/passionfruit}.pools[2].entries[0]: Unknown loot table called pamhc2trees:blocks/pampassionfruit
[12Apr2026 16:31:41.116] [Worker-Main-2/WARN] [net.minecraft.server.ReloadableServerRegistries/]: Found loot table element validation problem in {minecraft:loot_table:bonsaitrees4:bonsai/productivetrees/juniper}.pools[1].entries[1]: Unknown loot table called productivetrees:blocks/juniper_fruit
[12Apr2026 16:31:41.116] [Worker-Main-2/WARN] [net.minecraft.server.ReloadableServerRegistries/]: Found loot table element validation problem in {minecraft:loot_table:bonsaitrees4:bonsai/productivetrees/slimy_delight}.pools[0].entries[0]: Unknown loot table called productivetrees:blocks/slimy_delight_log
[12Apr2026 16:31:41.116] [Worker-Main-2/WARN] [net.minecraft.server.ReloadableServerRegistries/]: Found loot table element validation problem in {minecraft:loot_table:bonsaitrees4:bonsai/productivetrees/white_ipe}.pools[0].entries[0]: Unknown loot table called productivetrees:blocks/white_ipe_log
[12Apr2026 16:31:41.116] [Worker-Main-2/WARN] [net.minecraft.server.ReloadableServerRegistries/]: Found loot table element validation problem in {minecraft:loot_table:bonsaitrees4:bonsai/biomeswevegone/skyris_tree1}.pools[0].entries[0]: Unknown loot table called biomeswevegone:blocks/skyris_log
[12Apr2026 16:31:41.116] [Worker-Main-2/WARN] [net.minecraft.server.ReloadableServerRegistries/]: Found loot table element validation problem in {minecraft:loot_table:bonsaitrees4:bonsai/productivetrees/date_palm}.pools[1].entries[0]: Unknown loot table called productivetrees:blocks/date_palm_fruit
[12Apr2026 16:31:41.116] [Worker-Main-2/WARN] [net.minecraft.server.ReloadableServerRegistries/]: Found loot table element validation problem in {minecraft:loot_table:bonsaitrees4:bonsai/biomeswevegone/large_brown_oak_tree1}.pools[1].entries[0]: Unknown loot table called biomeswevegone:blocks/brown_oak_leaves
[12Apr2026 16:31:41.116] [Worker-Main-2/WARN] [net.minecraft.server.ReloadableServerRegistries/]: Found loot table element validation problem in {minecraft:loot_table:bonsaitrees4:bonsai/pamhc2trees/rambutan}.pools[2].entries[0]: Unknown loot table called pamhc2trees:blocks/pamrambutan
[12Apr2026 16:31:41.116] [Worker-Main-2/WARN] [net.minecraft.server.ReloadableServerRegistries/]: Found loot table element validation problem in {minecraft:loot_table:bonsaitrees4:bonsai/productivetrees/bull_pine}.pools[0].entries[0]: Unknown loot table called productivetrees:blocks/bull_pine_log
[12Apr2026 16:31:41.116] [Worker-Main-2/WARN] [net.minecraft.server.ReloadableServerRegistries/]: Found loot table element validation problem in {minecraft:loot_table:bonsaitrees4:bonsai/productivetrees/black_locust}.pools[0].entries[0]: Unknown loot table called productivetrees:blocks/black_locust_log
[12Apr2026 16:31:41.116] [Worker-Main-2/WARN] [net.minecraft.server.ReloadableServerRegistries/]: Found loot table element validation problem in {minecraft:loot_table:bonsaitrees4:bonsai/productivetrees/olive}.pools[1].entries[1]: Unknown loot table called productivetrees:blocks/olive_leaves
[12Apr2026 16:31:41.117] [Worker-Main-2/WARN] [net.minecraft.server.ReloadableServerRegistries/]: Found loot table element validation problem in {minecraft:loot_table:bonsaitrees4:bonsai/pamhc2trees/avocado}.pools[2].entries[0]: Unknown loot table called pamhc2trees:blocks/pamavocado
[12Apr2026 16:31:41.117] [Worker-Main-2/WARN] [net.minecraft.server.ReloadableServerRegistries/]: Found loot table element validation problem in {minecraft:loot_table:bonsaitrees4:bonsai/paganbless/black_thorn_tree}.pools[0].entries[0]: Unknown loot table called paganbless:blocks/black_thorn_log
[12Apr2026 16:31:41.117] [Worker-Main-2/WARN] [net.minecraft.server.ReloadableServerRegistries/]: Found loot table element validation problem in {minecraft:loot_table:bonsaitrees4:bonsai/productivetrees/citron}.pools[1].entries[0]: Unknown loot table called productivetrees:blocks/citron_fruit
[12Apr2026 16:31:41.117] [Worker-Main-2/WARN] [net.minecraft.server.ReloadableServerRegistries/]: Found loot table element validation problem in {minecraft:loot_table:bonsaitrees4:bonsai/undergarden/smogstem_tree}.pools[1].entries[0]: Unknown loot table called undergarden:blocks/smogstem_leaves
[12Apr2026 16:31:41.117] [Worker-Main-2/WARN] [net.minecraft.server.ReloadableServerRegistries/]: Found loot table element validation problem in {minecraft:loot_table:bonsaitrees4:bonsai/biomeswevegone/spruce_blue_tree_medium2}.pools[1].entries[0]: Unknown loot table called biomeswevegone:blocks/blue_spruce_leaves
[12Apr2026 16:31:41.117] [Worker-Main-2/WARN] [net.minecraft.server.ReloadableServerRegistries/]: Found loot table element validation problem in {minecraft:loot_table:bonsaitrees4:bonsai/twilightforest/tree/mining_tree}.pools[0].entries[0]: Unknown loot table called twilightforest:blocks/mining_log
[12Apr2026 16:31:41.117] [Worker-Main-2/WARN] [net.minecraft.server.ReloadableServerRegistries/]: Found loot table element validation problem in {minecraft:loot_table:bonsaitrees4:bonsai/biomeswevegone/conifer_tree5}.pools[0].entries[0]: Unknown loot table called biomeswevegone:blocks/fir_log
[12Apr2026 16:31:41.117] [Worker-Main-2/WARN] [net.minecraft.server.ReloadableServerRegistries/]: Found loot table element validation problem in {minecraft:loot_table:bonsaitrees4:bonsai/productivetrees/old_fustic}.pools[0].entries[0]: Unknown loot table called productivetrees:blocks/old_fustic_log
[12Apr2026 16:31:41.117] [Worker-Main-2/WARN] [net.minecraft.server.ReloadableServerRegistries/]: Found loot table element validation problem in {minecraft:loot_table:bonsaitrees4:bonsai/pamhc2trees/breadfruit}.pools[2].entries[0]: Unknown loot table called pamhc2trees:blocks/pambreadfruit
[12Apr2026 16:31:41.117] [Worker-Main-2/WARN] [net.minecraft.server.ReloadableServerRegistries/]: Found loot table element validation problem in {minecraft:loot_table:bonsaitrees4:bonsai/productivetrees/swamp_gum}.pools[0].entries[0]: Unknown loot table called productivetrees:blocks/swamp_gum_log
[12Apr2026 16:31:41.117] [Worker-Main-2/WARN] [net.minecraft.server.ReloadableServerRegistries/]: Found loot table element validation problem in {minecraft:loot_table:bonsaitrees4:bonsai/productivetrees/kumquat}.pools[1].entries[1]: Unknown loot table called productivetrees:blocks/kumquat_leaves
[12Apr2026 16:31:41.117] [Worker-Main-2/WARN] [net.minecraft.server.ReloadableServerRegistries/]: Found loot table element validation problem in {minecraft:loot_table:bonsaitrees4:bonsai/cobblemon/pink_apricorn_tree}.pools[1].entries[0]: Unknown loot table called cobblemon:blocks/apricorn_leaves
[12Apr2026 16:31:41.117] [Worker-Main-2/WARN] [net.minecraft.server.ReloadableServerRegistries/]: Found loot table element validation problem in {minecraft:loot_table:bonsaitrees4:bonsai/productivetrees/brazilwood}.pools[0].entries[0]: Unknown loot table called productivetrees:blocks/brazilwood_log
[12Apr2026 16:31:41.117] [Worker-Main-2/WARN] [net.minecraft.server.ReloadableServerRegistries/]: Found loot table element validation problem in {minecraft:loot_table:bonsaitrees4:bonsai/regions_unexplored/eucalyptus_tree}.pools[0].entries[1]: Unknown loot table called regions_unexplored:blocks/eucalyptus_branch
[12Apr2026 16:31:41.117] [Worker-Main-2/WARN] [net.minecraft.server.ReloadableServerRegistries/]: Found loot table element validation problem in {minecraft:loot_table:bonsaitrees4:bonsai/deeperdarker/tree_echo}.pools[0].entries[0]: Unknown loot table called deeperdarker:blocks/echo_log
[12Apr2026 16:31:41.117] [Worker-Main-2/WARN] [net.minecraft.server.ReloadableServerRegistries/]: Found loot table element validation problem in {minecraft:loot_table:bonsaitrees4:bonsai/productivetrees/walnut}.pools[1].entries[1]: Unknown loot table called productivetrees:blocks/walnut_leaves
[12Apr2026 16:31:41.117] [Worker-Main-2/WARN] [net.minecraft.server.ReloadableServerRegistries/]: Found loot table element validation problem in {minecraft:loot_table:bonsaitrees4:bonsai/productivetrees/olive}.pools[1].entries[0]: Unknown loot table called productivetrees:blocks/olive_fruit
[12Apr2026 16:31:41.117] [Worker-Main-2/WARN] [net.minecraft.server.ReloadableServerRegistries/]: Found loot table element validation problem in {minecraft:loot_table:bonsaitrees4:bonsai/productivetrees/sand_pear}.pools[1].entries[0]: Unknown loot table called productivetrees:blocks/sand_pear_fruit
[12Apr2026 16:31:41.117] [Worker-Main-2/WARN] [net.minecraft.server.ReloadableServerRegistries/]: Found loot table element validation problem in {minecraft:loot_table:bonsaitrees4:bonsai/productivetrees/elm}.pools[1].entries[0]: Unknown loot table called productivetrees:blocks/elm_leaves
[12Apr2026 16:31:41.117] [Worker-Main-2/WARN] [net.minecraft.server.ReloadableServerRegistries/]: Found loot table element validation problem in {minecraft:loot_table:bonsaitrees4:bonsai/productivetrees/butternut}.pools[1].entries[0]: Unknown loot table called productivetrees:blocks/butternut_leaves
[12Apr2026 16:31:41.117] [Worker-Main-2/WARN] [net.minecraft.server.ReloadableServerRegistries/]: Found loot table element validation problem in {minecraft:loot_table:bonsaitrees4:bonsai/productivetrees/copper_beech}.pools[1].entries[1]: Unknown loot table called productivetrees:blocks/copper_beech_leaves
[12Apr2026 16:31:41.118] [Worker-Main-2/WARN] [net.minecraft.server.ReloadableServerRegistries/]: Found loot table element validation problem in {minecraft:loot_table:bonsaitrees4:bonsai/productivetrees/tangerine}.pools[0].entries[0]: Unknown loot table called productivetrees:blocks/tangerine_log
[12Apr2026 16:31:41.118] [Worker-Main-2/WARN] [net.minecraft.server.ReloadableServerRegistries/]: Found loot table element validation problem in {minecraft:loot_table:bonsaitrees4:bonsai/productivetrees/foggy_blast}.pools[0].entries[0]: Unknown loot table called productivetrees:blocks/foggy_blast_log
[12Apr2026 16:31:41.118] [Worker-Main-2/WARN] [net.minecraft.server.ReloadableServerRegistries/]: Found loot table element validation problem in {minecraft:loot_table:bonsaitrees4:bonsai/productivetrees/cherry_plum}.pools[1].entries[0]: Unknown loot table called productivetrees:blocks/cherry_plum_fruit
[12Apr2026 16:31:41.118] [Worker-Main-2/WARN] [net.minecraft.server.ReloadableServerRegistries/]: Found loot table element validation problem in {minecraft:loot_table:bonsaitrees4:bonsai/regions_unexplored/red_maple_tree}.pools[1].entries[0]: Unknown loot table called regions_unexplored:blocks/red_maple_leaves
[12Apr2026 16:31:41.118] [Worker-Main-2/WARN] [net.minecraft.server.ReloadableServerRegistries/]: Found loot table element validation problem in {minecraft:loot_table:bonsaitrees4:bonsai/productivetrees/breadfruit}.pools[1].entries[0]: Unknown loot table called productivetrees:blocks/breadfruit_fruit
[12Apr2026 16:31:41.118] [Worker-Main-2/WARN] [net.minecraft.server.ReloadableServerRegistries/]: Found loot table element validation problem in {minecraft:loot_table:bonsaitrees4:bonsai/productivetrees/citron}.pools[1].entries[1]: Unknown loot table called productivetrees:blocks/citron_leaves
[12Apr2026 16:31:41.118] [Worker-Main-2/WARN] [net.minecraft.server.ReloadableServerRegistries/]: Found loot table element validation problem in {minecraft:loot_table:bonsaitrees4:bonsai/biomeswevegone/redwood_tree1}.pools[1].entries[0]: Unknown loot table called biomeswevegone:blocks/redwood_leaves
[12Apr2026 16:31:41.118] [Worker-Main-2/WARN] [net.minecraft.server.ReloadableServerRegistries/]: Found loot table element validation problem in {minecraft:loot_table:bonsaitrees4:bonsai/productivetrees/lime}.pools[1].entries[0]: Unknown loot table called productivetrees:blocks/lime_leaves
[12Apr2026 16:31:41.118] [Worker-Main-2/WARN] [net.minecraft.server.ReloadableServerRegistries/]: Found loot table element validation problem in {minecraft:loot_table:bonsaitrees4:bonsai/pamhc2trees/pistachio}.pools[2].entries[0]: Unknown loot table called pamhc2trees:blocks/pampistachio
[12Apr2026 16:31:41.118] [Worker-Main-2/WARN] [net.minecraft.server.ReloadableServerRegistries/]: Found loot table element validation problem in {minecraft:loot_table:bonsaitrees4:bonsai/pamhc2trees/peach}.pools[2].entries[0]: Unknown loot table called pamhc2trees:blocks/pampeach
[12Apr2026 16:31:41.118] [Worker-Main-2/WARN] [net.minecraft.server.ReloadableServerRegistries/]: Found loot table element validation problem in {minecraft:loot_table:bonsaitrees4:bonsai/productivetrees/asai_palm}.pools[1].entries[0]: Unknown loot table called productivetrees:blocks/asai_palm_leaves
[12Apr2026 16:31:41.118] [Worker-Main-2/WARN] [net.minecraft.server.ReloadableServerRegistries/]: Found loot table element validation problem in {minecraft:loot_table:bonsaitrees4:bonsai/productivetrees/plantain}.pools[1].entries[0]: Unknown loot table called productivetrees:blocks/plantain_fruit
[12Apr2026 16:31:41.118] [Worker-Main-2/WARN] [net.minecraft.server.ReloadableServerRegistries/]: Found loot table element validation problem in {minecraft:loot_table:bonsaitrees4:bonsai/productivetrees/sand_pear}.pools[1].entries[1]: Unknown loot table called productivetrees:blocks/sand_pear_leaves
[12Apr2026 16:31:41.118] [Worker-Main-2/WARN] [net.minecraft.server.ReloadableServerRegistries/]: Found loot table element validation problem in {minecraft:loot_table:bonsaitrees4:bonsai/biomeswevegone/willow_tree3}.pools[0].entries[0]: Unknown loot table called biomeswevegone:blocks/willow_log
[12Apr2026 16:31:41.118] [Worker-Main-2/WARN] [net.minecraft.server.ReloadableServerRegistries/]: Found loot table element validation problem in {minecraft:loot_table:bonsaitrees4:bonsai/productivetrees/mandarin}.pools[1].entries[0]: Unknown loot table called productivetrees:blocks/mandarin_fruit
[12Apr2026 16:31:41.118] [Worker-Main-2/WARN] [net.minecraft.server.ReloadableServerRegistries/]: Found loot table element validation problem in {minecraft:loot_table:bonsaitrees4:bonsai/regions_unexplored/orange_maple_tree}.pools[1].entries[0]: Unknown loot table called regions_unexplored:blocks/orange_maple_leaves
[12Apr2026 16:31:41.118] [Worker-Main-2/WARN] [net.minecraft.server.ReloadableServerRegistries/]: Found loot table element validation problem in {minecraft:loot_table:bonsaitrees4:bonsai/productivetrees/butternut}.pools[1].entries[1]: Unknown loot table called productivetrees:blocks/butternut_fruit
[12Apr2026 16:31:41.118] [Worker-Main-2/WARN] [net.minecraft.server.ReloadableServerRegistries/]: Found loot table element validation problem in {minecraft:loot_table:bonsaitrees4:bonsai/productivetrees/purple_ipe}.pools[0].entries[0]: Unknown loot table called productivetrees:blocks/purple_ipe_log
[12Apr2026 16:31:41.118] [Worker-Main-2/WARN] [net.minecraft.server.ReloadableServerRegistries/]: Found loot table element validation problem in {minecraft:loot_table:bonsaitrees4:bonsai/productivetrees/walnut}.pools[1].entries[0]: Unknown loot table called productivetrees:blocks/walnut_fruit
[12Apr2026 16:31:41.118] [Worker-Main-2/WARN] [net.minecraft.server.ReloadableServerRegistries/]: Found loot table element validation problem in {minecraft:loot_table:bonsaitrees4:bonsai/regions_unexplored/larch_golden_tree}.pools[0].entries[0]: Unknown loot table called regions_unexplored:blocks/larch_log
[12Apr2026 16:31:41.118] [Worker-Main-2/WARN] [net.minecraft.server.ReloadableServerRegistries/]: Found loot table element validation problem in {minecraft:loot_table:bonsaitrees4:bonsai/productivetrees/lime}.pools[1].entries[1]: Unknown loot table called productivetrees:blocks/lime_fruit
[12Apr2026 16:31:41.118] [Worker-Main-2/WARN] [net.minecraft.server.ReloadableServerRegistries/]: Found loot table element validation problem in {minecraft:loot_table:bonsaitrees4:bonsai/productivetrees/blue_yonder}.pools[1].entries[0]: Unknown loot table called productivetrees:blocks/blue_yonder_fruit
[12Apr2026 16:31:41.118] [Worker-Main-2/WARN] [net.minecraft.server.ReloadableServerRegistries/]: Found loot table element validation problem in {minecraft:loot_table:bonsaitrees4:bonsai/productivetrees/asai_palm}.pools[1].entries[1]: Unknown loot table called productivetrees:blocks/asai_palm_fruit
[12Apr2026 16:31:41.119] [Worker-Main-2/WARN] [net.minecraft.server.ReloadableServerRegistries/]: Found loot table element validation problem in {minecraft:loot_table:bonsaitrees4:bonsai/twilightforest/tree/sorting_tree}.pools[2].entries[0]: Unknown loot table called twilightforest:blocks/sorting_log_core
[12Apr2026 16:31:41.119] [Worker-Main-2/WARN] [net.minecraft.server.ReloadableServerRegistries/]: Found loot table element validation problem in {minecraft:loot_table:bonsaitrees4:bonsai/biomeswevegone/large_red_oak_tree1}.pools[1].entries[0]: Unknown loot table called biomeswevegone:blocks/red_oak_leaves
[12Apr2026 16:31:41.119] [Worker-Main-2/WARN] [net.minecraft.server.ReloadableServerRegistries/]: Found loot table element validation problem in {minecraft:loot_table:bonsaitrees4:bonsai/occultism/tree_otherworld_natural}.pools[1].entries[0]: Unknown loot table called occultism:blocks/otherworld_leaves_natural
[12Apr2026 16:31:41.119] [Worker-Main-2/WARN] [net.minecraft.server.ReloadableServerRegistries/]: Found loot table element validation problem in {minecraft:loot_table:bonsaitrees4:bonsai/twilightforest/tree/mangrove_tree}.pools[0].entries[0]: Unknown loot table called twilightforest:blocks/mangrove_log
[12Apr2026 16:31:41.119] [Worker-Main-2/WARN] [net.minecraft.server.ReloadableServerRegistries/]: Found loot table element validation problem in {minecraft:loot_table:bonsaitrees4:bonsai/productivetrees/candlenut}.pools[1].entries[1]: Unknown loot table called productivetrees:blocks/candlenut_fruit
[12Apr2026 16:31:41.119] [Worker-Main-2/WARN] [net.minecraft.server.ReloadableServerRegistries/]: Found loot table element validation problem in {minecraft:loot_table:bonsaitrees4:bonsai/productivetrees/buddhas_hand}.pools[1].entries[1]: Unknown loot table called productivetrees:blocks/buddhas_hand_leaves
[12Apr2026 16:31:41.119] [Worker-Main-2/WARN] [net.minecraft.server.ReloadableServerRegistries/]: Found loot table element validation problem in {minecraft:loot_table:bonsaitrees4:bonsai/productivetrees/cedar}.pools[0].entries[0]: Unknown loot table called productivetrees:blocks/cedar_log
[12Apr2026 16:31:41.119] [Worker-Main-2/WARN] [net.minecraft.server.ReloadableServerRegistries/]: Found loot table element validation problem in {minecraft:loot_table:bonsaitrees4:bonsai/pamhc2trees/grapefruit}.pools[2].entries[0]: Unknown loot table called pamhc2trees:blocks/pamgrapefruit
[12Apr2026 16:31:41.119] [Worker-Main-2/WARN] [net.minecraft.server.ReloadableServerRegistries/]: Found loot table element validation problem in {minecraft:loot_table:bonsaitrees4:bonsai/productivetrees/plantain}.pools[1].entries[1]: Unknown loot table called productivetrees:blocks/plantain_leaves
[12Apr2026 16:31:41.119] [Worker-Main-2/WARN] [net.minecraft.server.ReloadableServerRegistries/]: Found loot table element validation problem in {minecraft:loot_table:bonsaitrees4:bonsai/biomeswevegone/spruce_orange_tree_medium2}.pools[1].entries[0]: Unknown loot table called biomeswevegone:blocks/orange_spruce_leaves
[12Apr2026 16:31:41.119] [Worker-Main-2/WARN] [net.minecraft.server.ReloadableServerRegistries/]: Found loot table element validation problem in {minecraft:loot_table:bonsaitrees4:bonsai/regions_unexplored/apple_oak_tree}.pools[1].entries[1]: Unknown loot table called regions_unexplored:blocks/apple_oak_leaves
[12Apr2026 16:31:41.119] [Worker-Main-2/WARN] [net.minecraft.server.ReloadableServerRegistries/]: Found loot table element validation problem in {minecraft:loot_table:bonsaitrees4:bonsai/enchanted/rowan_tree}.pools[1].entries[0]: Unknown loot table called enchanted:blocks/rowan_leaves
[12Apr2026 16:31:41.119] [Worker-Main-2/WARN] [net.minecraft.server.ReloadableServerRegistries/]: Found loot table element validation problem in {minecraft:loot_table:bonsaitrees4:bonsai/twilightforest/mushroom/big_mushgloom}.pools[0].entries[0]: Unknown loot table called twilightforest:blocks/huge_mushgloom_stem
[12Apr2026 16:31:41.119] [Worker-Main-2/WARN] [net.minecraft.server.ReloadableServerRegistries/]: Found loot table element validation problem in {minecraft:loot_table:bonsaitrees4:bonsai/productivetrees/blue_yonder}.pools[1].entries[1]: Unknown loot table called productivetrees:blocks/blue_yonder_leaves
[12Apr2026 16:31:41.119] [Worker-Main-2/WARN] [net.minecraft.server.ReloadableServerRegistries/]: Found loot table element validation problem in {minecraft:loot_table:bonsaitrees4:bonsai/cobblemon/blue_apricorn_tree}.pools[0].entries[0]: Unknown loot table called cobblemon:blocks/apricorn_log
[12Apr2026 16:31:41.119] [Worker-Main-2/WARN] [net.minecraft.server.ReloadableServerRegistries/]: Found loot table element validation problem in {minecraft:loot_table:bonsaitrees4:bonsai/productivetrees/candlenut}.pools[1].entries[0]: Unknown loot table called productivetrees:blocks/candlenut_leaves
[12Apr2026 16:31:41.119] [Worker-Main-2/WARN] [net.minecraft.server.ReloadableServerRegistries/]: Found loot table element validation problem in {minecraft:loot_table:bonsaitrees4:bonsai/productivetrees/mango}.pools[1].entries[0]: Unknown loot table called productivetrees:blocks/mango_fruit
[12Apr2026 16:31:41.119] [Worker-Main-2/WARN] [net.minecraft.server.ReloadableServerRegistries/]: Found loot table element validation problem in {minecraft:loot_table:bonsaitrees4:bonsai/productivetrees/cempedak}.pools[0].entries[0]: Unknown loot table called productivetrees:blocks/cempedak_log
[12Apr2026 16:31:41.119] [Worker-Main-2/WARN] [net.minecraft.server.ReloadableServerRegistries/]: Found loot table element validation problem in {minecraft:loot_table:bonsaitrees4:bonsai/eternal_starlight/lunar}.pools[2].entries[0]: Unknown loot table called eternal_starlight:blocks/berries_vines
[12Apr2026 16:31:41.119] [Worker-Main-2/WARN] [net.minecraft.server.ReloadableServerRegistries/]: Found loot table element validation problem in {minecraft:loot_table:bonsaitrees4:bonsai/productivetrees/copper_beech}.pools[1].entries[0]: Unknown loot table called productivetrees:blocks/copper_beech_fruit
[12Apr2026 16:31:41.119] [Worker-Main-2/WARN] [net.minecraft.server.ReloadableServerRegistries/]: Found loot table element validation problem in {minecraft:loot_table:bonsaitrees4:bonsai/biomeswevegone/base_spirit_tree3}.pools[0].entries[0]: Unknown loot table called biomeswevegone:blocks/spirit_roots
[12Apr2026 16:31:41.119] [Worker-Main-2/WARN] [net.minecraft.server.ReloadableServerRegistries/]: Found loot table element validation problem in {minecraft:loot_table:bonsaitrees4:bonsai/eternal_starlight/huge_glowing_mushroom}.pools[0].entries[1]: Unknown loot table called eternal_starlight:blocks/glowing_mushroom_block
[12Apr2026 16:31:41.120] [Worker-Main-2/WARN] [net.minecraft.server.ReloadableServerRegistries/]: Found loot table element validation problem in {minecraft:loot_table:bonsaitrees4:bonsai/productivetrees/soul_tree}.pools[0].entries[0]: Unknown loot table called productivetrees:blocks/soul_tree_log
[12Apr2026 16:31:41.120] [Worker-Main-2/WARN] [net.minecraft.server.ReloadableServerRegistries/]: Found loot table element validation problem in {minecraft:loot_table:bonsaitrees4:bonsai/biomeswevegone/base_spirit_tree3}.pools[0].entries[1]: Unknown loot table called biomeswevegone:blocks/spirit_log
[12Apr2026 16:31:41.120] [Worker-Main-2/WARN] [net.minecraft.server.ReloadableServerRegistries/]: Found loot table element validation problem in {minecraft:loot_table:bonsaitrees4:bonsai/productivetrees/breadfruit}.pools[1].entries[1]: Unknown loot table called productivetrees:blocks/breadfruit_leaves
[12Apr2026 16:31:41.120] [Worker-Main-2/WARN] [net.minecraft.server.ReloadableServerRegistries/]: Found loot table element validation problem in {minecraft:loot_table:bonsaitrees4:bonsai/biomeswevegone/cika_tree1}.pools[1].entries[0]: Unknown loot table called biomeswevegone:blocks/cika_leaves
[12Apr2026 16:31:41.120] [Worker-Main-2/WARN] [net.minecraft.server.ReloadableServerRegistries/]: Found loot table element validation problem in {minecraft:loot_table:bonsaitrees4:bonsai/productivetrees/prairie_crabapple}.pools[1].entries[1]: Unknown loot table called productivetrees:blocks/prairie_crabapple_leaves
[12Apr2026 16:31:41.120] [Worker-Main-2/WARN] [net.minecraft.server.ReloadableServerRegistries/]: Found loot table element validation problem in {minecraft:loot_table:bonsaitrees4:bonsai/productivetrees/rose_gum}.pools[0].entries[0]: Unknown loot table called productivetrees:blocks/rose_gum_log
[12Apr2026 16:31:41.120] [Worker-Main-2/WARN] [net.minecraft.server.ReloadableServerRegistries/]: Found loot table element validation problem in {minecraft:loot_table:bonsaitrees4:bonsai/productivetrees/peach}.pools[1].entries[0]: Unknown loot table called productivetrees:blocks/peach_leaves
[12Apr2026 16:31:41.120] [Worker-Main-2/WARN] [net.minecraft.server.ReloadableServerRegistries/]: Found loot table element validation problem in {minecraft:loot_table:bonsaitrees4:bonsai/biomeswevegone/huge_green_mushroom1}.pools[0].entries[0]: Unknown loot table called biomeswevegone:blocks/green_mushroom_block
[12Apr2026 16:31:41.120] [Worker-Main-2/WARN] [net.minecraft.server.ReloadableServerRegistries/]: Found loot table element validation problem in {minecraft:loot_table:bonsaitrees4:bonsai/undergarden/small_grongle_tree}.pools[1].entries[0]: Unknown loot table called undergarden:blocks/grongle_leaves
[12Apr2026 16:31:41.120] [Worker-Main-2/WARN] [net.minecraft.server.ReloadableServerRegistries/]: Found loot table element validation problem in {minecraft:loot_table:bonsaitrees4:bonsai/cobblemon/green_apricorn_tree}.pools[1].entries[0]: Unknown loot table called cobblemon:blocks/apricorn_leaves
[12Apr2026 16:31:41.120] [Worker-Main-2/WARN] [net.minecraft.server.ReloadableServerRegistries/]: Found loot table element validation problem in {minecraft:loot_table:bonsaitrees4:bonsai/productivetrees/white_poplar}.pools[1].entries[0]: Unknown loot table called productivetrees:blocks/white_poplar_leaves
[12Apr2026 16:31:41.120] [Worker-Main-2/WARN] [net.minecraft.server.ReloadableServerRegistries/]: Found loot table element validation problem in {minecraft:loot_table:bonsaitrees4:bonsai/productivetrees/mango}.pools[1].entries[1]: Unknown loot table called productivetrees:blocks/mango_leaves
[12Apr2026 16:31:41.120] [Worker-Main-2/WARN] [net.minecraft.server.ReloadableServerRegistries/]: Found loot table element validation problem in {minecraft:loot_table:bonsaitrees4:bonsai/malum/runewood_tree}.pools[1].entries[0]: Unknown loot table called malum:blocks/runewood_leaves
[12Apr2026 16:31:41.120] [Worker-Main-2/WARN] [net.minecraft.server.ReloadableServerRegistries/]: Found loot table element validation problem in {minecraft:loot_table:bonsaitrees4:bonsai/pamhc2trees/mango}.pools[2].entries[0]: Unknown loot table called pamhc2trees:blocks/pammango
[12Apr2026 16:31:41.120] [Worker-Main-2/WARN] [net.minecraft.server.ReloadableServerRegistries/]: Found loot table element validation problem in {minecraft:loot_table:bonsaitrees4:bonsai/productivetrees/aquilaria}.pools[1].entries[0]: Unknown loot table called productivetrees:blocks/aquilaria_leaves
[12Apr2026 16:31:41.120] [Worker-Main-2/WARN] [net.minecraft.server.ReloadableServerRegistries/]: Found loot table element validation problem in {minecraft:loot_table:bonsaitrees4:bonsai/biomeswevegone/baobab_tree1}.pools[2].entries[0]: Unknown loot table called biomeswevegone:blocks/baobab_fruit
[12Apr2026 16:31:41.120] [Worker-Main-2/WARN] [net.minecraft.server.ReloadableServerRegistries/]: Found loot table element validation problem in {minecraft:loot_table:bonsaitrees4:bonsai/regions_unexplored/cypress_tree}.pools[0].entries[1]: Unknown loot table called regions_unexplored:blocks/cypress_branch
[12Apr2026 16:31:41.120] [Worker-Main-2/WARN] [net.minecraft.server.ReloadableServerRegistries/]: Found loot table element validation problem in {minecraft:loot_table:bonsaitrees4:bonsai/eternal_starlight/huge_glowing_mushroom}.pools[0].entries[0]: Unknown loot table called eternal_starlight:blocks/glowing_mushroom_stem
[12Apr2026 16:31:41.120] [Worker-Main-2/WARN] [net.minecraft.server.ReloadableServerRegistries/]: Found loot table element validation problem in {minecraft:loot_table:bonsaitrees4:bonsai/roots/wildwood_tree}.pools[0].entries[0]: Unknown loot table called roots:blocks/wildwood_log
[12Apr2026 16:31:41.120] [Worker-Main-2/WARN] [net.minecraft.server.ReloadableServerRegistries/]: Found loot table element validation problem in {minecraft:loot_table:bonsaitrees4:bonsai/productivetrees/sweetgum}.pools[1].entries[0]: Unknown loot table called productivetrees:blocks/sweetgum_leaves
[12Apr2026 16:31:41.120] [Worker-Main-2/WARN] [net.minecraft.server.ReloadableServerRegistries/]: Found loot table element validation problem in {minecraft:loot_table:bonsaitrees4:bonsai/productivetrees/monkey_puzzle}.pools[0].entries[0]: Unknown loot table called productivetrees:blocks/monkey_puzzle_log
[12Apr2026 16:31:41.120] [Worker-Main-2/WARN] [net.minecraft.server.ReloadableServerRegistries/]: Found loot table element validation problem in {minecraft:loot_table:bonsaitrees4:bonsai/regions_unexplored/eucalyptus_tree}.pools[0].entries[0]: Unknown loot table called regions_unexplored:blocks/eucalyptus_log
[12Apr2026 16:31:41.120] [Worker-Main-2/WARN] [net.minecraft.server.ReloadableServerRegistries/]: Found loot table element validation problem in {minecraft:loot_table:bonsaitrees4:bonsai/twilightforest/tree/homegrown_darkwood_tree}.pools[0].entries[0]: Unknown loot table called twilightforest:blocks/dark_log
[12Apr2026 16:31:41.121] [Worker-Main-2/WARN] [net.minecraft.server.ReloadableServerRegistries/]: Found loot table element validation problem in {minecraft:loot_table:bonsaitrees4:bonsai/productivetrees/ceylon_ebony}.pools[1].entries[0]: Unknown loot table called productivetrees:blocks/ceylon_ebony_leaves
[12Apr2026 16:31:41.121] [Worker-Main-2/WARN] [net.minecraft.server.ReloadableServerRegistries/]: Found loot table element validation problem in {minecraft:loot_table:bonsaitrees4:bonsai/biomeswevegone/huge_green_mushroom1}.pools[0].entries[1]: Unknown loot table called biomeswevegone:blocks/white_mushroom_stem
[12Apr2026 16:31:41.121] [Worker-Main-2/WARN] [net.minecraft.server.ReloadableServerRegistries/]: Found loot table element validation problem in {minecraft:loot_table:bonsaitrees4:bonsai/productivetrees/dogwood}.pools[1].entries[0]: Unknown loot table called productivetrees:blocks/dogwood_leaves
[12Apr2026 16:31:41.121] [Worker-Main-2/WARN] [net.minecraft.server.ReloadableServerRegistries/]: Found loot table element validation problem in {minecraft:loot_table:bonsaitrees4:bonsai/malum/soulwood_tree}.pools[2].entries[1]: Unknown loot table called malum:blocks/clinging_blight
[12Apr2026 16:31:41.121] [Worker-Main-2/WARN] [net.minecraft.server.ReloadableServerRegistries/]: Found loot table element validation problem in {minecraft:loot_table:bonsaitrees4:bonsai/productivetrees/european_larch}.pools[1].entries[0]: Unknown loot table called productivetrees:blocks/european_larch_leaves
[12Apr2026 16:31:41.121] [Worker-Main-2/WARN] [net.minecraft.server.ReloadableServerRegistries/]: Found loot table element validation problem in {minecraft:loot_table:bonsaitrees4:bonsai/regions_unexplored/cypress_tree}.pools[0].entries[0]: Unknown loot table called regions_unexplored:blocks/cypress_log
[12Apr2026 16:31:41.121] [Worker-Main-2/WARN] [net.minecraft.server.ReloadableServerRegistries/]: Found loot table element validation problem in {minecraft:loot_table:supplementaries:loot/galleon/safe}.pools[0].entries[3]: Unreachable entry!
[12Apr2026 16:31:41.121] [Worker-Main-2/WARN] [net.minecraft.server.ReloadableServerRegistries/]: Found loot table element validation problem in {minecraft:loot_table:bonsaitrees4:bonsai/productivetrees/date_palm}.pools[1].entries[1]: Unknown loot table called productivetrees:blocks/date_palm_leaves
[12Apr2026 16:31:41.121] [Worker-Main-2/WARN] [net.minecraft.server.ReloadableServerRegistries/]: Found loot table element validation problem in {minecraft:loot_table:bonsaitrees4:bonsai/twilightforest/tree/homegrown_darkwood_tree}.pools[0].entries[1]: Unknown loot table called twilightforest:blocks/dark_wood
[12Apr2026 16:31:41.121] [Worker-Main-2/WARN] [net.minecraft.server.ReloadableServerRegistries/]: Found loot table element validation problem in {minecraft:loot_table:bonsaitrees4:bonsai/eternal_starlight/starlight_mangrove}.pools[2].entries[1]: Unknown loot table called eternal_starlight:blocks/starlight_mangrove_roots
[12Apr2026 16:31:41.121] [Worker-Main-2/WARN] [net.minecraft.server.ReloadableServerRegistries/]: Found loot table element validation problem in {minecraft:loot_table:bonsaitrees4:bonsai/productivetrees/red_delicious_apple}.pools[0].entries[0]: Unknown loot table called productivetrees:blocks/red_delicious_apple_log
[12Apr2026 16:31:41.121] [Worker-Main-2/WARN] [net.minecraft.server.ReloadableServerRegistries/]: Found loot table element validation problem in {minecraft:loot_table:bonsaitrees4:bonsai/productivetrees/red_delicious_apple}.pools[1].entries[0]: Unknown loot table called productivetrees:blocks/red_delicious_apple_fruit
[12Apr2026 16:31:41.121] [Worker-Main-2/WARN] [net.minecraft.server.ReloadableServerRegistries/]: Found loot table element validation problem in {minecraft:loot_table:bonsaitrees4:bonsai/pamhc2trees/paperbark}.pools[2].entries[0]: Unknown loot table called pamhc2trees:blocks/pampaperbark
[12Apr2026 16:31:41.121] [Worker-Main-2/WARN] [net.minecraft.server.ReloadableServerRegistries/]: Found loot table element validation problem in {minecraft:loot_table:bonsaitrees4:bonsai/productivetrees/pomegranate}.pools[0].entries[0]: Unknown loot table called productivetrees:blocks/pomegranate_log
[12Apr2026 16:31:41.121] [Worker-Main-2/WARN] [net.minecraft.server.ReloadableServerRegistries/]: Found loot table element validation problem in {minecraft:loot_table:bonsaitrees4:bonsai/pamhc2trees/walnut}.pools[2].entries[0]: Unknown loot table called pamhc2trees:blocks/pamwalnut
[12Apr2026 16:31:41.121] [Worker-Main-2/WARN] [net.minecraft.server.ReloadableServerRegistries/]: Found loot table element validation problem in {minecraft:loot_table:bonsaitrees4:bonsai/productivetrees/pomegranate}.pools[1].entries[0]: Unknown loot table called productivetrees:blocks/pomegranate_fruit
[12Apr2026 16:31:41.121] [Worker-Main-2/WARN] [net.minecraft.server.ReloadableServerRegistries/]: Found loot table element validation problem in {minecraft:loot_table:bonsaitrees4:bonsai/eternal_starlight/starlight_mangrove}.pools[2].entries[0]: Unknown loot table called eternal_starlight:blocks/hanging_fantagrass
[12Apr2026 16:31:41.121] [Worker-Main-2/WARN] [net.minecraft.server.ReloadableServerRegistries/]: Found loot table element validation problem in {minecraft:loot_table:bonsaitrees4:bonsai/eternal_starlight/starlight_mangrove}.pools[1].entries[0]: Unknown loot table called eternal_starlight:blocks/starlight_mangrove_leaves
[12Apr2026 16:31:41.121] [Worker-Main-2/WARN] [net.minecraft.server.ReloadableServerRegistries/]: Found loot table element validation problem in {minecraft:loot_table:bonsaitrees4:bonsai/productivetrees/salak}.pools[1].entries[1]: Unknown loot table called productivetrees:blocks/salak_leaves
[12Apr2026 16:31:41.121] [Worker-Main-2/WARN] [net.minecraft.server.ReloadableServerRegistries/]: Found loot table element validation problem in {minecraft:loot_table:bonsaitrees4:bonsai/regions_unexplored/dead_tree}.pools[0].entries[0]: Unknown loot table called regions_unexplored:blocks/dead_log
[12Apr2026 16:31:41.121] [Worker-Main-2/WARN] [net.minecraft.server.ReloadableServerRegistries/]: Found loot table element validation problem in {minecraft:loot_table:bonsaitrees4:bonsai/productivetrees/black_ember}.pools[0].entries[0]: Unknown loot table called productivetrees:blocks/black_ember_log
[12Apr2026 16:31:41.121] [Worker-Main-2/WARN] [net.minecraft.server.ReloadableServerRegistries/]: Found loot table element validation problem in {minecraft:loot_table:bonsaitrees4:bonsai/regions_unexplored/dead_tree}.pools[1].entries[0]: Unknown loot table called regions_unexplored:blocks/dead_leaves
[12Apr2026 16:31:41.121] [Worker-Main-2/WARN] [net.minecraft.server.ReloadableServerRegistries/]: Found loot table element validation problem in {minecraft:loot_table:bonsaitrees4:bonsai/productivetrees/pomegranate}.pools[1].entries[1]: Unknown loot table called productivetrees:blocks/pomegranate_leaves
[12Apr2026 16:31:41.122] [Worker-Main-2/WARN] [net.minecraft.server.ReloadableServerRegistries/]: Found loot table element validation problem in {minecraft:loot_table:bonsaitrees4:bonsai/regions_unexplored/maple_tree}.pools[1].entries[0]: Unknown loot table called regions_unexplored:blocks/maple_leaves
[12Apr2026 16:31:41.122] [Worker-Main-2/WARN] [net.minecraft.server.ReloadableServerRegistries/]: Found loot table element validation problem in {minecraft:loot_table:bonsaitrees4:bonsai/regions_unexplored/maple_tree}.pools[0].entries[0]: Unknown loot table called regions_unexplored:blocks/maple_log
[12Apr2026 16:31:41.122] [Worker-Main-2/WARN] [net.minecraft.server.ReloadableServerRegistries/]: Found loot table element validation problem in {minecraft:loot_table:bonsaitrees4:bonsai/productivetrees/black_ember}.pools[1].entries[0]: Unknown loot table called productivetrees:blocks/black_ember_leaves
[12Apr2026 16:31:41.122] [Worker-Main-2/WARN] [net.minecraft.server.ReloadableServerRegistries/]: Found loot table element validation problem in {minecraft:loot_table:bonsaitrees4:bonsai/eternal_starlight/starlight_mangrove}.pools[0].entries[0]: Unknown loot table called eternal_starlight:blocks/starlight_mangrove_log
[12Apr2026 16:31:41.122] [Worker-Main-2/WARN] [net.minecraft.server.ReloadableServerRegistries/]: Found loot table element validation problem in {minecraft:loot_table:bonsaitrees4:bonsai/productivetrees/balsa}.pools[1].entries[0]: Unknown loot table called productivetrees:blocks/balsa_leaves
[12Apr2026 16:31:41.122] [Worker-Main-2/WARN] [net.minecraft.server.ReloadableServerRegistries/]: Found loot table element validation problem in {minecraft:loot_table:bonsaitrees4:bonsai/productivetrees/balsa}.pools[0].entries[0]: Unknown loot table called productivetrees:blocks/balsa_log
[12Apr2026 16:31:41.122] [Worker-Main-2/WARN] [net.minecraft.server.ReloadableServerRegistries/]: Found loot table element validation problem in {minecraft:loot_table:bonsaitrees4:bonsai/biomeswevegone/spruce_red_tree_medium2}.pools[1].entries[0]: Unknown loot table called biomeswevegone:blocks/red_spruce_leaves
[12Apr2026 16:31:41.122] [Worker-Main-2/WARN] [net.minecraft.server.ReloadableServerRegistries/]: Found loot table element validation problem in {minecraft:loot_table:bonsaitrees4:bonsai/productivetrees/flickering_sun}.pools[1].entries[0]: Unknown loot table called productivetrees:blocks/flickering_sun_leaves
[12Apr2026 16:31:41.122] [Worker-Main-2/WARN] [net.minecraft.server.ReloadableServerRegistries/]: Found loot table element validation problem in {minecraft:loot_table:bonsaitrees4:bonsai/biomeswevegone/orchard_tree1}.pools[1].entries[0]: Unknown loot table called biomeswevegone:blocks/orchard_leaves
[12Apr2026 16:31:41.122] [Worker-Main-2/WARN] [net.minecraft.server.ReloadableServerRegistries/]: Found loot table element validation problem in {minecraft:loot_table:bonsaitrees4:bonsai/allthemodium/demonic_tree}.pools[1].entries[0]: Unknown loot table called allthemodium:blocks/demonic_leaves
[12Apr2026 16:31:41.122] [Worker-Main-2/WARN] [net.minecraft.server.ReloadableServerRegistries/]: Found loot table element validation problem in {minecraft:loot_table:bonsaitrees4:bonsai/eternal_starlight/starlight_mangrove}.pools[2].entries[3]: Unknown loot table called eternal_starlight:blocks/fantasy_grass_carpet
[12Apr2026 16:31:41.122] [Worker-Main-2/WARN] [net.minecraft.server.ReloadableServerRegistries/]: Found loot table element validation problem in {minecraft:loot_table:bonsaitrees4:bonsai/productivetrees/salak}.pools[1].entries[0]: Unknown loot table called productivetrees:blocks/salak_fruit
[12Apr2026 16:31:41.122] [Worker-Main-2/WARN] [net.minecraft.server.ReloadableServerRegistries/]: Found loot table element validation problem in {minecraft:loot_table:bonsaitrees4:bonsai/productivetrees/salak}.pools[0].entries[0]: Unknown loot table called productivetrees:blocks/salak_log
[12Apr2026 16:31:41.122] [Worker-Main-2/WARN] [net.minecraft.server.ReloadableServerRegistries/]: Found loot table element validation problem in {minecraft:loot_table:bonsaitrees4:bonsai/enchanted/hawthorn_tree}.pools[1].entries[0]: Unknown loot table called enchanted:blocks/hawthorn_leaves
[12Apr2026 16:31:41.122] [Worker-Main-2/WARN] [net.minecraft.server.ReloadableServerRegistries/]: Found loot table element validation problem in {minecraft:loot_table:bonsaitrees4:bonsai/allthemodium/demonic_tree}.pools[0].entries[0]: Unknown loot table called allthemodium:blocks/demonic_log
[12Apr2026 16:31:41.122] [Worker-Main-2/WARN] [net.minecraft.server.ReloadableServerRegistries/]: Found loot table element validation problem in {minecraft:loot_table:bonsaitrees4:bonsai/pamhc2trees/starfruit}.pools[2].entries[0]: Unknown loot table called pamhc2trees:blocks/pamstarfruit
[12Apr2026 16:31:41.122] [Worker-Main-2/WARN] [net.minecraft.server.ReloadableServerRegistries/]: Found loot table element validation problem in {minecraft:loot_table:bonsaitrees4:bonsai/productivetrees/flickering_sun}.pools[0].entries[0]: Unknown loot table called productivetrees:blocks/flickering_sun_log
[12Apr2026 16:31:41.122] [Worker-Main-2/WARN] [net.minecraft.server.ReloadableServerRegistries/]: Found loot table element validation problem in {minecraft:loot_table:bonsaitrees4:bonsai/regions_unexplored/giant_green_bioshroom}.pools[1].entries[1]: Unknown loot table called regions_unexplored:blocks/glowing_green_bioshroom_block
[12Apr2026 16:31:41.122] [Worker-Main-2/WARN] [net.minecraft.server.ReloadableServerRegistries/]: Found loot table element validation problem in {minecraft:loot_table:bonsaitrees4:bonsai/enchanted/hawthorn_tree}.pools[0].entries[0]: Unknown loot table called enchanted:blocks/hawthorn_log
[12Apr2026 16:31:41.122] [Worker-Main-2/WARN] [net.minecraft.server.ReloadableServerRegistries/]: Found loot table element validation problem in {minecraft:loot_table:bonsaitrees4:bonsai/biomeswevegone/indigo_jacaranda_tree1}.pools[0].entries[0]: Unknown loot table called biomeswevegone:blocks/jacaranda_log
[12Apr2026 16:31:41.122] [Worker-Main-2/WARN] [net.minecraft.server.ReloadableServerRegistries/]: Found loot table element validation problem in {minecraft:loot_table:bonsaitrees4:bonsai/biomeswevegone/indigo_jacaranda_tree1}.pools[1].entries[0]: Unknown loot table called biomeswevegone:blocks/flowering_indigo_jacaranda_leaves
[12Apr2026 16:31:41.122] [Worker-Main-2/WARN] [net.minecraft.server.ReloadableServerRegistries/]: Found loot table element validation problem in {minecraft:loot_table:bonsaitrees4:bonsai/pamhc2trees/plum}.pools[2].entries[0]: Unknown loot table called pamhc2trees:blocks/pamplum
[12Apr2026 16:31:41.122] [Worker-Main-2/WARN] [net.minecraft.server.ReloadableServerRegistries/]: Found loot table element validation problem in {minecraft:loot_table:bonsaitrees4:bonsai/regions_unexplored/small_oak_tree}.pools[0].entries[1]: Unknown loot table called regions_unexplored:blocks/oak_branch
[12Apr2026 16:31:41.122] [Worker-Main-2/WARN] [net.minecraft.server.ReloadableServerRegistries/]: Found loot table element validation problem in {minecraft:loot_table:bonsaitrees4:bonsai/regions_unexplored/maple_tree}.pools[0].entries[1]: Unknown loot table called regions_unexplored:blocks/maple_branch
[12Apr2026 16:31:41.122] [Worker-Main-2/WARN] [net.minecraft.server.ReloadableServerRegistries/]: Found loot table element validation problem in {minecraft:loot_table:bonsaitrees4:bonsai/eternal_starlight/starlight_mangrove}.pools[2].entries[2]: Unknown loot table called eternal_starlight:blocks/hanging_fantagrass_plant
[12Apr2026 16:31:41.123] [Worker-Main-2/WARN] [net.minecraft.server.ReloadableServerRegistries/]: Found loot table element validation problem in {minecraft:loot_table:bonsaitrees4:bonsai/productivetrees/buddhas_hand}.pools[1].entries[0]: Unknown loot table called productivetrees:blocks/buddhas_hand_fruit
[12Apr2026 16:31:41.123] [Worker-Main-2/WARN] [net.minecraft.server.ReloadableServerRegistries/]: Found loot table element validation problem in {minecraft:loot_table:bonsaitrees4:bonsai/biomeswevegone/orchard_tree1}.pools[1].entries[1]: Unknown loot table called biomeswevegone:blocks/flowering_orchard_leaves
[12Apr2026 16:31:41.123] [Worker-Main-2/WARN] [net.minecraft.server.ReloadableServerRegistries/]: Found loot table element validation problem in {minecraft:loot_table:bonsaitrees4:bonsai/productivetrees/buddhas_hand}.pools[0].entries[0]: Unknown loot table called productivetrees:blocks/buddhas_hand_log
[12Apr2026 16:31:41.123] [Worker-Main-2/WARN] [net.minecraft.server.ReloadableServerRegistries/]: Found loot table element validation problem in {minecraft:loot_table:bonsaitrees4:bonsai/regions_unexplored/giant_green_bioshroom}.pools[0].entries[0]: Unknown loot table called regions_unexplored:blocks/green_bioshroom_stem
[12Apr2026 16:31:41.123] [Worker-Main-2/WARN] [net.minecraft.server.ReloadableServerRegistries/]: Found loot table element validation problem in {minecraft:loot_table:bonsaitrees4:bonsai/regions_unexplored/giant_green_bioshroom}.pools[1].entries[0]: Unknown loot table called regions_unexplored:blocks/green_bioshroom_block
[12Apr2026 16:31:41.123] [Worker-Main-2/WARN] [net.minecraft.server.ReloadableServerRegistries/]: Found loot table element validation problem in {minecraft:loot_table:bonsaitrees4:bonsai/productivetrees/moonlight_magic_crepe_myrtle}.pools[1].entries[0]: Unknown loot table called productivetrees:blocks/moonlight_magic_crepe_myrtle_leaves
[12Apr2026 16:31:41.123] [Worker-Main-2/WARN] [net.minecraft.server.ReloadableServerRegistries/]: Found loot table element validation problem in {minecraft:loot_table:bonsaitrees4:bonsai/biomeswevegone/huge_wood_blewit1}.pools[0].entries[0]: Unknown loot table called biomeswevegone:blocks/brown_mushroom_stem
[12Apr2026 16:31:41.123] [Worker-Main-2/WARN] [net.minecraft.server.ReloadableServerRegistries/]: Found loot table element validation problem in {minecraft:loot_table:bonsaitrees4:bonsai/twilightforest/mushroom/big_mushgloom}.pools[0].entries[1]: Unknown loot table called twilightforest:blocks/huge_mushgloom
[12Apr2026 16:31:41.123] [Worker-Main-2/WARN] [net.minecraft.server.ReloadableServerRegistries/]: Found loot table element validation problem in {minecraft:loot_table:bonsaitrees4:bonsai/biomeswevegone/indigo_jacaranda_tree1}.pools[1].entries[1]: Unknown loot table called biomeswevegone:blocks/indigo_jacaranda_leaves
[12Apr2026 16:31:41.123] [Worker-Main-2/WARN] [net.minecraft.server.ReloadableServerRegistries/]: Found loot table element validation problem in {minecraft:loot_table:bonsaitrees4:bonsai/productivetrees/sycamore_fig}.pools[1].entries[1]: Unknown loot table called productivetrees:blocks/sycamore_fig_fruit
[12Apr2026 16:31:41.123] [Worker-Main-2/WARN] [net.minecraft.server.ReloadableServerRegistries/]: Found loot table element validation problem in {minecraft:loot_table:bonsaitrees4:bonsai/productivetrees/moonlight_magic_crepe_myrtle}.pools[0].entries[0]: Unknown loot table called productivetrees:blocks/moonlight_magic_crepe_myrtle_log
[12Apr2026 16:31:41.123] [Worker-Main-2/WARN] [net.minecraft.server.ReloadableServerRegistries/]: Found loot table element validation problem in {minecraft:loot_table:bonsaitrees4:bonsai/pamhc2trees/papaya}.pools[2].entries[0]: Unknown loot table called pamhc2trees:blocks/pampapaya
[12Apr2026 16:31:41.123] [Worker-Main-2/WARN] [net.minecraft.server.ReloadableServerRegistries/]: Found loot table element validation problem in {minecraft:loot_table:bonsaitrees4:bonsai/ars_nouveau/blazing_tree}.pools[1].entries[0]: Unknown loot table called ars_nouveau:blocks/red_archwood_leaves
[12Apr2026 16:31:41.123] [Worker-Main-2/WARN] [net.minecraft.server.ReloadableServerRegistries/]: Found loot table element validation problem in {minecraft:loot_table:bonsaitrees4:bonsai/ars_nouveau/blazing_tree}.pools[0].entries[0]: Unknown loot table called ars_nouveau:blocks/red_archwood_log
[12Apr2026 16:31:41.123] [Worker-Main-2/WARN] [net.minecraft.server.ReloadableServerRegistries/]: Found loot table element validation problem in {minecraft:loot_table:bonsaitrees4:bonsai/regions_unexplored/ashen_tree}.pools[1].entries[0]: Unknown loot table called regions_unexplored:blocks/ashen_leaves
[12Apr2026 16:31:41.123] [Worker-Main-2/WARN] [net.minecraft.server.ReloadableServerRegistries/]: Found loot table element validation problem in {minecraft:loot_table:bonsaitrees4:bonsai/productivetrees/iroko}.pools[1].entries[0]: Unknown loot table called productivetrees:blocks/iroko_leaves
[12Apr2026 16:31:41.123] [Worker-Main-2/WARN] [net.minecraft.server.ReloadableServerRegistries/]: Found loot table element validation problem in {minecraft:loot_table:bonsaitrees4:bonsai/twilightforest/tree/canopy_tree}.pools[0].entries[1]: Unknown loot table called twilightforest:blocks/canopy_wood
[12Apr2026 16:31:41.123] [Worker-Main-2/WARN] [net.minecraft.server.ReloadableServerRegistries/]: Found loot table element validation problem in {minecraft:loot_table:bonsaitrees4:bonsai/regions_unexplored/large_socotra_tree}.pools[1].entries[0]: Unknown loot table called regions_unexplored:blocks/socotra_leaves
[12Apr2026 16:31:41.123] [Worker-Main-2/WARN] [net.minecraft.server.ReloadableServerRegistries/]: Found loot table element validation problem in {minecraft:loot_table:bonsaitrees4:bonsai/productivetrees/banana}.pools[0].entries[0]: Unknown loot table called productivetrees:blocks/banana_log
[12Apr2026 16:31:41.123] [Worker-Main-2/WARN] [net.minecraft.server.ReloadableServerRegistries/]: Found loot table element validation problem in {minecraft:loot_table:bonsaitrees4:bonsai/productivetrees/orange}.pools[0].entries[0]: Unknown loot table called productivetrees:blocks/orange_log
[12Apr2026 16:31:41.123] [Worker-Main-2/WARN] [net.minecraft.server.ReloadableServerRegistries/]: Found loot table element validation problem in {minecraft:loot_table:bonsaitrees4:bonsai/productivetrees/grandidiers_baobab}.pools[0].entries[0]: Unknown loot table called productivetrees:blocks/grandidiers_baobab_log
[12Apr2026 16:31:41.123] [Worker-Main-2/WARN] [net.minecraft.server.ReloadableServerRegistries/]: Found loot table element validation problem in {minecraft:loot_table:bonsaitrees4:bonsai/productivetrees/sycamore_fig}.pools[0].entries[0]: Unknown loot table called productivetrees:blocks/sycamore_fig_log
[12Apr2026 16:31:41.123] [Worker-Main-2/WARN] [net.minecraft.server.ReloadableServerRegistries/]: Found loot table element validation problem in {minecraft:loot_table:bonsaitrees4:bonsai/enchanted/rowan_tree}.pools[0].entries[0]: Unknown loot table called enchanted:blocks/rowan_log
[12Apr2026 16:31:41.123] [Worker-Main-2/WARN] [net.minecraft.server.ReloadableServerRegistries/]: Found loot table element validation problem in {minecraft:loot_table:bonsaitrees4:bonsai/regions_unexplored/white_magnolia_tree}.pools[0].entries[0]: Unknown loot table called regions_unexplored:blocks/magnolia_log
[12Apr2026 16:31:41.124] [Worker-Main-2/WARN] [net.minecraft.server.ReloadableServerRegistries/]: Found loot table element validation problem in {minecraft:loot_table:bonsaitrees4:bonsai/productivetrees/candlenut}.pools[0].entries[0]: Unknown loot table called productivetrees:blocks/candlenut_log
[12Apr2026 16:31:41.124] [Worker-Main-2/WARN] [net.minecraft.server.ReloadableServerRegistries/]: Found loot table element validation problem in {minecraft:loot_table:bonsaitrees4:bonsai/biomeswevegone/large_orange_oak_tree1}.pools[1].entries[0]: Unknown loot table called biomeswevegone:blocks/orange_oak_leaves
[12Apr2026 16:31:41.124] [Worker-Main-2/WARN] [net.minecraft.server.ReloadableServerRegistries/]: Found loot table element validation problem in {minecraft:loot_table:bonsaitrees4:bonsai/regions_unexplored/dead_pine_tree}.pools[1].entries[0]: Unknown loot table called regions_unexplored:blocks/dead_pine_leaves
[12Apr2026 16:31:41.124] [Worker-Main-2/WARN] [net.minecraft.server.ReloadableServerRegistries/]: Found loot table element validation problem in {minecraft:loot_table:bonsaitrees4:bonsai/productivetrees/wenge}.pools[1].entries[0]: Unknown loot table called productivetrees:blocks/wenge_leaves
[12Apr2026 16:31:41.124] [Worker-Main-2/WARN] [net.minecraft.server.ReloadableServerRegistries/]: Found loot table element validation problem in {minecraft:loot_table:bonsaitrees4:bonsai/undergarden/small_grongle_tree}.pools[0].entries[0]: Unknown loot table called undergarden:blocks/grongle_log
[12Apr2026 16:31:41.124] [Worker-Main-2/WARN] [net.minecraft.server.ReloadableServerRegistries/]: Found loot table element validation problem in {minecraft:loot_table:bonsaitrees4:bonsai/regions_unexplored/small_oak_tree}.pools[1].entries[0]: Unknown loot table called regions_unexplored:blocks/small_oak_leaves
[12Apr2026 16:31:41.124] [Worker-Main-2/WARN] [net.minecraft.server.ReloadableServerRegistries/]: Found loot table element validation problem in {minecraft:loot_table:bonsaitrees4:bonsai/productivetrees/pink_ivory}.pools[0].entries[0]: Unknown loot table called productivetrees:blocks/pink_ivory_log
[12Apr2026 16:31:41.124] [Worker-Main-2/WARN] [net.minecraft.server.ReloadableServerRegistries/]: Found loot table element validation problem in {minecraft:loot_table:bonsaitrees4:bonsai/productivetrees/mango}.pools[0].entries[0]: Unknown loot table called productivetrees:blocks/mango_log
[12Apr2026 16:31:41.124] [Worker-Main-2/WARN] [net.minecraft.server.ReloadableServerRegistries/]: Found loot table element validation problem in {minecraft:loot_table:bonsaitrees4:bonsai/undergarden/small_grongle_tree}.pools[2].entries[0]: Unknown loot table called undergarden:blocks/hanging_grongle_leaves
[12Apr2026 16:31:41.124] [Worker-Main-2/WARN] [net.minecraft.server.ReloadableServerRegistries/]: Found loot table element validation problem in {minecraft:loot_table:bonsaitrees4:bonsai/sushigocrafting/avocado_tree}.pools[1].entries[0]: Unknown loot table called sushigocrafting:blocks/avocado_leaves
[12Apr2026 16:31:41.124] [Worker-Main-2/WARN] [net.minecraft.server.ReloadableServerRegistries/]: Found loot table element validation problem in {minecraft:loot_table:bonsaitrees4:bonsai/regions_unexplored/magnolia_tree}.pools[1].entries[0]: Unknown loot table called regions_unexplored:blocks/magnolia_leaves
[12Apr2026 16:31:41.124] [Worker-Main-2/WARN] [net.minecraft.server.ReloadableServerRegistries/]: Found loot table element validation problem in {minecraft:loot_table:bonsaitrees4:bonsai/eternal_starlight/northland}.pools[0].entries[0]: Unknown loot table called eternal_starlight:blocks/northland_log
[12Apr2026 16:31:41.124] [Worker-Main-2/WARN] [net.minecraft.server.ReloadableServerRegistries/]: Found loot table element validation problem in {minecraft:loot_table:bonsaitrees4:bonsai/productivetrees/white_poplar}.pools[0].entries[0]: Unknown loot table called productivetrees:blocks/white_poplar_log
[12Apr2026 16:31:41.124] [Worker-Main-2/WARN] [net.minecraft.server.ReloadableServerRegistries/]: Found loot table element validation problem in {minecraft:loot_table:bonsaitrees4:bonsai/productivetrees/black_cherry}.pools[1].entries[0]: Unknown loot table called productivetrees:blocks/black_cherry_leaves
[12Apr2026 16:31:41.124] [Worker-Main-2/WARN] [net.minecraft.server.ReloadableServerRegistries/]: Found loot table element validation problem in {minecraft:loot_table:bonsaitrees4:bonsai/productivetrees/grapefruit}.pools[1].entries[1]: Unknown loot table called productivetrees:blocks/grapefruit_leaves
[12Apr2026 16:31:41.124] [Worker-Main-2/WARN] [net.minecraft.server.ReloadableServerRegistries/]: Found loot table element validation problem in {minecraft:loot_table:bonsaitrees4:bonsai/productivetrees/sweetgum}.pools[0].entries[0]: Unknown loot table called productivetrees:blocks/sweetgum_log
[12Apr2026 16:31:41.124] [Worker-Main-2/WARN] [net.minecraft.server.ReloadableServerRegistries/]: Found loot table element validation problem in {minecraft:loot_table:bonsaitrees4:bonsai/productivetrees/whitebeam}.pools[0].entries[0]: Unknown loot table called productivetrees:blocks/whitebeam_log
[12Apr2026 16:31:41.124] [Worker-Main-2/WARN] [net.minecraft.server.ReloadableServerRegistries/]: Found loot table element validation problem in {minecraft:loot_table:bonsaitrees4:bonsai/productivetrees/cork_oak}.pools[1].entries[0]: Unknown loot table called productivetrees:blocks/cork_oak_leaves
[12Apr2026 16:31:41.124] [Worker-Main-2/WARN] [net.minecraft.server.ReloadableServerRegistries/]: Found loot table element validation problem in {minecraft:loot_table:bonsaitrees4:bonsai/productivetrees/dogwood}.pools[0].entries[0]: Unknown loot table called productivetrees:blocks/dogwood_log
[12Apr2026 16:31:41.124] [Worker-Main-2/WARN] [net.minecraft.server.ReloadableServerRegistries/]: Found loot table element validation problem in {minecraft:loot_table:bonsaitrees4:bonsai/twilightforest/tree/canopy_tree}.pools[2].entries[0]: Unknown loot table called twilightforest:blocks/firefly
[12Apr2026 16:31:41.124] [Worker-Main-2/WARN] [net.minecraft.server.ReloadableServerRegistries/]: Found loot table element validation problem in {minecraft:loot_table:bonsaitrees4:bonsai/regions_unexplored/bamboo_tree}.pools[0].entries[0]: Unknown loot table called regions_unexplored:blocks/bamboo_log
[12Apr2026 16:31:41.124] [Worker-Main-2/WARN] [net.minecraft.server.ReloadableServerRegistries/]: Found loot table element validation problem in {minecraft:loot_table:bonsaitrees4:bonsai/pamhc2trees/fig}.pools[2].entries[0]: Unknown loot table called pamhc2trees:blocks/pamfig
[12Apr2026 16:31:41.124] [Worker-Main-2/WARN] [net.minecraft.server.ReloadableServerRegistries/]: Found loot table element validation problem in {minecraft:loot_table:bonsaitrees4:bonsai/productivetrees/black_cherry}.pools[1].entries[1]: Unknown loot table called productivetrees:blocks/black_cherry_fruit
[12Apr2026 16:31:41.125] [Worker-Main-2/WARN] [net.minecraft.server.ReloadableServerRegistries/]: Found loot table element validation problem in {minecraft:loot_table:bonsaitrees4:bonsai/twilightforest/tree/canopy_tree}.pools[0].entries[0]: Unknown loot table called twilightforest:blocks/canopy_log
[12Apr2026 16:31:41.125] [Worker-Main-2/WARN] [net.minecraft.server.ReloadableServerRegistries/]: Found loot table element validation problem in {minecraft:loot_table:bonsaitrees4:bonsai/productivetrees/boxwood}.pools[0].entries[0]: Unknown loot table called productivetrees:blocks/boxwood_log
[12Apr2026 16:31:41.125] [Worker-Main-2/WARN] [net.minecraft.server.ReloadableServerRegistries/]: Found loot table element validation problem in {minecraft:loot_table:bonsaitrees4:bonsai/eternal_starlight/scarlet}.pools[1].entries[0]: Unknown loot table called eternal_starlight:blocks/scarlet_leaves
[12Apr2026 16:31:41.125] [Worker-Main-2/WARN] [net.minecraft.server.ReloadableServerRegistries/]: Found loot table element validation problem in {minecraft:loot_table:bonsaitrees4:bonsai/productivetrees/pomelo}.pools[0].entries[0]: Unknown loot table called productivetrees:blocks/pomelo_log
[12Apr2026 16:31:41.125] [Worker-Main-2/WARN] [net.minecraft.server.ReloadableServerRegistries/]: Found loot table element validation problem in {minecraft:loot_table:bonsaitrees4:bonsai/pamhc2trees/orange}.pools[2].entries[0]: Unknown loot table called pamhc2trees:blocks/pamorange
[12Apr2026 16:31:41.125] [Worker-Main-2/WARN] [net.minecraft.server.ReloadableServerRegistries/]: Found loot table element validation problem in {minecraft:loot_table:bonsaitrees4:bonsai/pamhc2trees/olive}.pools[2].entries[0]: Unknown loot table called pamhc2trees:blocks/pamolive
[12Apr2026 16:31:41.125] [Worker-Main-2/WARN] [net.minecraft.server.ReloadableServerRegistries/]: Found loot table element validation problem in {minecraft:loot_table:bonsaitrees4:bonsai/productivetrees/grapefruit}.pools[1].entries[0]: Unknown loot table called productivetrees:blocks/grapefruit_fruit
[12Apr2026 16:31:41.125] [Worker-Main-2/WARN] [net.minecraft.server.ReloadableServerRegistries/]: Found loot table element validation problem in {minecraft:loot_table:bonsaitrees4:bonsai/ars_nouveau/flourishing_tree}.pools[1].entries[0]: Unknown loot table called ars_nouveau:blocks/green_archwood_leaves
[12Apr2026 16:31:41.125] [Worker-Main-2/WARN] [net.minecraft.server.ReloadableServerRegistries/]: Found loot table element validation problem in {minecraft:loot_table:bonsaitrees4:bonsai/productivetrees/purpleheart}.pools[0].entries[0]: Unknown loot table called productivetrees:blocks/purpleheart_log
[12Apr2026 16:31:41.125] [Worker-Main-2/WARN] [net.minecraft.server.ReloadableServerRegistries/]: Found loot table element validation problem in {minecraft:loot_table:bonsaitrees4:bonsai/biomeswevegone/silver_maple_tree4}.pools[0].entries[0]: Unknown loot table called biomeswevegone:blocks/maple_log
[12Apr2026 16:31:41.125] [Worker-Main-2/WARN] [net.minecraft.server.ReloadableServerRegistries/]: Found loot table element validation problem in {minecraft:loot_table:bonsaitrees4:bonsai/biomeswevegone/silver_maple_tree4}.pools[1].entries[0]: Unknown loot table called biomeswevegone:blocks/silver_maple_leaves
[12Apr2026 16:31:41.125] [Worker-Main-2/WARN] [net.minecraft.server.ReloadableServerRegistries/]: Found loot table element validation problem in {minecraft:loot_table:bonsaitrees4:bonsai/regions_unexplored/mauve_oak}.pools[1].entries[0]: Unknown loot table called regions_unexplored:blocks/mauve_leaves
[12Apr2026 16:31:41.125] [Worker-Main-2/WARN] [net.minecraft.server.ReloadableServerRegistries/]: Found loot table element validation problem in {minecraft:loot_table:bonsaitrees4:bonsai/productivetrees/date_palm}.pools[0].entries[0]: Unknown loot table called productivetrees:blocks/date_palm_log
[12Apr2026 16:31:41.125] [Worker-Main-2/WARN] [net.minecraft.server.ReloadableServerRegistries/]: Found loot table element validation problem in {minecraft:loot_table:bonsaitrees4:bonsai/productivetrees/coconut}.pools[1].entries[1]: Unknown loot table called productivetrees:blocks/coconut_leaves
[12Apr2026 16:31:41.125] [Worker-Main-2/WARN] [net.minecraft.server.ReloadableServerRegistries/]: Found loot table element validation problem in {minecraft:loot_table:bonsaitrees4:bonsai/biomeswevegone/skyris_tree1}.pools[2].entries[0]: Unknown loot table called biomeswevegone:blocks/skyris_vine
[12Apr2026 16:31:41.125] [Worker-Main-2/WARN] [net.minecraft.server.ReloadableServerRegistries/]: Found loot table element validation problem in {minecraft:loot_table:bonsaitrees4:bonsai/productivetrees/papaya}.pools[1].entries[0]: Unknown loot table called productivetrees:blocks/papaya_leaves
[12Apr2026 16:31:41.125] [Worker-Main-2/WARN] [net.minecraft.server.ReloadableServerRegistries/]: Found loot table element validation problem in {minecraft:loot_table:bonsaitrees4:bonsai/pamhc2trees/date}.pools[2].entries[0]: Unknown loot table called pamhc2trees:blocks/pamdate
[12Apr2026 16:31:41.125] [Worker-Main-2/WARN] [net.minecraft.server.ReloadableServerRegistries/]: Found loot table element validation problem in {minecraft:loot_table:bonsaitrees4:bonsai/biomeswevegone/skyris_tree1}.pools[1].entries[0]: Unknown loot table called biomeswevegone:blocks/skyris_leaves
[12Apr2026 16:31:41.125] [Worker-Main-2/WARN] [net.minecraft.server.ReloadableServerRegistries/]: Found loot table element validation problem in {minecraft:loot_table:bonsaitrees4:bonsai/biomeswevegone/yellow_birch_tree3}.pools[1].entries[0]: Unknown loot table called biomeswevegone:blocks/yellow_birch_leaves
[12Apr2026 16:31:41.125] [Worker-Main-2/WARN] [net.minecraft.server.ReloadableServerRegistries/]: Found loot table element validation problem in {minecraft:loot_table:bonsaitrees4:bonsai/biomeswevegone/rainbow_eucalyptus_tree1}.pools[0].entries[0]: Unknown loot table called biomeswevegone:blocks/rainbow_eucalyptus_log
[12Apr2026 16:31:41.125] [Worker-Main-2/WARN] [net.minecraft.server.ReloadableServerRegistries/]: Found loot table element validation problem in {minecraft:loot_table:bonsaitrees4:bonsai/productivetrees/hawthorn}.pools[0].entries[0]: Unknown loot table called productivetrees:blocks/hawthorn_log
[12Apr2026 16:31:41.125] [Worker-Main-2/WARN] [net.minecraft.server.ReloadableServerRegistries/]: Found loot table element validation problem in {minecraft:loot_table:bonsaitrees4:bonsai/productivetrees/bull_pine}.pools[1].entries[0]: Unknown loot table called productivetrees:blocks/bull_pine_leaves
[12Apr2026 16:31:41.125] [Worker-Main-2/WARN] [net.minecraft.server.ReloadableServerRegistries/]: Found loot table element validation problem in {minecraft:loot_table:bonsaitrees4:bonsai/biomeswevegone/rainbow_eucalyptus_tree1}.pools[1].entries[0]: Unknown loot table called biomeswevegone:blocks/rainbow_eucalyptus_leaves
[12Apr2026 16:31:41.126] [Worker-Main-2/WARN] [net.minecraft.server.ReloadableServerRegistries/]: Found loot table element validation problem in {minecraft:loot_table:bonsaitrees4:bonsai/twilightforest/tree/mining_tree}.pools[2].entries[0]: Unknown loot table called twilightforest:blocks/mining_log_core
[12Apr2026 16:31:41.126] [Worker-Main-2/WARN] [net.minecraft.server.ReloadableServerRegistries/]: Found loot table element validation problem in {minecraft:loot_table:bonsaitrees4:bonsai/twilightforest/tree/mining_tree}.pools[1].entries[0]: Unknown loot table called twilightforest:blocks/mining_leaves
[12Apr2026 16:31:41.126] [Worker-Main-2/WARN] [net.minecraft.server.ReloadableServerRegistries/]: Found loot table element validation problem in {minecraft:loot_table:bonsaitrees4:bonsai/productivetrees/lawson_cypress}.pools[0].entries[0]: Unknown loot table called productivetrees:blocks/lawson_cypress_log
[12Apr2026 16:31:41.126] [Worker-Main-2/WARN] [net.minecraft.server.ReloadableServerRegistries/]: Found loot table element validation problem in {minecraft:loot_table:bonsaitrees4:bonsai/productivetrees/lawson_cypress}.pools[1].entries[0]: Unknown loot table called productivetrees:blocks/lawson_cypress_leaves
[12Apr2026 16:31:41.126] [Worker-Main-2/WARN] [net.minecraft.server.ReloadableServerRegistries/]: Found loot table element validation problem in {minecraft:loot_table:bonsaitrees4:bonsai/regions_unexplored/enchanted_birch_tree}.pools[0].entries[1]: Unknown loot table called regions_unexplored:blocks/silver_birch_branch
[12Apr2026 16:31:41.126] [Worker-Main-2/WARN] [net.minecraft.server.ReloadableServerRegistries/]: Found loot table element validation problem in {minecraft:loot_table:bonsaitrees4:bonsai/biomeswevegone/skyris_tree1}.pools[1].entries[1]: Unknown loot table called biomeswevegone:blocks/flowering_skyris_leaves
[12Apr2026 16:31:41.126] [Worker-Main-2/WARN] [net.minecraft.server.ReloadableServerRegistries/]: Found loot table element validation problem in {minecraft:loot_table:bonsaitrees4:bonsai/ars_elemental/flashing_tree_sapling}.pools[0].entries[0]: Unknown loot table called ars_elemental:blocks/yellow_archwood_log
[12Apr2026 16:31:41.126] [Worker-Main-2/WARN] [net.minecraft.server.ReloadableServerRegistries/]: Found loot table element validation problem in {minecraft:loot_table:bonsaitrees4:bonsai/biomeswevegone/maple_tree1}.pools[0].entries[0]: Unknown loot table called biomeswevegone:blocks/maple_log
[12Apr2026 16:31:41.126] [Worker-Main-2/WARN] [net.minecraft.server.ReloadableServerRegistries/]: Found loot table element validation problem in {minecraft:loot_table:bonsaitrees4:bonsai/deeperdarker/tree_echo}.pools[2].entries[0]: Unknown loot table called deeperdarker:blocks/sculk_gleam
[12Apr2026 16:31:41.126] [Worker-Main-2/WARN] [net.minecraft.server.ReloadableServerRegistries/]: Found loot table element validation problem in {minecraft:loot_table:bonsaitrees4:bonsai/regions_unexplored/enchanted_birch_tree}.pools[1].entries[0]: Unknown loot table called regions_unexplored:blocks/enchanted_birch_leaves
[12Apr2026 16:31:41.126] [Worker-Main-2/WARN] [net.minecraft.server.ReloadableServerRegistries/]: Found loot table element validation problem in {minecraft:loot_table:bonsaitrees4:bonsai/ars_elemental/flashing_tree_sapling}.pools[1].entries[0]: Unknown loot table called ars_elemental:blocks/yellow_archwood_leaves
[12Apr2026 16:31:41.126] [Worker-Main-2/WARN] [net.minecraft.server.ReloadableServerRegistries/]: Found loot table element validation problem in {minecraft:loot_table:bonsaitrees4:bonsai/productivetrees/ash}.pools[0].entries[0]: Unknown loot table called productivetrees:blocks/ash_log
[12Apr2026 16:31:41.126] [Worker-Main-2/WARN] [net.minecraft.server.ReloadableServerRegistries/]: Found loot table element validation problem in {minecraft:loot_table:bonsaitrees4:bonsai/pamhc2trees/candlenut}.pools[2].entries[0]: Unknown loot table called pamhc2trees:blocks/pamcandlenut
[12Apr2026 16:31:41.126] [Worker-Main-2/WARN] [net.minecraft.server.ReloadableServerRegistries/]: Found loot table element validation problem in {minecraft:loot_table:bonsaitrees4:bonsai/productivetrees/ash}.pools[1].entries[0]: Unknown loot table called productivetrees:blocks/ash_leaves
[12Apr2026 16:31:41.126] [Worker-Main-2/WARN] [net.minecraft.server.ReloadableServerRegistries/]: Found loot table element validation problem in {minecraft:loot_table:bonsaitrees4:bonsai/productivetrees/sugar_maple}.pools[0].entries[0]: Unknown loot table called productivetrees:blocks/sugar_maple_log
[12Apr2026 16:31:41.126] [Worker-Main-2/WARN] [net.minecraft.server.ReloadableServerRegistries/]: Found loot table element validation problem in {minecraft:loot_table:bonsaitrees4:bonsai/biomeswevegone/redwood_tree1}.pools[0].entries[0]: Unknown loot table called biomeswevegone:blocks/redwood_log
[12Apr2026 16:31:41.126] [Worker-Main-2/WARN] [net.minecraft.server.ReloadableServerRegistries/]: Found loot table element validation problem in {minecraft:loot_table:bonsaitrees4:bonsai/ars_nouveau/vexing_tree}.pools[0].entries[0]: Unknown loot table called ars_nouveau:blocks/purple_archwood_log
[12Apr2026 16:31:41.126] [Worker-Main-2/WARN] [net.minecraft.server.ReloadableServerRegistries/]: Found loot table element validation problem in {minecraft:loot_table:bonsaitrees4:bonsai/biomeswevegone/araucaria_tree1}.pools[1].entries[0]: Unknown loot table called biomeswevegone:blocks/araucaria_leaves
[12Apr2026 16:31:41.126] [Worker-Main-2/WARN] [net.minecraft.server.ReloadableServerRegistries/]: Found loot table element validation problem in {minecraft:loot_table:bonsaitrees4:bonsai/productivetrees/coffea}.pools[1].entries[1]: Unknown loot table called productivetrees:blocks/coffea_fruit
[12Apr2026 16:31:41.126] [Worker-Main-2/WARN] [net.minecraft.server.ReloadableServerRegistries/]: Found loot table element validation problem in {minecraft:loot_table:bonsaitrees4:bonsai/undergarden/huge_puff_mushroom}.pools[0].entries[0]: Unknown loot table called undergarden:blocks/puff_mushroom_stem
[12Apr2026 16:31:41.126] [Worker-Main-2/WARN] [net.minecraft.server.ReloadableServerRegistries/]: Found loot table element validation problem in {minecraft:loot_table:bonsaitrees4:bonsai/biomeswevegone/araucaria_tree1}.pools[0].entries[0]: Unknown loot table called biomeswevegone:blocks/pine_log
[12Apr2026 16:31:41.126] [Worker-Main-2/WARN] [net.minecraft.server.ReloadableServerRegistries/]: Found loot table element validation problem in {minecraft:loot_table:bonsaitrees4:bonsai/regions_unexplored/enchanted_birch_tree}.pools[0].entries[0]: Unknown loot table called regions_unexplored:blocks/silver_birch_log
[12Apr2026 16:31:41.127] [Worker-Main-2/WARN] [net.minecraft.server.ReloadableServerRegistries/]: Found loot table element validation problem in {minecraft:loot_table:bonsaitrees4:bonsai/productivetrees/clove}.pools[0].entries[0]: Unknown loot table called productivetrees:blocks/clove_log
[12Apr2026 16:31:41.127] [Worker-Main-2/WARN] [net.minecraft.server.ReloadableServerRegistries/]: Found loot table element validation problem in {minecraft:loot_table:bonsaitrees4:bonsai/biomeswevegone/skyris_tree1}.pools[1].entries[2]: Unknown loot table called biomeswevegone:blocks/green_apple_skyris_leaves
[12Apr2026 16:31:41.127] [Worker-Main-2/WARN] [net.minecraft.server.ReloadableServerRegistries/]: Found loot table element validation problem in {minecraft:loot_table:bonsaitrees4:bonsai/cobblemon/yellow_apricorn_tree}.pools[0].entries[0]: Unknown loot table called cobblemon:blocks/apricorn_log
[12Apr2026 16:31:41.127] [Worker-Main-2/WARN] [net.minecraft.server.ReloadableServerRegistries/]: Found loot table element validation problem in {minecraft:loot_table:bonsaitrees4:bonsai/productivetrees/clove}.pools[1].entries[0]: Unknown loot table called productivetrees:blocks/clove_fruit
[12Apr2026 16:31:41.127] [Worker-Main-2/WARN] [net.minecraft.server.ReloadableServerRegistries/]: Found loot table element validation problem in {minecraft:loot_table:bonsaitrees4:bonsai/biomeswevegone/maple_tree1}.pools[1].entries[0]: Unknown loot table called biomeswevegone:blocks/maple_leaves
[12Apr2026 16:31:41.127] [Worker-Main-2/WARN] [net.minecraft.server.ReloadableServerRegistries/]: Found loot table element validation problem in {minecraft:loot_table:bonsaitrees4:bonsai/cobblemon/yellow_apricorn_tree}.pools[1].entries[0]: Unknown loot table called cobblemon:blocks/apricorn_leaves
[12Apr2026 16:31:41.127] [Worker-Main-2/WARN] [net.minecraft.server.ReloadableServerRegistries/]: Found loot table element validation problem in {minecraft:loot_table:bonsaitrees4:bonsai/productivetrees/plantain}.pools[0].entries[0]: Unknown loot table called productivetrees:blocks/plantain_log
[12Apr2026 16:31:41.127] [Worker-Main-2/WARN] [net.minecraft.server.ReloadableServerRegistries/]: Found loot table element validation problem in {minecraft:loot_table:bonsaitrees4:bonsai/twilightforest/tree/sorting_tree}.pools[0].entries[0]: Unknown loot table called twilightforest:blocks/sorting_log
[12Apr2026 16:31:41.127] [Worker-Main-2/WARN] [net.minecraft.server.ReloadableServerRegistries/]: Found loot table element validation problem in {minecraft:loot_table:bonsaitrees4:bonsai/productivetrees/breadfruit}.pools[0].entries[0]: Unknown loot table called productivetrees:blocks/breadfruit_log
[12Apr2026 16:31:41.127] [Worker-Main-2/WARN] [net.minecraft.server.ReloadableServerRegistries/]: Found loot table element validation problem in {minecraft:loot_table:bonsaitrees4:bonsai/productivetrees/red_maple}.pools[1].entries[0]: Unknown loot table called productivetrees:blocks/red_maple_leaves
[12Apr2026 16:31:41.127] [Worker-Main-2/WARN] [net.minecraft.server.ReloadableServerRegistries/]: Found loot table element validation problem in {minecraft:loot_table:bonsaitrees4:bonsai/productivetrees/zebrano}.pools[1].entries[0]: Unknown loot table called productivetrees:blocks/zebrano_leaves
[12Apr2026 16:31:41.127] [Worker-Main-2/WARN] [net.minecraft.server.ReloadableServerRegistries/]: Found loot table element validation problem in {minecraft:loot_table:bonsaitrees4:bonsai/productivetrees/coffea}.pools[1].entries[0]: Unknown loot table called productivetrees:blocks/coffea_leaves
[12Apr2026 16:31:41.127] [Worker-Main-2/WARN] [net.minecraft.server.ReloadableServerRegistries/]: Found loot table element validation problem in {minecraft:loot_table:bonsaitrees4:bonsai/productivetrees/coconut}.pools[0].entries[0]: Unknown loot table called productivetrees:blocks/coconut_log
[12Apr2026 16:31:41.127] [Worker-Main-2/WARN] [net.minecraft.server.ReloadableServerRegistries/]: Found loot table element validation problem in {minecraft:loot_table:bonsaitrees4:bonsai/productivetrees/coconut}.pools[1].entries[0]: Unknown loot table called productivetrees:blocks/coconut_fruit
[12Apr2026 16:31:41.127] [Worker-Main-2/WARN] [net.minecraft.server.ReloadableServerRegistries/]: Found loot table element validation problem in {minecraft:loot_table:bonsaitrees4:bonsai/productivetrees/clove}.pools[1].entries[1]: Unknown loot table called productivetrees:blocks/clove_leaves
[12Apr2026 16:31:41.127] [Worker-Main-2/WARN] [net.minecraft.server.ReloadableServerRegistries/]: Found loot table element validation problem in {minecraft:loot_table:bonsaitrees4:bonsai/productivetrees/blue_yonder}.pools[0].entries[0]: Unknown loot table called productivetrees:blocks/blue_yonder_log
[12Apr2026 16:31:41.127] [Worker-Main-2/WARN] [net.minecraft.server.ReloadableServerRegistries/]: Found loot table element validation problem in {minecraft:loot_table:bonsaitrees4:bonsai/regions_unexplored/larch_golden_tree}.pools[1].entries[0]: Unknown loot table called regions_unexplored:blocks/golden_larch_leaves
[12Apr2026 16:31:41.127] [Worker-Main-2/WARN] [net.minecraft.server.ReloadableServerRegistries/]: Found loot table element validation problem in {minecraft:loot_table:bonsaitrees4:bonsai/pamhc2trees/acorn}.pools[2].entries[0]: Unknown loot table called pamhc2trees:blocks/pamacorn
[12Apr2026 16:31:41.127] [Worker-Main-2/WARN] [net.minecraft.server.ReloadableServerRegistries/]: Found loot table element validation problem in {minecraft:loot_table:bonsaitrees4:bonsai/productivetrees/papaya}.pools[1].entries[1]: Unknown loot table called productivetrees:blocks/papaya_fruit
[12Apr2026 16:31:41.127] [Worker-Main-2/WARN] [net.minecraft.server.ReloadableServerRegistries/]: Found loot table element validation problem in {minecraft:loot_table:bonsaitrees4:bonsai/twilightforest/tree/mangrove_tree}.pools[1].entries[0]: Unknown loot table called twilightforest:blocks/mangrove_leaves
[12Apr2026 16:31:41.128] [Worker-Main-2/WARN] [net.minecraft.server.ReloadableServerRegistries/]: Found loot table element validation problem in {minecraft:loot_table:bonsaitrees4:bonsai/productivetrees/pomelo}.pools[1].entries[1]: Unknown loot table called productivetrees:blocks/pomelo_fruit
[12Apr2026 16:31:41.128] [Worker-Main-2/WARN] [net.minecraft.server.ReloadableServerRegistries/]: Found loot table element validation problem in {minecraft:loot_table:bonsaitrees4:bonsai/regions_unexplored/giant_blue_bioshroom}.pools[1].entries[0]: Unknown loot table called regions_unexplored:blocks/blue_bioshroom_block
[12Apr2026 16:31:41.128] [Worker-Main-2/WARN] [net.minecraft.server.ReloadableServerRegistries/]: Found loot table element validation problem in {minecraft:loot_table:bonsaitrees4:bonsai/biomeswevegone/brown_zelkova_tree1}.pools[0].entries[0]: Unknown loot table called biomeswevegone:blocks/zelkova_log
[12Apr2026 16:31:41.128] [Worker-Main-2/WARN] [net.minecraft.server.ReloadableServerRegistries/]: Found loot table element validation problem in {minecraft:loot_table:bonsaitrees4:bonsai/productivetrees/orange}.pools[1].entries[0]: Unknown loot table called productivetrees:blocks/orange_fruit
[12Apr2026 16:31:41.128] [Worker-Main-2/WARN] [net.minecraft.server.ReloadableServerRegistries/]: Found loot table element validation problem in {minecraft:loot_table:bonsaitrees4:bonsai/regions_unexplored/large_socotra_tree}.pools[0].entries[0]: Unknown loot table called regions_unexplored:blocks/socotra_log
[12Apr2026 16:31:41.128] [Worker-Main-2/WARN] [net.minecraft.server.ReloadableServerRegistries/]: Found loot table element validation problem in {minecraft:loot_table:bonsaitrees4:bonsai/productivetrees/grandidiers_baobab}.pools[1].entries[0]: Unknown loot table called productivetrees:blocks/grandidiers_baobab_fruit
[12Apr2026 16:31:41.128] [Worker-Main-2/WARN] [net.minecraft.server.ReloadableServerRegistries/]: Found loot table element validation problem in {minecraft:loot_table:bonsaitrees4:bonsai/productivetrees/sycamore_fig}.pools[1].entries[0]: Unknown loot table called productivetrees:blocks/sycamore_fig_leaves
[12Apr2026 16:31:41.128] [Worker-Main-2/WARN] [net.minecraft.server.ReloadableServerRegistries/]: Found loot table element validation problem in {minecraft:loot_table:bonsaitrees4:bonsai/regions_unexplored/white_magnolia_tree}.pools[1].entries[0]: Unknown loot table called regions_unexplored:blocks/white_magnolia_leaves
[12Apr2026 16:31:41.128] [Worker-Main-2/WARN] [net.minecraft.server.ReloadableServerRegistries/]: Found loot table element validation problem in {minecraft:loot_table:bonsaitrees4:bonsai/productivetrees/thunder_bolt}.pools[0].entries[0]: Unknown loot table called productivetrees:blocks/thunder_bolt_log
[12Apr2026 16:31:41.128] [Worker-Main-2/WARN] [net.minecraft.server.ReloadableServerRegistries/]: Found loot table element validation problem in {minecraft:loot_table:bonsaitrees4:bonsai/biomeswevegone/ebony_bush1}.pools[0].entries[0]: Unknown loot table called biomeswevegone:blocks/ebony_log
[12Apr2026 16:31:41.128] [Worker-Main-2/WARN] [net.minecraft.server.ReloadableServerRegistries/]: Found loot table element validation problem in {minecraft:loot_table:bonsaitrees4:bonsai/regions_unexplored/giant_blue_bioshroom}.pools[1].entries[1]: Unknown loot table called regions_unexplored:blocks/glowing_blue_bioshroom_block
[12Apr2026 16:31:41.128] [Worker-Main-2/WARN] [net.minecraft.server.ReloadableServerRegistries/]: Found loot table element validation problem in {minecraft:loot_table:bonsaitrees4:bonsai/regions_unexplored/magnolia_tree}.pools[0].entries[0]: Unknown loot table called regions_unexplored:blocks/magnolia_log
[12Apr2026 16:31:41.128] [Worker-Main-2/WARN] [net.minecraft.server.ReloadableServerRegistries/]: Found loot table element validation problem in {minecraft:loot_table:bonsaitrees4:bonsai/eternal_starlight/northland}.pools[1].entries[0]: Unknown loot table called eternal_starlight:blocks/northland_leaves
[12Apr2026 16:31:41.128] [Worker-Main-2/WARN] [net.minecraft.server.ReloadableServerRegistries/]: Found loot table element validation problem in {minecraft:loot_table:bonsaitrees4:bonsai/regions_unexplored/big_blackwood_tree}.pools[0].entries[1]: Unknown loot table called regions_unexplored:blocks/blackwood_branch
[12Apr2026 16:31:41.128] [Worker-Main-2/WARN] [net.minecraft.server.ReloadableServerRegistries/]: Found loot table element validation problem in {minecraft:loot_table:bonsaitrees4:bonsai/productivetrees/grandidiers_baobab}.pools[1].entries[1]: Unknown loot table called productivetrees:blocks/grandidiers_baobab_leaves
[12Apr2026 16:31:41.128] [Worker-Main-2/WARN] [net.minecraft.server.ReloadableServerRegistries/]: Found loot table element validation problem in {minecraft:loot_table:bonsaitrees4:bonsai/productivetrees/wenge}.pools[0].entries[0]: Unknown loot table called productivetrees:blocks/wenge_log
[12Apr2026 16:31:41.128] [Worker-Main-2/WARN] [net.minecraft.server.ReloadableServerRegistries/]: Found loot table element validation problem in {minecraft:loot_table:bonsaitrees4:bonsai/regions_unexplored/larch_tree}.pools[1].entries[0]: Unknown loot table called regions_unexplored:blocks/larch_leaves
[12Apr2026 16:31:41.128] [Worker-Main-2/WARN] [net.minecraft.server.ReloadableServerRegistries/]: Found loot table element validation problem in {minecraft:loot_table:bonsaitrees4:bonsai/regions_unexplored/dead_pine_tree}.pools[0].entries[0]: Unknown loot table called regions_unexplored:blocks/pine_log
[12Apr2026 16:31:41.128] [Worker-Main-2/WARN] [net.minecraft.server.ReloadableServerRegistries/]: Found loot table element validation problem in {minecraft:loot_table:bonsaitrees4:bonsai/regions_unexplored/small_oak_tree}.pools[0].entries[0]: Unknown loot table called regions_unexplored:blocks/small_oak_log
[12Apr2026 16:31:41.128] [Worker-Main-2/WARN] [net.minecraft.server.ReloadableServerRegistries/]: Found loot table element validation problem in {minecraft:loot_table:bonsaitrees4:bonsai/biomeswevegone/mahogany_tree1}.pools[0].entries[0]: Unknown loot table called biomeswevegone:blocks/mahogany_log
[12Apr2026 16:31:41.128] [Worker-Main-2/WARN] [net.minecraft.server.ReloadableServerRegistries/]: Found loot table element validation problem in {minecraft:loot_table:bonsaitrees4:bonsai/sushigocrafting/avocado_tree}.pools[0].entries[0]: Unknown loot table called sushigocrafting:blocks/avocado_log
[12Apr2026 16:31:41.128] [Worker-Main-2/WARN] [net.minecraft.server.ReloadableServerRegistries/]: Found loot table element validation problem in {minecraft:loot_table:bonsaitrees4:bonsai/productivetrees/time_traveller}.pools[1].entries[0]: Unknown loot table called productivetrees:blocks/time_traveller_leaves
[12Apr2026 16:31:41.128] [Worker-Main-2/WARN] [net.minecraft.server.ReloadableServerRegistries/]: Found loot table element validation problem in {minecraft:loot_table:bonsaitrees4:bonsai/regions_unexplored/giant_pink_bioshroom}.pools[1].entries[1]: Unknown loot table called regions_unexplored:blocks/glowing_pink_bioshroom_block
[12Apr2026 16:31:41.129] [Worker-Main-2/WARN] [net.minecraft.server.ReloadableServerRegistries/]: Found loot table element validation problem in {minecraft:loot_table:supplementaries:loot/galleon/safe}.pools[2].entries[1]: Unreachable entry!
[12Apr2026 16:31:41.129] [Worker-Main-2/WARN] [net.minecraft.server.ReloadableServerRegistries/]: Found loot table element validation problem in {minecraft:loot_table:bonsaitrees4:bonsai/productivetrees/black_cherry}.pools[0].entries[0]: Unknown loot table called productivetrees:blocks/black_cherry_log
[12Apr2026 16:31:41.129] [Worker-Main-2/WARN] [net.minecraft.server.ReloadableServerRegistries/]: Found loot table element validation problem in {minecraft:loot_table:bonsaitrees4:bonsai/productivetrees/pecan}.pools[1].entries[0]: Unknown loot table called productivetrees:blocks/pecan_leaves
[12Apr2026 16:31:41.129] [Worker-Main-2/WARN] [net.minecraft.server.ReloadableServerRegistries/]: Found loot table element validation problem in {minecraft:loot_table:bonsaitrees4:bonsai/pamhc2trees/apple}.pools[2].entries[0]: Unknown loot table called pamhc2trees:blocks/pamapple
[12Apr2026 16:31:41.129] [Worker-Main-2/WARN] [net.minecraft.server.ReloadableServerRegistries/]: Found loot table element validation problem in {minecraft:loot_table:bonsaitrees4:bonsai/allthemodium/ancient_tree}.pools[1].entries[0]: Unknown loot table called allthemodium:blocks/ancient_leaves
[12Apr2026 16:31:41.129] [Worker-Main-2/WARN] [net.minecraft.server.ReloadableServerRegistries/]: Found loot table element validation problem in {minecraft:loot_table:bonsaitrees4:bonsai/productivetrees/white_willow}.pools[1].entries[0]: Unknown loot table called productivetrees:blocks/white_willow_leaves
[12Apr2026 16:31:41.129] [Worker-Main-2/WARN] [net.minecraft.server.ReloadableServerRegistries/]: Found loot table element validation problem in {minecraft:loot_table:bonsaitrees4:bonsai/regions_unexplored/alpha_oak_tree}.pools[1].entries[0]: Unknown loot table called regions_unexplored:blocks/alpha_leaves
[12Apr2026 16:31:41.129] [Worker-Main-2/WARN] [net.minecraft.server.ReloadableServerRegistries/]: Found loot table element validation problem in {minecraft:loot_table:bonsaitrees4:bonsai/productivetrees/almond}.pools[0].entries[0]: Unknown loot table called productivetrees:blocks/almond_log
[12Apr2026 16:31:41.129] [Worker-Main-2/WARN] [net.minecraft.server.ReloadableServerRegistries/]: Found loot table element validation problem in {minecraft:loot_table:bonsaitrees4:bonsai/twilightforest/tree/transformation_tree}.pools[0].entries[1]: Unknown loot table called twilightforest:blocks/transformation_wood
[12Apr2026 16:31:41.129] [Worker-Main-2/WARN] [net.minecraft.server.ReloadableServerRegistries/]: Found loot table element validation problem in {minecraft:loot_table:bonsaitrees4:bonsai/eternal_starlight/lunar}.pools[0].entries[0]: Unknown loot table called eternal_starlight:blocks/lunar_log
[12Apr2026 16:31:41.129] [Worker-Main-2/WARN] [net.minecraft.server.ReloadableServerRegistries/]: Found loot table element validation problem in {minecraft:loot_table:bonsaitrees4:bonsai/productivetrees/western_hemlock}.pools[0].entries[0]: Unknown loot table called productivetrees:blocks/western_hemlock_log
[12Apr2026 16:31:41.129] [Worker-Main-2/WARN] [net.minecraft.server.ReloadableServerRegistries/]: Found loot table element validation problem in {minecraft:loot_table:bonsaitrees4:bonsai/productivetrees/whitebeam}.pools[1].entries[0]: Unknown loot table called productivetrees:blocks/whitebeam_leaves
[12Apr2026 16:31:41.129] [Worker-Main-2/WARN] [net.minecraft.server.ReloadableServerRegistries/]: Found loot table element validation problem in {minecraft:loot_table:bonsaitrees4:bonsai/twilightforest/tree/twilight_oak_tree}.pools[0].entries[0]: Unknown loot table called twilightforest:blocks/twilight_oak_log
[12Apr2026 16:31:41.129] [Worker-Main-2/WARN] [net.minecraft.server.ReloadableServerRegistries/]: Found loot table element validation problem in {minecraft:loot_table:bonsaitrees4:bonsai/pamhc2trees/gauva}.pools[2].entries[0]: Unknown loot table called pamhc2trees:blocks/pamguava
[12Apr2026 16:31:41.129] [Worker-Main-2/WARN] [net.minecraft.server.ReloadableServerRegistries/]: Found loot table element validation problem in {minecraft:loot_table:bonsaitrees4:bonsai/regions_unexplored/giant_pink_bioshroom}.pools[1].entries[0]: Unknown loot table called regions_unexplored:blocks/pink_bioshroom_block
[12Apr2026 16:31:41.129] [Worker-Main-2/WARN] [net.minecraft.server.ReloadableServerRegistries/]: Found loot table element validation problem in {minecraft:loot_table:bonsaitrees4:bonsai/productivetrees/pomelo}.pools[1].entries[0]: Unknown loot table called productivetrees:blocks/pomelo_leaves
[12Apr2026 16:31:41.129] [Worker-Main-2/WARN] [net.minecraft.server.ReloadableServerRegistries/]: Found loot table element validation problem in {minecraft:loot_table:bonsaitrees4:bonsai/ars_nouveau/flourishing_tree}.pools[0].entries[0]: Unknown loot table called ars_nouveau:blocks/green_archwood_log
[12Apr2026 16:31:41.129] [Worker-Main-2/WARN] [net.minecraft.server.ReloadableServerRegistries/]: Found loot table element validation problem in {minecraft:loot_table:bonsaitrees4:bonsai/productivetrees/pecan}.pools[1].entries[1]: Unknown loot table called productivetrees:blocks/pecan_fruit
[12Apr2026 16:31:41.129] [Worker-Main-2/WARN] [net.minecraft.server.ReloadableServerRegistries/]: Found loot table element validation problem in {minecraft:loot_table:bonsaitrees4:bonsai/productivetrees/red_delicious_apple}.pools[1].entries[1]: Unknown loot table called productivetrees:blocks/red_delicious_apple_leaves
[12Apr2026 16:31:41.129] [Worker-Main-2/WARN] [net.minecraft.server.ReloadableServerRegistries/]: Found loot table element validation problem in {minecraft:loot_table:bonsaitrees4:bonsai/regions_unexplored/bamboo_tree}.pools[1].entries[0]: Unknown loot table called regions_unexplored:blocks/bamboo_leaves
[12Apr2026 16:31:41.129] [Worker-Main-2/WARN] [net.minecraft.server.ReloadableServerRegistries/]: Found loot table element validation problem in {minecraft:loot_table:bonsaitrees4:bonsai/productivetrees/orange}.pools[1].entries[1]: Unknown loot table called productivetrees:blocks/orange_leaves
[12Apr2026 16:31:41.130] [Worker-Main-2/WARN] [net.minecraft.server.ReloadableServerRegistries/]: Found loot table element validation problem in {minecraft:loot_table:bonsaitrees4:bonsai/twilightforest/tree/transformation_tree}.pools[0].entries[0]: Unknown loot table called twilightforest:blocks/transformation_log
[12Apr2026 16:31:41.130] [Worker-Main-2/WARN] [net.minecraft.server.ReloadableServerRegistries/]: Found loot table element validation problem in {minecraft:loot_table:bonsaitrees4:bonsai/biomeswevegone/baobab_tree1}.pools[0].entries[0]: Unknown loot table called biomeswevegone:blocks/baobab_log
[12Apr2026 16:31:41.130] [Worker-Main-2/WARN] [net.minecraft.server.ReloadableServerRegistries/]: Found loot table element validation problem in {minecraft:loot_table:bonsaitrees4:bonsai/productivetrees/grapefruit}.pools[0].entries[0]: Unknown loot table called productivetrees:blocks/grapefruit_log
[12Apr2026 16:31:41.130] [Worker-Main-2/WARN] [net.minecraft.server.ReloadableServerRegistries/]: Found loot table element validation problem in {minecraft:loot_table:bonsaitrees4:bonsai/pamhc2trees/gooseberry}.pools[2].entries[0]: Unknown loot table called pamhc2trees:blocks/pamgooseberry
[12Apr2026 16:31:41.130] [Worker-Main-2/WARN] [net.minecraft.server.ReloadableServerRegistries/]: Found loot table element validation problem in {minecraft:loot_table:bonsaitrees4:bonsai/productivetrees/pistachio}.pools[0].entries[0]: Unknown loot table called productivetrees:blocks/pistachio_log
[12Apr2026 16:31:41.130] [Worker-Main-2/WARN] [net.minecraft.server.ReloadableServerRegistries/]: Found loot table element validation problem in {minecraft:loot_table:bonsaitrees4:bonsai/forbidden_arcanus/aurum}.pools[1].entries[1]: Unknown loot table called forbidden_arcanus:blocks/nuggety_aurum_leaves
[12Apr2026 16:31:41.130] [Worker-Main-2/WARN] [net.minecraft.server.ReloadableServerRegistries/]: Found loot table element validation problem in {minecraft:loot_table:bonsaitrees4:bonsai/biomeswevegone/baobab_tree1}.pools[1].entries[2]: Unknown loot table called biomeswevegone:blocks/flowering_baobab_leaves
[12Apr2026 16:31:41.130] [Worker-Main-2/WARN] [net.minecraft.server.ReloadableServerRegistries/]: Found loot table element validation problem in {minecraft:loot_table:bonsaitrees4:bonsai/undergarden/huge_blood_mushroom}.pools[0].entries[2]: Unknown loot table called undergarden:blocks/engorged_blood_mushroom_cap
[12Apr2026 16:31:41.130] [Worker-Main-2/WARN] [net.minecraft.server.ReloadableServerRegistries/]: Found loot table element validation problem in {minecraft:loot_table:bonsaitrees4:bonsai/malum/soulwood_tree}.pools[0].entries[0]: Unknown loot table called malum:blocks/soulwood_log
[12Apr2026 16:31:41.130] [Worker-Main-2/WARN] [net.minecraft.server.ReloadableServerRegistries/]: Found loot table element validation problem in {minecraft:loot_table:bonsaitrees4:bonsai/malum/soulwood_tree}.pools[1].entries[0]: Unknown loot table called malum:blocks/soulwood_leaves
[12Apr2026 16:31:41.130] [Worker-Main-2/WARN] [net.minecraft.server.ReloadableServerRegistries/]: Found loot table element validation problem in {minecraft:loot_table:bonsaitrees4:bonsai/biomeswevegone/palm_tree1}.pools[0].entries[0]: Unknown loot table called biomeswevegone:blocks/palm_log
[12Apr2026 16:31:41.130] [Worker-Main-2/WARN] [net.minecraft.server.ReloadableServerRegistries/]: Found loot table element validation problem in {minecraft:loot_table:bonsaitrees4:bonsai/biomeswevegone/cypress_tree1}.pools[0].entries[0]: Unknown loot table called biomeswevegone:blocks/cypress_log
[12Apr2026 16:31:41.130] [Worker-Main-2/WARN] [net.minecraft.server.ReloadableServerRegistries/]: Found loot table element validation problem in {minecraft:loot_table:bonsaitrees4:bonsai/herbsandharvest/lemon_fruit_tree}.pools[1].entries[0]: Unknown loot table called herbsandharvest:blocks/fruit_leaves
[12Apr2026 16:31:41.130] [Worker-Main-2/WARN] [net.minecraft.server.ReloadableServerRegistries/]: Found loot table element validation problem in {minecraft:loot_table:bonsaitrees4:bonsai/twilightforest/tree/transformation_tree}.pools[2].entries[0]: Unknown loot table called twilightforest:blocks/transformation_log_core
[12Apr2026 16:31:41.130] [Worker-Main-2/WARN] [net.minecraft.server.ReloadableServerRegistries/]: Found loot table element validation problem in {minecraft:loot_table:bonsaitrees4:bonsai/herbsandharvest/pear_fruit_tree}.pools[1].entries[1]: Unknown loot table called herbsandharvest:blocks/pear_fruit_leaves
[12Apr2026 16:31:41.130] [Worker-Main-2/WARN] [net.minecraft.server.ReloadableServerRegistries/]: Found loot table element validation problem in {minecraft:loot_table:bonsaitrees4:bonsai/biomeswevegone/red_maple_tree4}.pools[1].entries[0]: Unknown loot table called biomeswevegone:blocks/red_maple_leaves
[12Apr2026 16:31:41.130] [Worker-Main-2/WARN] [net.minecraft.server.ReloadableServerRegistries/]: Found loot table element validation problem in {minecraft:loot_table:bonsaitrees4:bonsai/biomeswevegone/witch_hazel3}.pools[2].entries[1]: Unknown loot table called biomeswevegone:blocks/witch_hazel_blossom
[12Apr2026 16:31:41.130] [Worker-Main-2/WARN] [net.minecraft.server.ReloadableServerRegistries/]: Found loot table element validation problem in {minecraft:loot_table:bonsaitrees4:bonsai/productivetrees/osage_orange}.pools[0].entries[0]: Unknown loot table called productivetrees:blocks/osage_orange_log
[12Apr2026 16:31:41.130] [Worker-Main-2/WARN] [net.minecraft.server.ReloadableServerRegistries/]: Found loot table element validation problem in {minecraft:loot_table:bonsaitrees4:bonsai/forbidden_arcanus/aurum}.pools[1].entries[0]: Unknown loot table called forbidden_arcanus:blocks/aurum_leaves
[12Apr2026 16:31:41.130] [Worker-Main-2/WARN] [net.minecraft.server.ReloadableServerRegistries/]: Found loot table element validation problem in {minecraft:loot_table:bonsaitrees4:bonsai/forbidden_arcanus/aurum}.pools[0].entries[0]: Unknown loot table called forbidden_arcanus:blocks/aurum_log
[12Apr2026 16:31:41.130] [Worker-Main-2/WARN] [net.minecraft.server.ReloadableServerRegistries/]: Found loot table element validation problem in {minecraft:loot_table:bonsaitrees4:bonsai/biomeswevegone/baobab_tree1}.pools[1].entries[1]: Unknown loot table called biomeswevegone:blocks/ripe_baobab_leaves
[12Apr2026 16:31:41.130] [Worker-Main-2/WARN] [net.minecraft.server.ReloadableServerRegistries/]: Found loot table element validation problem in {minecraft:loot_table:bonsaitrees4:bonsai/productivetrees/padauk}.pools[0].entries[0]: Unknown loot table called productivetrees:blocks/padauk_log
[12Apr2026 16:31:41.130] [Worker-Main-2/WARN] [net.minecraft.server.ReloadableServerRegistries/]: Found loot table element validation problem in {minecraft:loot_table:bonsaitrees4:bonsai/productivetrees/allspice}.pools[1].entries[0]: Unknown loot table called productivetrees:blocks/allspice_fruit
[12Apr2026 16:31:41.130] [Worker-Main-2/WARN] [net.minecraft.server.ReloadableServerRegistries/]: Found loot table element validation problem in {minecraft:loot_table:bonsaitrees4:bonsai/productivetrees/great_sallow}.pools[1].entries[0]: Unknown loot table called productivetrees:blocks/great_sallow_leaves
[12Apr2026 16:31:41.130] [Worker-Main-2/WARN] [net.minecraft.server.ReloadableServerRegistries/]: Found loot table element validation problem in {minecraft:loot_table:bonsaitrees4:bonsai/irregular_implements/spectre_tree}.pools[0].entries[0]: Unknown loot table called irregular_implements:blocks/spectre_log
[12Apr2026 16:31:41.130] [Worker-Main-2/WARN] [net.minecraft.server.ReloadableServerRegistries/]: Found loot table element validation problem in {minecraft:loot_table:bonsaitrees4:bonsai/productivetrees/cacao}.pools[0].entries[0]: Unknown loot table called productivetrees:blocks/cacao_log
[12Apr2026 16:31:41.130] [Worker-Main-2/WARN] [net.minecraft.server.ReloadableServerRegistries/]: Found loot table element validation problem in {minecraft:loot_table:bonsaitrees4:bonsai/biomeswevegone/witch_hazel3}.pools[0].entries[0]: Unknown loot table called biomeswevegone:blocks/witch_hazel_log
[12Apr2026 16:31:41.130] [Worker-Main-2/WARN] [net.minecraft.server.ReloadableServerRegistries/]: Found loot table element validation problem in {minecraft:loot_table:bonsaitrees4:bonsai/productivetrees/yew}.pools[1].entries[0]: Unknown loot table called productivetrees:blocks/yew_leaves
[12Apr2026 16:31:41.130] [Worker-Main-2/WARN] [net.minecraft.server.ReloadableServerRegistries/]: Found loot table element validation problem in {minecraft:loot_table:bonsaitrees4:bonsai/biomeswevegone/witch_hazel3}.pools[2].entries[0]: Unknown loot table called biomeswevegone:blocks/witch_hazel_branch
[12Apr2026 16:31:41.130] [Worker-Main-2/WARN] [net.minecraft.server.ReloadableServerRegistries/]: Found loot table element validation problem in {minecraft:loot_table:bonsaitrees4:bonsai/productivetrees/flowering_crabapple}.pools[0].entries[0]: Unknown loot table called productivetrees:blocks/flowering_crabapple_log
[12Apr2026 16:31:41.130] [Worker-Main-2/WARN] [net.minecraft.server.ReloadableServerRegistries/]: Found loot table element validation problem in {minecraft:loot_table:bonsaitrees4:bonsai/productivetrees/persimmon}.pools[1].entries[1]: Unknown loot table called productivetrees:blocks/persimmon_leaves
[12Apr2026 16:31:41.131] [Worker-Main-2/WARN] [net.minecraft.server.ReloadableServerRegistries/]: Found loot table element validation problem in {minecraft:loot_table:bonsaitrees4:bonsai/productivetrees/cashew}.pools[0].entries[0]: Unknown loot table called productivetrees:blocks/cashew_log
[12Apr2026 16:31:41.131] [Worker-Main-2/WARN] [net.minecraft.server.ReloadableServerRegistries/]: Found loot table element validation problem in {minecraft:loot_table:bonsaitrees4:bonsai/productivetrees/rowan}.pools[1].entries[0]: Unknown loot table called productivetrees:blocks/rowan_fruit
[12Apr2026 16:31:41.131] [Worker-Main-2/WARN] [net.minecraft.server.ReloadableServerRegistries/]: Found loot table element validation problem in {minecraft:loot_table:bonsaitrees4:bonsai/pamhc2trees/maple}.pools[2].entries[0]: Unknown loot table called pamhc2trees:blocks/pammaple
[12Apr2026 16:31:41.131] [Worker-Main-2/WARN] [net.minecraft.server.ReloadableServerRegistries/]: Found loot table element validation problem in {minecraft:loot_table:bonsaitrees4:bonsai/productivetrees/rosewood}.pools[0].entries[0]: Unknown loot table called productivetrees:blocks/rosewood_log
[12Apr2026 16:31:41.131] [Worker-Main-2/WARN] [net.minecraft.server.ReloadableServerRegistries/]: Found loot table element validation problem in {minecraft:loot_table:bonsaitrees4:bonsai/regions_unexplored/flowering_oak_tree}.pools[1].entries[1]: Unknown loot table called regions_unexplored:blocks/flowering_leaves
[12Apr2026 16:31:41.131] [Worker-Main-2/WARN] [net.minecraft.server.ReloadableServerRegistries/]: Found loot table element validation problem in {minecraft:loot_table:bonsaitrees4:bonsai/regions_unexplored/palm_tree}.pools[1].entries[0]: Unknown loot table called regions_unexplored:blocks/palm_leaves
[12Apr2026 16:31:41.131] [Worker-Main-2/WARN] [net.minecraft.server.ReloadableServerRegistries/]: Found loot table element validation problem in {minecraft:loot_table:bonsaitrees4:bonsai/productivetrees/beliy_naliv_apple}.pools[1].entries[1]: Unknown loot table called productivetrees:blocks/beliy_naliv_apple_leaves
[12Apr2026 16:31:41.131] [Worker-Main-2/WARN] [net.minecraft.server.ReloadableServerRegistries/]: Found loot table element validation problem in {minecraft:loot_table:bonsaitrees4:bonsai/productivetrees/almond}.pools[1].entries[1]: Unknown loot table called productivetrees:blocks/almond_fruit
[12Apr2026 16:31:41.131] [Worker-Main-2/WARN] [net.minecraft.server.ReloadableServerRegistries/]: Found loot table element validation problem in {minecraft:loot_table:bonsaitrees4:bonsai/undergarden/huge_blood_mushroom}.pools[0].entries[0]: Unknown loot table called undergarden:blocks/blood_mushroom_stem
[12Apr2026 16:31:41.131] [Worker-Main-2/WARN] [net.minecraft.server.ReloadableServerRegistries/]: Found loot table element validation problem in {minecraft:loot_table:bonsaitrees4:bonsai/productivetrees/sour_cherry}.pools[1].entries[0]: Unknown loot table called productivetrees:blocks/sour_cherry_fruit
[12Apr2026 16:31:41.131] [Worker-Main-2/WARN] [net.minecraft.server.ReloadableServerRegistries/]: Found loot table element validation problem in {minecraft:loot_table:bonsaitrees4:bonsai/productivetrees/allspice}.pools[1].entries[1]: Unknown loot table called productivetrees:blocks/allspice_leaves
[12Apr2026 16:31:41.131] [Worker-Main-2/WARN] [net.minecraft.server.ReloadableServerRegistries/]: Found loot table element validation problem in {minecraft:loot_table:bonsaitrees4:bonsai/cobblemon/black_apricorn_tree}.pools[0].entries[0]: Unknown loot table called cobblemon:blocks/apricorn_log
[12Apr2026 16:31:41.131] [Worker-Main-2/WARN] [net.minecraft.server.ReloadableServerRegistries/]: Found loot table element validation problem in {minecraft:loot_table:bonsaitrees4:bonsai/cobblemon/black_apricorn_tree}.pools[1].entries[0]: Unknown loot table called cobblemon:blocks/apricorn_leaves
[12Apr2026 16:31:41.131] [Worker-Main-2/WARN] [net.minecraft.server.ReloadableServerRegistries/]: Found loot table element validation problem in {minecraft:loot_table:bonsaitrees4:bonsai/productivetrees/cashew}.pools[1].entries[0]: Unknown loot table called productivetrees:blocks/cashew_leaves
[12Apr2026 16:31:41.131] [Worker-Main-2/WARN] [net.minecraft.server.ReloadableServerRegistries/]: Found loot table element validation problem in {minecraft:loot_table:bonsaitrees4:bonsai/productivetrees/persimmon}.pools[1].entries[0]: Unknown loot table called productivetrees:blocks/persimmon_fruit
[12Apr2026 16:31:41.131] [Worker-Main-2/WARN] [net.minecraft.server.ReloadableServerRegistries/]: Found loot table element validation problem in {minecraft:loot_table:bonsaitrees4:bonsai/regions_unexplored/silver_birch_tree}.pools[1].entries[0]: Unknown loot table called regions_unexplored:blocks/silver_birch_leaves
[12Apr2026 16:31:41.131] [Worker-Main-2/WARN] [net.minecraft.server.ReloadableServerRegistries/]: Found loot table element validation problem in {minecraft:loot_table:bonsaitrees4:bonsai/undergarden/huge_blood_mushroom}.pools[0].entries[1]: Unknown loot table called undergarden:blocks/blood_mushroom_cap
[12Apr2026 16:31:41.131] [Worker-Main-2/WARN] [net.minecraft.server.ReloadableServerRegistries/]: Found loot table element validation problem in {minecraft:loot_table:bonsaitrees4:bonsai/productivetrees/satsuma}.pools[0].entries[0]: Unknown loot table called productivetrees:blocks/satsuma_log
[12Apr2026 16:31:41.131] [Worker-Main-2/WARN] [net.minecraft.server.ReloadableServerRegistries/]: Found loot table element validation problem in {minecraft:loot_table:bonsaitrees4:bonsai/productivetrees/star_fruit}.pools[0].entries[0]: Unknown loot table called productivetrees:blocks/star_fruit_log
[12Apr2026 16:31:41.131] [Worker-Main-2/WARN] [net.minecraft.server.ReloadableServerRegistries/]: Found loot table element validation problem in {minecraft:loot_table:bonsaitrees4:bonsai/herbsandharvest/lemon_fruit_tree}.pools[1].entries[1]: Unknown loot table called herbsandharvest:blocks/lemon_fruit_leaves
[12Apr2026 16:31:41.131] [Worker-Main-2/WARN] [net.minecraft.server.ReloadableServerRegistries/]: Found loot table element validation problem in {minecraft:loot_table:bonsaitrees4:bonsai/eternal_starlight/torreya}.pools[0].entries[0]: Unknown loot table called eternal_starlight:blocks/torreya_log
[12Apr2026 16:31:41.131] [Worker-Main-2/WARN] [net.minecraft.server.ReloadableServerRegistries/]: Found loot table element validation problem in {minecraft:loot_table:bonsaitrees4:bonsai/productivetrees/rubber_tree}.pools[0].entries[0]: Unknown loot table called productivetrees:blocks/rubber_tree_log
[12Apr2026 16:31:41.131] [Worker-Main-2/WARN] [net.minecraft.server.ReloadableServerRegistries/]: Found loot table element validation problem in {minecraft:loot_table:bonsaitrees4:bonsai/productivetrees/plum}.pools[1].entries[0]: Unknown loot table called productivetrees:blocks/plum_fruit
[12Apr2026 16:31:41.131] [Worker-Main-2/WARN] [net.minecraft.server.ReloadableServerRegistries/]: Found loot table element validation problem in {minecraft:loot_table:bonsaitrees4:bonsai/productivetrees/plum}.pools[0].entries[0]: Unknown loot table called productivetrees:blocks/plum_log
[12Apr2026 16:31:41.131] [Worker-Main-2/WARN] [net.minecraft.server.ReloadableServerRegistries/]: Found loot table element validation problem in {minecraft:loot_table:bonsaitrees4:bonsai/productivetrees/rowan}.pools[1].entries[1]: Unknown loot table called productivetrees:blocks/rowan_leaves
[12Apr2026 16:31:41.131] [Worker-Main-2/WARN] [net.minecraft.server.ReloadableServerRegistries/]: Found loot table element validation problem in {minecraft:loot_table:bonsaitrees4:bonsai/productivetrees/cashew}.pools[1].entries[1]: Unknown loot table called productivetrees:blocks/cashew_fruit
[12Apr2026 16:31:41.131] [Worker-Main-2/WARN] [net.minecraft.server.ReloadableServerRegistries/]: Found loot table element validation problem in {minecraft:loot_table:bonsaitrees4:bonsai/malum/azure_runewood_tree}.pools[1].entries[0]: Unknown loot table called malum:blocks/azure_runewood_leaves
[12Apr2026 16:31:41.131] [Worker-Main-2/WARN] [net.minecraft.server.ReloadableServerRegistries/]: Found loot table element validation problem in {minecraft:loot_table:bonsaitrees4:bonsai/productivetrees/cempedak}.pools[1].entries[1]: Unknown loot table called productivetrees:blocks/cempedak_leaves
[12Apr2026 16:31:41.132] [Worker-Main-2/WARN] [net.minecraft.server.ReloadableServerRegistries/]: Found loot table element validation problem in {minecraft:loot_table:bonsaitrees4:bonsai/twilightforest/tree/mangrove_tree}.pools[2].entries[0]: Unknown loot table called twilightforest:blocks/mangrove_root
[12Apr2026 16:31:41.132] [Worker-Main-2/WARN] [net.minecraft.server.ReloadableServerRegistries/]: Found loot table element validation problem in {minecraft:loot_table:bonsaitrees4:bonsai/productivetrees/sandalwood}.pools[0].entries[0]: Unknown loot table called productivetrees:blocks/sandalwood_log
[12Apr2026 16:31:41.132] [Worker-Main-2/WARN] [net.minecraft.server.ReloadableServerRegistries/]: Found loot table element validation problem in {minecraft:loot_table:bonsaitrees4:bonsai/regions_unexplored/larch_tree}.pools[0].entries[1]: Unknown loot table called regions_unexplored:blocks/larch_branch
[12Apr2026 16:31:41.132] [Worker-Main-2/WARN] [net.minecraft.server.ReloadableServerRegistries/]: Found loot table element validation problem in {minecraft:loot_table:bonsaitrees4:bonsai/productivetrees/nutmeg}.pools[0].entries[0]: Unknown loot table called productivetrees:blocks/nutmeg_log
[12Apr2026 16:31:41.132] [Worker-Main-2/WARN] [net.minecraft.server.ReloadableServerRegistries/]: Found loot table element validation problem in {minecraft:loot_table:bonsaitrees4:bonsai/productivetrees/plum}.pools[1].entries[1]: Unknown loot table called productivetrees:blocks/plum_leaves
[12Apr2026 16:31:41.132] [Worker-Main-2/WARN] [net.minecraft.server.ReloadableServerRegistries/]: Found loot table element validation problem in {minecraft:loot_table:bonsaitrees4:bonsai/biomeswevegone/ebony_bush1}.pools[1].entries[0]: Unknown loot table called biomeswevegone:blocks/ebony_leaves
[12Apr2026 16:31:41.132] [Worker-Main-2/WARN] [net.minecraft.server.ReloadableServerRegistries/]: Found loot table element validation problem in {minecraft:loot_table:bonsaitrees4:bonsai/productivetrees/tangerine}.pools[1].entries[1]: Unknown loot table called productivetrees:blocks/tangerine_leaves
[12Apr2026 16:31:41.132] [Worker-Main-2/WARN] [net.minecraft.server.ReloadableServerRegistries/]: Found loot table element validation problem in {minecraft:loot_table:bonsaitrees4:bonsai/productivetrees/cempedak}.pools[1].entries[0]: Unknown loot table called productivetrees:blocks/cempedak_fruit
[12Apr2026 16:31:41.132] [Worker-Main-2/WARN] [net.minecraft.server.ReloadableServerRegistries/]: Found loot table element validation problem in {minecraft:loot_table:bonsaitrees4:bonsai/eternal_starlight/lunar}.pools[1].entries[0]: Unknown loot table called eternal_starlight:blocks/lunar_leaves
[12Apr2026 16:31:41.132] [Worker-Main-2/WARN] [net.minecraft.server.ReloadableServerRegistries/]: Found loot table element validation problem in {minecraft:loot_table:bonsaitrees4:bonsai/productivetrees/beliy_naliv_apple}.pools[1].entries[0]: Unknown loot table called productivetrees:blocks/beliy_naliv_apple_fruit
[12Apr2026 16:31:41.132] [Worker-Main-2/WARN] [net.minecraft.server.ReloadableServerRegistries/]: Found loot table element validation problem in {minecraft:loot_table:bonsaitrees4:bonsai/pamhc2trees/pinenut}.pools[2].entries[0]: Unknown loot table called pamhc2trees:blocks/pampinenut
[12Apr2026 16:31:41.132] [Worker-Main-2/WARN] [net.minecraft.server.ReloadableServerRegistries/]: Found loot table element validation problem in {minecraft:loot_table:bonsaitrees4:bonsai/productivetrees/foggy_blast}.pools[1].entries[0]: Unknown loot table called productivetrees:blocks/foggy_blast_leaves
[12Apr2026 16:31:41.132] [Worker-Main-2/WARN] [net.minecraft.server.ReloadableServerRegistries/]: Found loot table element validation problem in {minecraft:loot_table:bonsaitrees4:bonsai/regions_unexplored/larch_tree}.pools[0].entries[0]: Unknown loot table called regions_unexplored:blocks/larch_log
[12Apr2026 16:31:41.132] [Worker-Main-2/WARN] [net.minecraft.server.ReloadableServerRegistries/]: Found loot table element validation problem in {minecraft:loot_table:bonsaitrees4:bonsai/productivetrees/almond}.pools[1].entries[0]: Unknown loot table called productivetrees:blocks/almond_leaves
[12Apr2026 16:31:41.132] [Worker-Main-2/WARN] [net.minecraft.server.ReloadableServerRegistries/]: Found loot table element validation problem in {minecraft:loot_table:bonsaitrees4:bonsai/undergarden/huge_puff_mushroom}.pools[0].entries[1]: Unknown loot table called undergarden:blocks/puff_mushroom_cap
[12Apr2026 16:31:41.132] [Worker-Main-2/WARN] [net.minecraft.server.ReloadableServerRegistries/]: Found loot table element validation problem in {minecraft:loot_table:bonsaitrees4:bonsai/productivetrees/sweet_chestnut}.pools[0].entries[0]: Unknown loot table called productivetrees:blocks/sweet_chestnut_log
[12Apr2026 16:31:41.132] [Worker-Main-2/WARN] [net.minecraft.server.ReloadableServerRegistries/]: Found loot table element validation problem in {minecraft:loot_table:bonsaitrees4:bonsai/productivetrees/star_anise}.pools[1].entries[0]: Unknown loot table called productivetrees:blocks/star_anise_leaves
[12Apr2026 16:31:41.132] [Worker-Main-2/WARN] [net.minecraft.server.ReloadableServerRegistries/]: Found loot table element validation problem in {minecraft:loot_table:bonsaitrees4:bonsai/productivetrees/rose_gum}.pools[1].entries[0]: Unknown loot table called productivetrees:blocks/rose_gum_leaves
[12Apr2026 16:31:41.132] [Worker-Main-2/WARN] [net.minecraft.server.ReloadableServerRegistries/]: Found loot table element validation problem in {minecraft:loot_table:bonsaitrees4:bonsai/twilightforest/tree/mangrove_tree}.pools[2].entries[2]: Unknown loot table called twilightforest:blocks/firefly
[12Apr2026 16:31:41.132] [Worker-Main-2/WARN] [net.minecraft.server.ReloadableServerRegistries/]: Found loot table element validation problem in {minecraft:loot_table:bonsaitrees4:bonsai/productivetrees/peach}.pools[0].entries[0]: Unknown loot table called productivetrees:blocks/peach_log
[12Apr2026 16:31:41.132] [Worker-Main-2/WARN] [net.minecraft.server.ReloadableServerRegistries/]: Found loot table element validation problem in {minecraft:loot_table:bonsaitrees4:bonsai/productivetrees/white_willow}.pools[0].entries[0]: Unknown loot table called productivetrees:blocks/white_willow_log
[12Apr2026 16:31:41.133] [Worker-Main-2/WARN] [net.minecraft.server.ReloadableServerRegistries/]: Found loot table element validation problem in {minecraft:loot_table:bonsaitrees4:bonsai/malum/runewood_tree}.pools[2].entries[0]: Unknown loot table called malum:blocks/hanging_runewood_leaves
[12Apr2026 16:31:41.133] [Worker-Main-2/WARN] [net.minecraft.server.ReloadableServerRegistries/]: Found loot table element validation problem in {minecraft:loot_table:bonsaitrees4:bonsai/twilightforest/tree/twilight_oak_tree}.pools[1].entries[0]: Unknown loot table called twilightforest:blocks/twilight_oak_leaves
[12Apr2026 16:31:41.133] [Worker-Main-2/WARN] [net.minecraft.server.ReloadableServerRegistries/]: Found loot table element validation problem in {minecraft:loot_table:bonsaitrees4:bonsai/cobblemon/green_apricorn_tree}.pools[2].entries[0]: Unknown loot table called cobblemon:blocks/green_apricorn
[12Apr2026 16:31:41.133] [Worker-Main-2/WARN] [net.minecraft.server.ReloadableServerRegistries/]: Found loot table element validation problem in {minecraft:loot_table:bonsaitrees4:bonsai/malum/runewood_tree}.pools[0].entries[0]: Unknown loot table called malum:blocks/runewood_log
[12Apr2026 16:31:41.133] [Worker-Main-2/WARN] [net.minecraft.server.ReloadableServerRegistries/]: Found loot table element validation problem in {minecraft:loot_table:bonsaitrees4:bonsai/productivetrees/aquilaria}.pools[0].entries[0]: Unknown loot table called productivetrees:blocks/aquilaria_log
[12Apr2026 16:31:41.133] [Worker-Main-2/WARN] [net.minecraft.server.ReloadableServerRegistries/]: Found loot table element validation problem in {minecraft:loot_table:bonsaitrees4:bonsai/productivetrees/soul_tree}.pools[1].entries[0]: Unknown loot table called productivetrees:blocks/soul_tree_leaves
[12Apr2026 16:31:41.133] [Worker-Main-2/WARN] [net.minecraft.server.ReloadableServerRegistries/]: Found loot table element validation problem in {minecraft:loot_table:bonsaitrees4:bonsai/biomeswevegone/baobab_tree1}.pools[1].entries[0]: Unknown loot table called biomeswevegone:blocks/baobab_leaves
[12Apr2026 16:31:41.133] [Worker-Main-2/WARN] [net.minecraft.server.ReloadableServerRegistries/]: Found loot table element validation problem in {minecraft:loot_table:bonsaitrees4:bonsai/cobblemon/green_apricorn_tree}.pools[0].entries[0]: Unknown loot table called cobblemon:blocks/apricorn_log
[12Apr2026 16:31:41.133] [Worker-Main-2/WARN] [net.minecraft.server.ReloadableServerRegistries/]: Found loot table element validation problem in {minecraft:loot_table:bonsaitrees4:bonsai/regions_unexplored/giant_pink_bioshroom}.pools[0].entries[0]: Unknown loot table called regions_unexplored:blocks/pink_bioshroom_stem
[12Apr2026 16:31:41.133] [Worker-Main-2/WARN] [net.minecraft.server.ReloadableServerRegistries/]: Found loot table element validation problem in {minecraft:loot_table:bonsaitrees4:bonsai/herbsandharvest/plum_fruit_tree}.pools[1].entries[0]: Unknown loot table called herbsandharvest:blocks/fruit_leaves
[12Apr2026 16:31:41.133] [Worker-Main-2/WARN] [net.minecraft.server.ReloadableServerRegistries/]: Found loot table element validation problem in {minecraft:loot_table:bonsaitrees4:bonsai/productivetrees/star_anise}.pools[1].entries[1]: Unknown loot table called productivetrees:blocks/star_anise_fruit
[12Apr2026 16:31:41.133] [Worker-Main-2/WARN] [net.minecraft.server.ReloadableServerRegistries/]: Found loot table element validation problem in {minecraft:loot_table:bonsaitrees4:bonsai/twilightforest/tree/homegrown_darkwood_tree}.pools[1].entries[0]: Unknown loot table called twilightforest:blocks/dark_leaves
[12Apr2026 16:31:41.133] [Worker-Main-2/WARN] [net.minecraft.server.ReloadableServerRegistries/]: Found loot table element validation problem in {minecraft:loot_table:bonsaitrees4:bonsai/productivetrees/ceylon_ebony}.pools[0].entries[0]: Unknown loot table called productivetrees:blocks/ceylon_ebony_log
[12Apr2026 16:31:41.133] [Worker-Main-2/WARN] [net.minecraft.server.ReloadableServerRegistries/]: Found loot table element validation problem in {minecraft:loot_table:bonsaitrees4:bonsai/herbsandharvest/cherry_fruit_tree}.pools[1].entries[1]: Unknown loot table called herbsandharvest:blocks/fruit_leaves
[12Apr2026 16:31:41.133] [Worker-Main-2/WARN] [net.minecraft.server.ReloadableServerRegistries/]: Found loot table element validation problem in {minecraft:loot_table:bonsaitrees4:bonsai/biomeswevegone/brown_birch_tree3}.pools[1].entries[0]: Unknown loot table called biomeswevegone:blocks/brown_birch_leaves
[12Apr2026 16:31:41.133] [Worker-Main-2/WARN] [net.minecraft.server.ReloadableServerRegistries/]: Found loot table element validation problem in {minecraft:loot_table:bonsaitrees4:bonsai/herbsandharvest/plum_fruit_tree}.pools[1].entries[1]: Unknown loot table called herbsandharvest:blocks/plum_fruit_leaves
[12Apr2026 16:31:41.133] [Worker-Main-2/WARN] [net.minecraft.server.ReloadableServerRegistries/]: Found loot table element validation problem in {minecraft:loot_table:bonsaitrees4:bonsai/herbsandharvest/cherry_fruit_tree}.pools[1].entries[0]: Unknown loot table called herbsandharvest:blocks/cherry_fruit_leaves
[12Apr2026 16:31:41.133] [Worker-Main-2/WARN] [net.minecraft.server.ReloadableServerRegistries/]: Found loot table element validation problem in {minecraft:loot_table:bonsaitrees4:bonsai/herbsandharvest/pear_fruit_tree}.pools[1].entries[0]: Unknown loot table called herbsandharvest:blocks/fruit_leaves
[12Apr2026 16:31:41.133] [Worker-Main-2/WARN] [net.minecraft.server.ReloadableServerRegistries/]: Found loot table element validation problem in {minecraft:loot_table:bonsaitrees4:bonsai/productivetrees/juniper}.pools[0].entries[0]: Unknown loot table called productivetrees:blocks/juniper_log
[12Apr2026 16:31:41.133] [Worker-Main-2/WARN] [net.minecraft.server.ReloadableServerRegistries/]: Found loot table element validation problem in {minecraft:loot_table:bonsaitrees4:bonsai/occultism/tree_otherworld_natural}.pools[0].entries[0]: Unknown loot table called occultism:blocks/otherworld_log_natural
[12Apr2026 16:31:41.133] [Worker-Main-2/WARN] [net.minecraft.server.ReloadableServerRegistries/]: Found loot table element validation problem in {minecraft:loot_table:bonsaitrees4:bonsai/pamhc2trees/persimmon}.pools[2].entries[0]: Unknown loot table called pamhc2trees:blocks/pampersimmon
[12Apr2026 16:31:41.133] [Worker-Main-2/WARN] [net.minecraft.server.ReloadableServerRegistries/]: Found loot table element validation problem in {minecraft:loot_table:bonsaitrees4:bonsai/productivetrees/purpleheart}.pools[1].entries[0]: Unknown loot table called productivetrees:blocks/purpleheart_leaves
[12Apr2026 16:31:41.133] [Worker-Main-2/WARN] [net.minecraft.server.ReloadableServerRegistries/]: Found loot table element validation problem in {minecraft:loot_table:bonsaitrees4:bonsai/pamhc2trees/durian}.pools[2].entries[0]: Unknown loot table called pamhc2trees:blocks/pamdurian
[12Apr2026 16:31:41.134] [Worker-Main-2/WARN] [net.minecraft.server.ReloadableServerRegistries/]: Found loot table element validation problem in {minecraft:loot_table:bonsaitrees4:bonsai/productivetrees/cave_dweller}.pools[0].entries[0]: Unknown loot table called productivetrees:blocks/cave_dweller_log
[12Apr2026 16:31:41.134] [Worker-Main-2/WARN] [net.minecraft.server.ReloadableServerRegistries/]: Found loot table element validation problem in {minecraft:loot_table:bonsaitrees4:bonsai/biomeswevegone/blue_enchanted_sapling_tree2}.pools[1].entries[0]: Unknown loot table called biomeswevegone:blocks/blue_enchanted_leaves
[12Apr2026 16:31:41.134] [Worker-Main-2/WARN] [net.minecraft.server.ReloadableServerRegistries/]: Found loot table element validation problem in {minecraft:loot_table:bonsaitrees4:bonsai/undergarden/huge_ink_mushroom}.pools[0].entries[2]: Unknown loot table called undergarden:blocks/ink_mushroom_cap
[12Apr2026 16:31:41.134] [Worker-Main-2/WARN] [net.minecraft.server.ReloadableServerRegistries/]: Found loot table element validation problem in {minecraft:loot_table:bonsaitrees4:bonsai/productivetrees/yellow_meranti}.pools[1].entries[0]: Unknown loot table called productivetrees:blocks/yellow_meranti_leaves
[12Apr2026 16:31:41.134] [Worker-Main-2/WARN] [net.minecraft.server.ReloadableServerRegistries/]: Found loot table element validation problem in {minecraft:loot_table:bonsaitrees4:bonsai/productivetrees/old_fustic}.pools[1].entries[0]: Unknown loot table called productivetrees:blocks/old_fustic_leaves
[12Apr2026 16:31:41.134] [Worker-Main-2/WARN] [net.minecraft.server.ReloadableServerRegistries/]: Found loot table element validation problem in {minecraft:loot_table:bonsaitrees4:bonsai/biomeswevegone/holly_tree1}.pools[0].entries[0]: Unknown loot table called biomeswevegone:blocks/holly_log
[12Apr2026 16:31:41.134] [Worker-Main-2/WARN] [net.minecraft.server.ReloadableServerRegistries/]: Found loot table element validation problem in {minecraft:loot_table:bonsaitrees4:bonsai/productivetrees/red_crepe_myrtle}.pools[1].entries[0]: Unknown loot table called productivetrees:blocks/red_crepe_myrtle_leaves
[12Apr2026 16:31:41.134] [Worker-Main-2/WARN] [net.minecraft.server.ReloadableServerRegistries/]: Found loot table element validation problem in {minecraft:loot_table:bonsaitrees4:bonsai/productivetrees/white_ipe}.pools[1].entries[0]: Unknown loot table called productivetrees:blocks/white_ipe_leaves
[12Apr2026 16:31:41.134] [Worker-Main-2/WARN] [net.minecraft.server.ReloadableServerRegistries/]: Found loot table element validation problem in {minecraft:loot_table:bonsaitrees4:bonsai/productivetrees/papaya}.pools[0].entries[0]: Unknown loot table called productivetrees:blocks/papaya_log
[12Apr2026 16:31:41.134] [Worker-Main-2/WARN] [net.minecraft.server.ReloadableServerRegistries/]: Found loot table element validation problem in {minecraft:loot_table:bonsaitrees4:bonsai/productivetrees/black_locust}.pools[1].entries[0]: Unknown loot table called productivetrees:blocks/black_locust_leaves
[12Apr2026 16:31:41.134] [Worker-Main-2/WARN] [net.minecraft.server.ReloadableServerRegistries/]: Found loot table element validation problem in {minecraft:loot_table:bonsaitrees4:bonsai/productivetrees/asai_palm}.pools[0].entries[0]: Unknown loot table called productivetrees:blocks/asai_palm_log
[12Apr2026 16:31:41.134] [Worker-Main-2/WARN] [net.minecraft.server.ReloadableServerRegistries/]: Found loot table element validation problem in {minecraft:loot_table:bonsaitrees4:bonsai/paganbless/black_thorn_tree}.pools[1].entries[0]: Unknown loot table called paganbless:blocks/black_thorn_leaves
[12Apr2026 16:31:41.134] [Worker-Main-2/WARN] [net.minecraft.server.ReloadableServerRegistries/]: Found loot table element validation problem in {minecraft:loot_table:bonsaitrees4:bonsai/productivetrees/tuscarora_crepe_myrtle}.pools[1].entries[0]: Unknown loot table called productivetrees:blocks/tuscarora_crepe_myrtle_leaves
[12Apr2026 16:31:41.134] [Worker-Main-2/WARN] [net.minecraft.server.ReloadableServerRegistries/]: Found loot table element validation problem in {minecraft:loot_table:bonsaitrees4:bonsai/productivetrees/purple_spiral}.pools[1].entries[0]: Unknown loot table called productivetrees:blocks/purple_spiral_leaves
[12Apr2026 16:31:41.134] [Worker-Main-2/WARN] [net.minecraft.server.ReloadableServerRegistries/]: Found loot table element validation problem in {minecraft:loot_table:bonsaitrees4:bonsai/undergarden/smogstem_tree}.pools[0].entries[0]: Unknown loot table called undergarden:blocks/smogstem_log
[12Apr2026 16:31:41.134] [Worker-Main-2/WARN] [net.minecraft.server.ReloadableServerRegistries/]: Found loot table element validation problem in {minecraft:loot_table:bonsaitrees4:bonsai/productivetrees/brazilwood}.pools[1].entries[0]: Unknown loot table called productivetrees:blocks/brazilwood_leaves
[12Apr2026 16:31:41.134] [Worker-Main-2/WARN] [net.minecraft.server.ReloadableServerRegistries/]: Found loot table element validation problem in {minecraft:loot_table:bonsaitrees4:bonsai/malum/runewood_tree}.pools[0].entries[1]: Unknown loot table called malum:blocks/exposed_runewood_log
[12Apr2026 16:31:41.134] [Worker-Main-2/WARN] [net.minecraft.server.ReloadableServerRegistries/]: Found loot table element validation problem in {minecraft:loot_table:bonsaitrees4:bonsai/regions_unexplored/mauve_oak}.pools[0].entries[0]: Unknown loot table called regions_unexplored:blocks/mauve_log
[12Apr2026 16:31:41.134] [Worker-Main-2/WARN] [net.minecraft.server.ReloadableServerRegistries/]: Found loot table element validation problem in {minecraft:loot_table:bonsaitrees4:bonsai/undergarden/huge_ink_mushroom}.pools[0].entries[1]: Unknown loot table called undergarden:blocks/seeping_ink
[12Apr2026 16:31:41.134] [Worker-Main-2/WARN] [net.minecraft.server.ReloadableServerRegistries/]: Found loot table element validation problem in {minecraft:loot_table:bonsaitrees4:bonsai/herbsandharvest/avocado_fruit_tree}.pools[1].entries[0]: Unknown loot table called herbsandharvest:blocks/fruit_leaves
[12Apr2026 16:31:41.134] [Worker-Main-2/WARN] [net.minecraft.server.ReloadableServerRegistries/]: Found loot table element validation problem in {minecraft:loot_table:bonsaitrees4:bonsai/productivetrees/citron}.pools[0].entries[0]: Unknown loot table called productivetrees:blocks/citron_log
[12Apr2026 16:31:41.134] [Worker-Main-2/WARN] [net.minecraft.server.ReloadableServerRegistries/]: Found loot table element validation problem in {minecraft:loot_table:bonsaitrees4:bonsai/cobblemon/pink_apricorn_tree}.pools[0].entries[0]: Unknown loot table called cobblemon:blocks/apricorn_log
[12Apr2026 16:31:41.135] [Worker-Main-2/WARN] [net.minecraft.server.ReloadableServerRegistries/]: Found loot table element validation problem in {minecraft:loot_table:bonsaitrees4:bonsai/occultism/tree_otherworld}.pools[1].entries[0]: Unknown loot table called occultism:blocks/otherworld_leaves
[12Apr2026 16:31:41.135] [Worker-Main-2/WARN] [net.minecraft.server.ReloadableServerRegistries/]: Found loot table element validation problem in {minecraft:loot_table:bonsaitrees4:bonsai/productivetrees/tangerine}.pools[1].entries[0]: Unknown loot table called productivetrees:blocks/tangerine_fruit
[12Apr2026 16:31:41.135] [Worker-Main-2/WARN] [net.minecraft.server.ReloadableServerRegistries/]: Found loot table element validation problem in {minecraft:loot_table:bonsaitrees4:bonsai/deeperdarker/tree_echo}.pools[1].entries[0]: Unknown loot table called deeperdarker:blocks/echo_leaves
[12Apr2026 16:31:41.135] [Worker-Main-2/WARN] [net.minecraft.server.ReloadableServerRegistries/]: Found loot table element validation problem in {minecraft:loot_table:bonsaitrees4:bonsai/productivetrees/olive}.pools[0].entries[0]: Unknown loot table called productivetrees:blocks/olive_log
[12Apr2026 16:31:41.135] [Worker-Main-2/WARN] [net.minecraft.server.ReloadableServerRegistries/]: Found loot table element validation problem in {minecraft:loot_table:bonsaitrees4:bonsai/undergarden/huge_ink_mushroom}.pools[0].entries[0]: Unknown loot table called undergarden:blocks/ink_mushroom_stem
[12Apr2026 16:31:41.135] [Worker-Main-2/WARN] [net.minecraft.server.ReloadableServerRegistries/]: Found loot table element validation problem in {minecraft:loot_table:bonsaitrees4:bonsai/productivetrees/sugar_maple}.pools[1].entries[0]: Unknown loot table called productivetrees:blocks/sugar_maple_leaves
[12Apr2026 16:31:41.135] [Worker-Main-2/WARN] [net.minecraft.server.ReloadableServerRegistries/]: Found loot table element validation problem in {minecraft:loot_table:bonsaitrees4:bonsai/regions_unexplored/red_maple_tree}.pools[0].entries[0]: Unknown loot table called regions_unexplored:blocks/maple_log
[12Apr2026 16:31:41.135] [Worker-Main-2/WARN] [net.minecraft.server.ReloadableServerRegistries/]: Found loot table element validation problem in {minecraft:loot_table:bonsaitrees4:bonsai/biomeswevegone/flowering_ironwood_tree2}.pools[0].entries[0]: Unknown loot table called biomeswevegone:blocks/ironwood_log
[12Apr2026 16:31:41.135] [Worker-Main-2/WARN] [net.minecraft.server.ReloadableServerRegistries/]: Found loot table element validation problem in {minecraft:loot_table:bonsaitrees4:bonsai/productivetrees/zebrano}.pools[0].entries[0]: Unknown loot table called productivetrees:blocks/zebrano_log
[12Apr2026 16:31:41.135] [Worker-Main-2/WARN] [net.minecraft.server.ReloadableServerRegistries/]: Found loot table element validation problem in {minecraft:loot_table:bonsaitrees4:bonsai/cobblemon/yellow_apricorn_tree}.pools[2].entries[0]: Unknown loot table called cobblemon:blocks/yellow_apricorn
[12Apr2026 16:31:41.135] [Worker-Main-2/WARN] [net.minecraft.server.ReloadableServerRegistries/]: Found loot table element validation problem in {minecraft:loot_table:bonsaitrees4:bonsai/productivetrees/cherry_plum}.pools[0].entries[0]: Unknown loot table called productivetrees:blocks/cherry_plum_log
[12Apr2026 16:31:41.135] [Worker-Main-2/WARN] [net.minecraft.server.ReloadableServerRegistries/]: Found loot table element validation problem in {minecraft:loot_table:bonsaitrees4:bonsai/pamhc2trees/tamarind}.pools[2].entries[0]: Unknown loot table called pamhc2trees:blocks/pamtamarind
[12Apr2026 16:31:41.135] [Worker-Main-2/WARN] [net.minecraft.server.ReloadableServerRegistries/]: Found loot table element validation problem in {minecraft:loot_table:bonsaitrees4:bonsai/productivetrees/finger_lime}.pools[0].entries[0]: Unknown loot table called productivetrees:blocks/finger_lime_log
[12Apr2026 16:31:41.135] [Worker-Main-2/WARN] [net.minecraft.server.ReloadableServerRegistries/]: Found loot table element validation problem in {minecraft:loot_table:bonsaitrees4:bonsai/productivetrees/hawthorn}.pools[1].entries[0]: Unknown loot table called productivetrees:blocks/hawthorn_fruit
[12Apr2026 16:31:41.135] [Worker-Main-2/WARN] [net.minecraft.server.ReloadableServerRegistries/]: Found loot table element validation problem in {minecraft:loot_table:bonsaitrees4:bonsai/productivetrees/sand_pear}.pools[0].entries[0]: Unknown loot table called productivetrees:blocks/sand_pear_log
[12Apr2026 16:31:41.135] [Worker-Main-2/WARN] [net.minecraft.server.ReloadableServerRegistries/]: Found loot table element validation problem in {minecraft:loot_table:bonsaitrees4:bonsai/productivetrees/lime}.pools[0].entries[0]: Unknown loot table called productivetrees:blocks/lime_log
[12Apr2026 16:31:41.135] [Worker-Main-2/WARN] [net.minecraft.server.ReloadableServerRegistries/]: Found loot table element validation problem in {minecraft:loot_table:bonsaitrees4:bonsai/ars_nouveau/vexing_tree}.pools[1].entries[0]: Unknown loot table called ars_nouveau:blocks/purple_archwood_leaves
[12Apr2026 16:31:41.135] [Worker-Main-2/WARN] [net.minecraft.server.ReloadableServerRegistries/]: Found loot table element validation problem in {minecraft:loot_table:bonsaitrees4:bonsai/twilightforest/tree/sorting_tree}.pools[1].entries[0]: Unknown loot table called twilightforest:blocks/sorting_leaves
[12Apr2026 16:31:41.135] [Worker-Main-2/WARN] [net.minecraft.server.ReloadableServerRegistries/]: Found loot table element validation problem in {minecraft:loot_table:bonsaitrees4:bonsai/productivetrees/walnut}.pools[0].entries[0]: Unknown loot table called productivetrees:blocks/walnut_log
[12Apr2026 16:31:41.135] [Worker-Main-2/WARN] [net.minecraft.server.ReloadableServerRegistries/]: Found loot table element validation problem in {minecraft:loot_table:bonsaitrees4:bonsai/productivetrees/purple_ipe}.pools[1].entries[0]: Unknown loot table called productivetrees:blocks/purple_ipe_leaves
[12Apr2026 16:31:41.135] [Worker-Main-2/WARN] [net.minecraft.server.ReloadableServerRegistries/]: Found loot table element validation problem in {minecraft:loot_table:bonsaitrees4:bonsai/productivetrees/socotra_dragon}.pools[1].entries[0]: Unknown loot table called productivetrees:blocks/socotra_dragon_leaves
[12Apr2026 16:31:41.136] [Worker-Main-2/WARN] [net.minecraft.server.ReloadableServerRegistries/]: Found loot table element validation problem in {minecraft:loot_table:bonsaitrees4:bonsai/productivetrees/coffea}.pools[0].entries[0]: Unknown loot table called productivetrees:blocks/coffea_log
[12Apr2026 16:31:41.136] [Worker-Main-2/WARN] [net.minecraft.server.ReloadableServerRegistries/]: Found loot table element validation problem in {minecraft:loot_table:bonsaitrees4:bonsai/pamhc2trees/cherry}.pools[2].entries[0]: Unknown loot table called pamhc2trees:blocks/pamcherry
[12Apr2026 16:31:41.136] [Worker-Main-2/WARN] [net.minecraft.server.ReloadableServerRegistries/]: Found loot table element validation problem in {minecraft:loot_table:bonsaitrees4:bonsai/productivetrees/red_maple}.pools[0].entries[0]: Unknown loot table called productivetrees:blocks/red_maple_log
[12Apr2026 16:31:41.136] [Worker-Main-2/WARN] [net.minecraft.server.ReloadableServerRegistries/]: Found loot table element validation problem in {minecraft:loot_table:bonsaitrees4:bonsai/productivetrees/hawthorn}.pools[1].entries[1]: Unknown loot table called productivetrees:blocks/hawthorn_leaves
[12Apr2026 16:31:41.136] [Worker-Main-2/WARN] [net.minecraft.server.ReloadableServerRegistries/]: Found loot table element validation problem in {minecraft:loot_table:bonsaitrees4:bonsai/regions_unexplored/ashen_tree}.pools[0].entries[0]: Unknown loot table called regions_unexplored:blocks/ashen_log
[12Apr2026 16:31:41.136] [Worker-Main-2/WARN] [net.minecraft.server.ReloadableServerRegistries/]: Found loot table element validation problem in {minecraft:loot_table:bonsaitrees4:bonsai/biomeswevegone/orchard_tree1}.pools[1].entries[2]: Unknown loot table called biomeswevegone:blocks/ripe_orchard_leaves
[12Apr2026 16:31:41.136] [Worker-Main-2/WARN] [net.minecraft.server.ReloadableServerRegistries/]: Found loot table element validation problem in {minecraft:loot_table:bonsaitrees4:bonsai/productivetrees/avocado}.pools[1].entries[0]: Unknown loot table called productivetrees:blocks/avocado_leaves
[12Apr2026 16:31:41.136] [Worker-Main-2/WARN] [net.minecraft.server.ReloadableServerRegistries/]: Found loot table element validation problem in {minecraft:loot_table:bonsaitrees4:bonsai/productivetrees/banana}.pools[1].entries[0]: Unknown loot table called productivetrees:blocks/banana_fruit
[12Apr2026 16:31:41.136] [Worker-Main-2/WARN] [net.minecraft.server.ReloadableServerRegistries/]: Found loot table element validation problem in {minecraft:loot_table:bonsaitrees4:bonsai/productivetrees/iroko}.pools[0].entries[0]: Unknown loot table called productivetrees:blocks/iroko_log
[12Apr2026 16:31:41.136] [Worker-Main-2/WARN] [net.minecraft.server.ReloadableServerRegistries/]: Found loot table element validation problem in {minecraft:loot_table:bonsaitrees4:bonsai/productivetrees/copoazu}.pools[1].entries[0]: Unknown loot table called productivetrees:blocks/copoazu_fruit
[12Apr2026 16:31:41.136] [Worker-Main-2/WARN] [net.minecraft.server.ReloadableServerRegistries/]: Found loot table element validation problem in {minecraft:loot_table:bonsaitrees4:bonsai/regions_unexplored/medium_joshua_tree}.pools[1].entries[0]: Unknown loot table called regions_unexplored:blocks/joshua_leaves
[12Apr2026 16:31:41.136] [Worker-Main-2/WARN] [net.minecraft.server.ReloadableServerRegistries/]: Found loot table element validation problem in {minecraft:loot_table:bonsaitrees4:bonsai/productivetrees/cultivated_pear}.pools[1].entries[1]: Unknown loot table called productivetrees:blocks/cultivated_pear_leaves
[12Apr2026 16:31:41.136] [Worker-Main-2/WARN] [net.minecraft.server.ReloadableServerRegistries/]: Found loot table element validation problem in {minecraft:loot_table:bonsaitrees4:bonsai/biomeswevegone/huge_wood_blewit1}.pools[0].entries[1]: Unknown loot table called biomeswevegone:blocks/wood_blewit_mushroom_block
[12Apr2026 16:31:41.136] [Worker-Main-2/WARN] [net.minecraft.server.ReloadableServerRegistries/]: Found loot table element validation problem in {minecraft:loot_table:bonsaitrees4:bonsai/productivetrees/brazil_nut}.pools[1].entries[1]: Unknown loot table called productivetrees:blocks/brazil_nut_leaves
[12Apr2026 16:31:41.136] [Worker-Main-2/WARN] [net.minecraft.server.ReloadableServerRegistries/]: Found loot table element validation problem in {minecraft:loot_table:bonsaitrees4:bonsai/productivetrees/soursop}.pools[1].entries[0]: Unknown loot table called productivetrees:blocks/soursop_fruit
[12Apr2026 16:31:41.136] [Worker-Main-2/WARN] [net.minecraft.server.ReloadableServerRegistries/]: Found loot table element validation problem in {minecraft:loot_table:bonsaitrees4:bonsai/productivetrees/banana}.pools[1].entries[1]: Unknown loot table called productivetrees:blocks/banana_leaves
[12Apr2026 16:31:41.136] [Worker-Main-2/WARN] [net.minecraft.server.ReloadableServerRegistries/]: Found loot table element validation problem in {minecraft:loot_table:bonsaitrees4:bonsai/productivetrees/avocado}.pools[1].entries[1]: Unknown loot table called productivetrees:blocks/avocado_fruit
[12Apr2026 16:31:41.136] [Worker-Main-2/WARN] [net.minecraft.server.ReloadableServerRegistries/]: Found loot table element validation problem in {minecraft:loot_table:bonsaitrees4:bonsai/productivetrees/copoazu}.pools[1].entries[1]: Unknown loot table called productivetrees:blocks/copoazu_leaves
[12Apr2026 16:31:41.136] [Worker-Main-2/WARN] [net.minecraft.server.ReloadableServerRegistries/]: Found loot table element validation problem in {minecraft:loot_table:bonsaitrees4:bonsai/productivetrees/cultivated_pear}.pools[1].entries[0]: Unknown loot table called productivetrees:blocks/cultivated_pear_fruit
[12Apr2026 16:31:41.136] [Worker-Main-2/WARN] [net.minecraft.server.ReloadableServerRegistries/]: Found loot table element validation problem in {minecraft:loot_table:bonsaitrees4:bonsai/productivetrees/soursop}.pools[1].entries[1]: Unknown loot table called productivetrees:blocks/soursop_leaves
[12Apr2026 16:31:41.136] [Worker-Main-2/WARN] [net.minecraft.server.ReloadableServerRegistries/]: Found loot table element validation problem in {minecraft:loot_table:bonsaitrees4:bonsai/productivetrees/brazil_nut}.pools[1].entries[0]: Unknown loot table called productivetrees:blocks/brazil_nut_fruit
[12Apr2026 16:31:41.136] [Worker-Main-2/WARN] [net.minecraft.server.ReloadableServerRegistries/]: Found loot table element validation problem in {minecraft:loot_table:bonsaitrees4:bonsai/productivetrees/key_lime}.pools[0].entries[0]: Unknown loot table called productivetrees:blocks/key_lime_log
[12Apr2026 16:31:41.136] [Worker-Main-2/WARN] [net.minecraft.server.ReloadableServerRegistries/]: Found loot table element validation problem in {minecraft:loot_table:bonsaitrees4:bonsai/pamhc2trees/pomegranate}.pools[2].entries[0]: Unknown loot table called pamhc2trees:blocks/pampomegranate
[12Apr2026 16:31:41.136] [Worker-Main-2/WARN] [net.minecraft.server.ReloadableServerRegistries/]: Found loot table element validation problem in {minecraft:loot_table:bonsaitrees4:bonsai/productivetrees/pink_ivory}.pools[1].entries[0]: Unknown loot table called productivetrees:blocks/pink_ivory_leaves
[12Apr2026 16:31:41.137] [Worker-Main-2/WARN] [net.minecraft.server.ReloadableServerRegistries/]: Found loot table element validation problem in {minecraft:loot_table:bonsaitrees4:bonsai/productivetrees/rainbow_gum}.pools[1].entries[0]: Unknown loot table called productivetrees:blocks/rainbow_gum_leaves
[12Apr2026 16:31:41.137] [Worker-Main-2/WARN] [net.minecraft.server.ReloadableServerRegistries/]: Found loot table element validation problem in {minecraft:loot_table:bonsaitrees4:bonsai/regions_unexplored/red_maple_tree}.pools[0].entries[1]: Unknown loot table called regions_unexplored:blocks/maple_branch
[12Apr2026 16:31:41.137] [Worker-Main-2/WARN] [net.minecraft.server.ReloadableServerRegistries/]: Found loot table element validation problem in {minecraft:loot_table:bonsaitrees4:bonsai/twilightforest/tree/rainbow_oak}.pools[0].entries[0]: Unknown loot table called twilightforest:blocks/twilight_oak_log
[12Apr2026 16:31:41.137] [Worker-Main-2/WARN] [net.minecraft.server.ReloadableServerRegistries/]: Found loot table element validation problem in {minecraft:loot_table:bonsaitrees4:bonsai/productivetrees/loblolly_pine}.pools[0].entries[0]: Unknown loot table called productivetrees:blocks/loblolly_pine_log
[12Apr2026 16:31:41.137] [Worker-Main-2/WARN] [net.minecraft.server.ReloadableServerRegistries/]: Found loot table element validation problem in {minecraft:loot_table:bonsaitrees4:bonsai/productivetrees/teak}.pools[1].entries[0]: Unknown loot table called productivetrees:blocks/teak_leaves
[12Apr2026 16:31:41.137] [Worker-Main-2/WARN] [net.minecraft.server.ReloadableServerRegistries/]: Found loot table element validation problem in {minecraft:loot_table:bonsaitrees4:bonsai/herbsandharvest/lime_fruit_tree}.pools[1].entries[0]: Unknown loot table called herbsandharvest:blocks/fruit_leaves
[12Apr2026 16:31:41.137] [Worker-Main-2/WARN] [net.minecraft.server.ReloadableServerRegistries/]: Found loot table element validation problem in {minecraft:loot_table:bonsaitrees4:bonsai/herbsandharvest/avocado_fruit_tree}.pools[1].entries[1]: Unknown loot table called herbsandharvest:blocks/avocado_fruit_leaves
[12Apr2026 16:31:41.137] [Worker-Main-2/WARN] [net.minecraft.server.ReloadableServerRegistries/]: Found loot table element validation problem in {minecraft:loot_table:bonsaitrees4:bonsai/productivetrees/cork_oak}.pools[0].entries[0]: Unknown loot table called productivetrees:blocks/cork_oak_log
[12Apr2026 16:31:41.137] [Worker-Main-2/WARN] [net.minecraft.server.ReloadableServerRegistries/]: Found loot table element validation problem in {minecraft:loot_table:bonsaitrees4:bonsai/eternal_starlight/scarlet}.pools[0].entries[0]: Unknown loot table called eternal_starlight:blocks/scarlet_log
[12Apr2026 16:31:41.137] [Worker-Main-2/WARN] [net.minecraft.server.ReloadableServerRegistries/]: Found loot table element validation problem in {minecraft:loot_table:bonsaitrees4:bonsai/productivetrees/alder}.pools[0].entries[0]: Unknown loot table called productivetrees:blocks/alder_log
[12Apr2026 16:31:41.137] [Worker-Main-2/WARN] [net.minecraft.server.ReloadableServerRegistries/]: Found loot table element validation problem in {minecraft:loot_table:bonsaitrees4:bonsai/pamhc2trees/cinnamon}.pools[2].entries[0]: Unknown loot table called pamhc2trees:blocks/pamcinnamon
[12Apr2026 16:31:41.137] [Worker-Main-2/WARN] [net.minecraft.server.ReloadableServerRegistries/]: Found loot table element validation problem in {minecraft:loot_table:bonsaitrees4:bonsai/twilightforest/tree/canopy_tree}.pools[1].entries[0]: Unknown loot table called twilightforest:blocks/canopy_leaves
[12Apr2026 16:31:41.137] [Worker-Main-2/WARN] [net.minecraft.server.ReloadableServerRegistries/]: Found loot table element validation problem in {minecraft:loot_table:bonsaitrees4:bonsai/productivetrees/boxwood}.pools[1].entries[0]: Unknown loot table called productivetrees:blocks/boxwood_leaves
[12Apr2026 16:31:41.137] [Worker-Main-2/WARN] [net.minecraft.server.ReloadableServerRegistries/]: Found loot table element validation problem in {minecraft:loot_table:bonsaitrees4:bonsai/undergarden/huge_veil_mushroom}.pools[0].entries[2]: Unknown loot table called undergarden:blocks/veil_mushroom_cap
[12Apr2026 16:31:41.137] [Worker-Main-2/WARN] [net.minecraft.server.ReloadableServerRegistries/]: Found loot table element validation problem in {minecraft:loot_table:bonsaitrees4:bonsai/productivetrees/sweet_crabapple}.pools[0].entries[0]: Unknown loot table called productivetrees:blocks/sweet_crabapple_log
[12Apr2026 16:31:41.137] [Worker-Main-2/WARN] [net.minecraft.server.ReloadableServerRegistries/]: Found loot table element validation problem in {minecraft:loot_table:bonsaitrees4:bonsai/cobblemon/white_apricorn_tree}.pools[2].entries[0]: Unknown loot table called cobblemon:blocks/white_apricorn
[12Apr2026 16:31:41.137] [Worker-Main-2/WARN] [net.minecraft.server.ReloadableServerRegistries/]: Found loot table element validation problem in {minecraft:loot_table:bonsaitrees4:bonsai/productivetrees/cocobolo}.pools[1].entries[0]: Unknown loot table called productivetrees:blocks/cocobolo_leaves
[12Apr2026 16:31:41.137] [Worker-Main-2/WARN] [net.minecraft.server.ReloadableServerRegistries/]: Found loot table element validation problem in {minecraft:loot_table:bonsaitrees4:bonsai/biomeswevegone/aspen_tree4}.pools[2].entries[0]: Unknown loot table called biomeswevegone:blocks/shelf_fungi
[12Apr2026 16:31:41.137] [Worker-Main-2/WARN] [net.minecraft.server.ReloadableServerRegistries/]: Found loot table element validation problem in {minecraft:loot_table:bonsaitrees4:bonsai/herbsandharvest/lime_fruit_tree}.pools[1].entries[1]: Unknown loot table called herbsandharvest:blocks/lime_fruit_leaves
[12Apr2026 16:31:41.137] [Worker-Main-2/WARN] [net.minecraft.server.ReloadableServerRegistries/]: Found loot table element validation problem in {minecraft:loot_table:bonsaitrees4:bonsai/productivetrees/silver_lime}.pools[0].entries[0]: Unknown loot table called productivetrees:blocks/silver_lime_log
[12Apr2026 16:31:41.138] [Worker-Main-2/WARN] [net.minecraft.server.ReloadableServerRegistries/]: Found loot table element validation problem in {minecraft:loot_table:bonsaitrees4:bonsai/productivetrees/douglas_fir}.pools[0].entries[0]: Unknown loot table called productivetrees:blocks/douglas_fir_log
[12Apr2026 16:31:41.416] [Worker-Main-2/INFO] [AE2:C/]: Scanning class appeng.server.testplots.AutoCraftingTestPlots for plots
[12Apr2026 16:31:41.418] [Worker-Main-2/INFO] [AE2:C/]: Scanning class appeng.server.testplots.SpawnExtraGridTestTools for plots
[12Apr2026 16:31:41.418] [Worker-Main-2/INFO] [AE2:C/]: Scanning class appeng.server.testplots.PatternProviderPlots for plots
[12Apr2026 16:31:41.418] [Worker-Main-2/INFO] [AE2:C/]: Scanning class appeng.server.testplots.CrystalResonanceGeneratorTestPlots for plots
[12Apr2026 16:31:41.418] [Worker-Main-2/INFO] [AE2:C/]: Scanning class appeng.server.testplots.InterfaceTestPlots for plots
[12Apr2026 16:31:41.418] [Worker-Main-2/INFO] [AE2:C/]: Scanning class appeng.server.testplots.PatternProviderLockModePlots for plots
[12Apr2026 16:31:41.418] [Worker-Main-2/INFO] [AE2:C/]: Scanning class appeng.server.testplots.ItemP2PTestPlots for plots
[12Apr2026 16:31:41.418] [Worker-Main-2/INFO] [AE2:C/]: Scanning class appeng.server.testplots.InvalidPatternTestPlot for plots
[12Apr2026 16:31:41.418] [Worker-Main-2/INFO] [AE2:C/]: Scanning class appeng.server.testplots.MemoryCardTestPlots for plots
[12Apr2026 16:31:41.418] [Worker-Main-2/INFO] [AE2:C/]: Scanning class appeng.server.testplots.AnnihilationPlaneTests for plots
[12Apr2026 16:31:41.418] [Worker-Main-2/INFO] [AE2:C/]: Scanning class appeng.server.testplots.InscriberTestPlots for plots
[12Apr2026 16:31:41.424] [Worker-Main-2/INFO] [AE2:C/]: Scanning class appeng.server.testplots.GuidebookPlot for plots
[12Apr2026 16:31:41.424] [Worker-Main-2/INFO] [AE2:C/]: Scanning class appeng.server.testplots.SubnetPlots for plots
[12Apr2026 16:31:41.424] [Worker-Main-2/INFO] [AE2:C/]: Scanning class appeng.server.testplots.P2PTestPlots for plots
[12Apr2026 16:31:41.424] [Worker-Main-2/INFO] [AE2:C/]: Scanning class appeng.server.testplots.QnbTestPlots for plots
[12Apr2026 16:31:41.424] [Worker-Main-2/INFO] [AE2:C/]: Scanning class appeng.server.testplots.ExternalEnergyTestPlots for plots
[12Apr2026 16:31:41.425] [Worker-Main-2/INFO] [AE2:C/]: Scanning class appeng.server.testplots.ChannelTests for plots
[12Apr2026 16:31:41.425] [Worker-Main-2/INFO] [AE2:C/]: Scanning class appeng.server.testplots.TestPlots for plots
[12Apr2026 16:31:41.425] [Worker-Main-2/INFO] [AE2:C/]: Scanning class appeng.server.testplots.SpatialTestPlots for plots
[12Apr2026 16:31:41.474] [Worker-Main-2/INFO] [FTB Ranks/]: Loading command nodes...
[12Apr2026 16:31:41.511] [Worker-Main-2/INFO] [FTB Ranks/]: Loaded 3104 command nodes
[12Apr2026 16:31:41.526] [Worker-Main-2/WARN] [createliquidfuel/]: addReloadListeners called
[12Apr2026 16:31:41.834] [NeoForge Version Check/INFO] [net.neoforged.fml.VersionChecker/]: [sliceanddice] Found status: UP_TO_DATE Current: 4.2.4 Target: null
[12Apr2026 16:31:41.835] [NeoForge Version Check/INFO] [net.neoforged.fml.VersionChecker/]: [createsifter] Starting version check at https://api.modrinth.com/updates/create-sifting/forge_updates.json
[12Apr2026 16:31:41.853] [Worker-Main-3/ERROR] [net.minecraft.tags.TagLoader/]: Couldn't load tag c:raw_materials/reggarfonite as it is missing following references: 
	create_better_motors:raw_crushed_reggarfonite (from mod/create_better_motors)
[12Apr2026 16:31:41.940] [Worker-Main-2/ERROR] [net.minecraft.server.packs.resources.SimpleJsonResourceReloadListener/]: Couldn't parse data file tmted:bottling/milk_bottle from tmted:recipe/bottling/milk_bottle.json
com.google.gson.JsonParseException: com.google.gson.stream.MalformedJsonException: Unterminated object at line 8 column 6 path $.neoforge:conditions[0].value.registry
	at TRANSFORMER/minecraft@1.21.1/net.minecraft.util.GsonHelper.fromNullableJson(GsonHelper.java:527) ~[server-1.21.1-20240808.144430-srg.jar%23276!/:?]
	at TRANSFORMER/minecraft@1.21.1/net.minecraft.util.GsonHelper.fromJson(GsonHelper.java:532) ~[server-1.21.1-20240808.144430-srg.jar%23276!/:?]
	at TRANSFORMER/minecraft@1.21.1/net.minecraft.util.GsonHelper.fromJson(GsonHelper.java:582) ~[server-1.21.1-20240808.144430-srg.jar%23276!/:?]
	at TRANSFORMER/minecraft@1.21.1/net.minecraft.server.packs.resources.SimpleJsonResourceReloadListener.scanDirectory(SimpleJsonResourceReloadListener.java:42) ~[server-1.21.1-20240808.144430-srg.jar%23276!/:?]
	at TRANSFORMER/minecraft@1.21.1/net.minecraft.server.packs.resources.SimpleJsonResourceReloadListener.prepare(SimpleJsonResourceReloadListener.java:30) ~[server-1.21.1-20240808.144430-srg.jar%23276!/:?]
	at TRANSFORMER/minecraft@1.21.1/net.minecraft.server.packs.resources.SimpleJsonResourceReloadListener.prepare(SimpleJsonResourceReloadListener.java:18) ~[server-1.21.1-20240808.144430-srg.jar%23276!/:?]
	at TRANSFORMER/minecraft@1.21.1/net.minecraft.server.packs.resources.SimplePreparableReloadListener.lambda$reload$0(SimplePreparableReloadListener.java:17) ~[server-1.21.1-20240808.144430-srg.jar%23276!/:?]
	at java.base/java.util.concurrent.CompletableFuture$AsyncSupply.run(Unknown Source) [?:?]
	at java.base/java.util.concurrent.CompletableFuture$AsyncSupply.exec(Unknown Source) [?:?]
	at java.base/java.util.concurrent.ForkJoinTask.doExec(Unknown Source) [?:?]
	at java.base/java.util.concurrent.ForkJoinPool$WorkQueue.topLevelExec(Unknown Source) [?:?]
	at java.base/java.util.concurrent.ForkJoinPool.scan(Unknown Source) [?:?]
	at java.base/java.util.concurrent.ForkJoinPool.runWorker(Unknown Source) [?:?]
	at java.base/java.util.concurrent.ForkJoinWorkerThread.run(Unknown Source) [?:?]
Caused by: com.google.gson.stream.MalformedJsonException: Unterminated object at line 8 column 6 path $.neoforge:conditions[0].value.registry
	at MC-BOOTSTRAP/com.google.gson@2.10.1/com.google.gson.stream.JsonReader.syntaxError(JsonReader.java:1659) ~[gson-2.10.1.jar%2394!/:?]
	at MC-BOOTSTRAP/com.google.gson@2.10.1/com.google.gson.stream.JsonReader.doPeek(JsonReader.java:500) ~[gson-2.10.1.jar%2394!/:?]
	at MC-BOOTSTRAP/com.google.gson@2.10.1/com.google.gson.stream.JsonReader.hasNext(JsonReader.java:422) ~[gson-2.10.1.jar%2394!/:?]
	at MC-BOOTSTRAP/com.google.gson@2.10.1/com.google.gson.internal.bind.TypeAdapters$28.read(TypeAdapters.java:779) ~[gson-2.10.1.jar%2394!/:?]
	at MC-BOOTSTRAP/com.google.gson@2.10.1/com.google.gson.internal.bind.TypeAdapters$28.read(TypeAdapters.java:725) ~[gson-2.10.1.jar%2394!/:?]
	at MC-BOOTSTRAP/com.google.gson@2.10.1/com.google.gson.internal.bind.TypeAdapters$34$1.read(TypeAdapters.java:1007) ~[gson-2.10.1.jar%2394!/:?]
	at TRANSFORMER/minecraft@1.21.1/net.minecraft.util.GsonHelper.fromNullableJson(GsonHelper.java:525) ~[server-1.21.1-20240808.144430-srg.jar%23276!/:?]
	... 13 more
[12Apr2026 16:31:42.127] [NeoForge Version Check/INFO] [net.neoforged.fml.VersionChecker/]: [createsifter] Found status: BETA Current: 1.21.1-2.2.0 Target: null
[12Apr2026 16:31:42.127] [NeoForge Version Check/INFO] [net.neoforged.fml.VersionChecker/]: [gravestone] Starting version check at https://update.maxhenkel.de/neoforge/gravestone
[12Apr2026 16:31:42.308] [NeoForge Version Check/INFO] [net.neoforged.fml.VersionChecker/]: [gravestone] Found status: BETA Current: 1.21.1-1.0.35 Target: 1.21.1-1.0.35
[12Apr2026 16:31:42.308] [NeoForge Version Check/INFO] [net.neoforged.fml.VersionChecker/]: [securitycraft] Starting version check at https://www.github.com/Geforce132/SecurityCraft/raw/master/Updates/Forge.json
[12Apr2026 16:31:42.466] [main/ERROR] [net.minecraft.world.item.crafting.RecipeManager/]: Parsing error loading recipe tmted:fermenter/tomato_crate: com.google.gson.JsonParseException: Failed to parse either. First: No key count in MapLike[{"id":"farmersdelight:rotten_tomato"}]; No key basePredicate in MapLike[{"id":"farmersdelight:rotten_tomato"}]; Second: Failed to parse either. First: Not a json array: {"id":"farmersdelight:rotten_tomato"}; Second: No key tag in MapLike[{"id":"farmersdelight:rotten_tomato"}]; No key item in MapLike[{"id":"farmersdelight:rotten_tomato"}]
[12Apr2026 16:31:42.482] [main/ERROR] [net.minecraft.world.item.crafting.RecipeManager/]: Parsing error loading recipe minecraft:black_concrete_powder: com.google.gson.JsonParseException: Input does not contain a key [type]: MapLike[{}]
[12Apr2026 16:31:42.483] [main/ERROR] [net.minecraft.world.item.crafting.RecipeManager/]: Parsing error loading recipe farmersknives:netherite_gold_knife: com.google.gson.JsonParseException: Unknown registry key in ResourceKey[minecraft:root / minecraft:item]: farmersknives:netherite_gold_knife; Failed to parse either. First: Not a json array: {"item":"advancednetherite:netherite_gold_ingot"}; Second: No key tag in MapLike[{"item":"advancednetherite:netherite_gold_ingot"}]; Unknown registry key in ResourceKey[minecraft:root / minecraft:item]: advancednetherite:netherite_gold_ingot; Failed to parse either. First: Not a json array: {"item":"farmersknives:netherite_iron_knife"}; Second: No key tag in MapLike[{"item":"farmersknives:netherite_iron_knife"}]; Unknown registry key in ResourceKey[minecraft:root / minecraft:item]: farmersknives:netherite_iron_knife
[12Apr2026 16:31:42.522] [main/ERROR] [net.minecraft.world.item.crafting.RecipeManager/]: Parsing error loading recipe farmersknives:obsidian_knife: com.google.gson.JsonParseException: Unknown registry key in ResourceKey[minecraft:root / minecraft:item]: farmersknives:obsidian_knife
[12Apr2026 16:31:42.522] [main/ERROR] [net.minecraft.world.item.crafting.RecipeManager/]: Parsing error loading recipe colorful_catalysts:item_application/garnished_buckets/black_fan_catalyst: com.google.gson.JsonParseException: Failed to parse either. First: Failed to parse either. First: No key tag in MapLike[{"item":"garnished:black_mastic_resin_bucket"}]; No key fluid in MapLike[{"item":"garnished:black_mastic_resin_bucket"}]; No key type in MapLike[{"item":"garnished:black_mastic_resin_bucket"}]; Second: Failed to parse either. First: No key amount in MapLike[{"item":"garnished:black_mastic_resin_bucket"}]; No key fluid in MapLike[{"item":"garnished:black_mastic_resin_bucket"}]; No key type in MapLike[{"item":"garnished:black_mastic_resin_bucket"}]; Second: No key amount in MapLike[{"item":"garnished:black_mastic_resin_bucket"}]; No key fluid_tag in MapLike[{"item":"garnished:black_mastic_resin_bucket"}]; No key type in MapLike[{"item":"garnished:black_mastic_resin_bucket"}]; Second: Failed to parse either. First: Not a json array: {"item":"garnished:black_mastic_resin_bucket"}; Second: No key tag in MapLike[{"item":"garnished:black_mastic_resin_bucket"}]; Unknown registry key in ResourceKey[minecraft:root / minecraft:item]: garnished:black_mastic_resin_bucket
[12Apr2026 16:31:42.524] [main/ERROR] [net.minecraft.world.item.crafting.RecipeManager/]: Parsing error loading recipe farmersknives:nether_ruby_knife: com.google.gson.JsonParseException: Unknown registry key in ResourceKey[minecraft:root / minecraft:item]: farmersknives:nether_ruby_knife; Map entry 'm' : Failed to parse either. First: Not a json array: {"item":"betternether:nether_ruby"}; Second: No key tag in MapLike[{"item":"betternether:nether_ruby"}]; Unknown registry key in ResourceKey[minecraft:root / minecraft:item]: betternether:nether_ruby
[12Apr2026 16:31:42.527] [main/ERROR] [net.minecraft.world.item.crafting.RecipeManager/]: Parsing error loading recipe farmersknives:steel_knife_et: com.google.gson.JsonParseException: Unknown registry key in ResourceKey[minecraft:root / minecraft:item]: farmersknives:steel_knife_et
[12Apr2026 16:31:42.530] [main/ERROR] [net.minecraft.world.item.crafting.RecipeManager/]: Parsing error loading recipe factory_blocks:mason_table_old: com.google.gson.JsonParseException: Unknown registry key in ResourceKey[minecraft:root / minecraft:recipe_serializer]: chipped:mason_table
[12Apr2026 16:31:42.531] [main/ERROR] [net.minecraft.world.item.crafting.RecipeManager/]: Parsing error loading recipe farmersknives:steel_knife_mm: com.google.gson.JsonParseException: Unknown registry key in ResourceKey[minecraft:root / minecraft:item]: farmersknives:steel_knife_mm; Map entry 'm' : Failed to parse either. First: Not a json array: {"item":"mythicmetals:steel_ingot"}; Second: No key tag in MapLike[{"item":"mythicmetals:steel_ingot"}]; Unknown registry key in ResourceKey[minecraft:root / minecraft:item]: mythicmetals:steel_ingot
[12Apr2026 16:31:42.537] [main/ERROR] [net.minecraft.world.item.crafting.RecipeManager/]: Parsing error loading recipe colorful_catalysts:item_application/garnished_buckets/orange_fan_catalyst: com.google.gson.JsonParseException: Failed to parse either. First: Failed to parse either. First: No key tag in MapLike[{"item":"garnished:orange_mastic_resin_bucket"}]; No key fluid in MapLike[{"item":"garnished:orange_mastic_resin_bucket"}]; No key type in MapLike[{"item":"garnished:orange_mastic_resin_bucket"}]; Second: Failed to parse either. First: No key amount in MapLike[{"item":"garnished:orange_mastic_resin_bucket"}]; No key fluid in MapLike[{"item":"garnished:orange_mastic_resin_bucket"}]; No key type in MapLike[{"item":"garnished:orange_mastic_resin_bucket"}]; Second: No key amount in MapLike[{"item":"garnished:orange_mastic_resin_bucket"}]; No key fluid_tag in MapLike[{"item":"garnished:orange_mastic_resin_bucket"}]; No key type in MapLike[{"item":"garnished:orange_mastic_resin_bucket"}]; Second: Failed to parse either. First: Not a json array: {"item":"garnished:orange_mastic_resin_bucket"}; Second: No key tag in MapLike[{"item":"garnished:orange_mastic_resin_bucket"}]; Unknown registry key in ResourceKey[minecraft:root / minecraft:item]: garnished:orange_mastic_resin_bucket
[12Apr2026 16:31:42.563] [main/ERROR] [net.minecraft.world.item.crafting.RecipeManager/]: Parsing error loading recipe colorful_catalysts:item_application/garnished_buckets/lime_fan_catalyst: com.google.gson.JsonParseException: Failed to parse either. First: Failed to parse either. First: No key tag in MapLike[{"item":"garnished:lime_mastic_resin_bucket"}]; No key fluid in MapLike[{"item":"garnished:lime_mastic_resin_bucket"}]; No key type in MapLike[{"item":"garnished:lime_mastic_resin_bucket"}]; Second: Failed to parse either. First: No key amount in MapLike[{"item":"garnished:lime_mastic_resin_bucket"}]; No key fluid in MapLike[{"item":"garnished:lime_mastic_resin_bucket"}]; No key type in MapLike[{"item":"garnished:lime_mastic_resin_bucket"}]; Second: No key amount in MapLike[{"item":"garnished:lime_mastic_resin_bucket"}]; No key fluid_tag in MapLike[{"item":"garnished:lime_mastic_resin_bucket"}]; No key type in MapLike[{"item":"garnished:lime_mastic_resin_bucket"}]; Second: Failed to parse either. First: Not a json array: {"item":"garnished:lime_mastic_resin_bucket"}; Second: No key tag in MapLike[{"item":"garnished:lime_mastic_resin_bucket"}]; Unknown registry key in ResourceKey[minecraft:root / minecraft:item]: garnished:lime_mastic_resin_bucket
[12Apr2026 16:31:42.564] [NeoForge Version Check/INFO] [net.neoforged.fml.VersionChecker/]: [securitycraft] Found status: UP_TO_DATE Current: 1.10.1 Target: null
[12Apr2026 16:31:42.564] [NeoForge Version Check/INFO] [net.neoforged.fml.VersionChecker/]: [jadecolonies] Starting version check at https://raw.githubusercontent.com/uecasm/jadecolonies/master/update.json
[12Apr2026 16:31:42.574] [NeoForge Version Check/INFO] [net.neoforged.fml.VersionChecker/]: [jadecolonies] Found status: BETA Current: 1.6.0 Target: null
[12Apr2026 16:31:42.574] [NeoForge Version Check/INFO] [net.neoforged.fml.VersionChecker/]: [appmek] Starting version check at https://api.modrinth.com/updates/applied-mekanistics/forge_updates.json
[12Apr2026 16:31:42.574] [main/ERROR] [net.minecraft.world.item.crafting.RecipeManager/]: Parsing error loading recipe farmersknives:celestium_knife: com.google.gson.JsonParseException: Unknown registry key in ResourceKey[minecraft:root / minecraft:item]: farmersknives:celestium_knife; Failed to parse either. First: Not a json array: {"item":"mythicmetals:celestium_ingot"}; Second: No key tag in MapLike[{"item":"mythicmetals:celestium_ingot"}]; Unknown registry key in ResourceKey[minecraft:root / minecraft:item]: mythicmetals:celestium_ingot; Failed to parse either. First: Not a json array: {"item":"mythicmetals:unobtainium_smithing_template"}; Second: No key tag in MapLike[{"item":"mythicmetals:unobtainium_smithing_template"}]; Unknown registry key in ResourceKey[minecraft:root / minecraft:item]: mythicmetals:unobtainium_smithing_template
[12Apr2026 16:31:42.580] [main/ERROR] [net.minecraft.world.item.crafting.RecipeManager/]: Parsing error loading recipe farmersknives:end_gobber_knife: com.google.gson.JsonParseException: Unknown registry key in ResourceKey[minecraft:root / minecraft:item]: farmersknives:end_gobber_knife; Map entry 'm' : Failed to parse either. First: Not a json array: {"item":"gobber2:gobber2_ingot_end"}; Second: No key tag in MapLike[{"item":"gobber2:gobber2_ingot_end"}]; Unknown registry key in ResourceKey[minecraft:root / minecraft:item]: gobber2:gobber2_ingot_end
[12Apr2026 16:31:42.589] [main/ERROR] [net.minecraft.world.item.crafting.RecipeManager/]: Parsing error loading recipe createdeco:placard: com.google.gson.JsonParseException: No key id in MapLike[{"item":"create:placard"}]
[12Apr2026 16:31:42.592] [main/ERROR] [net.minecraft.world.item.crafting.RecipeManager/]: Parsing error loading recipe colorful_catalysts:item_application/garnished_buckets/blue_fan_catalyst: com.google.gson.JsonParseException: Failed to parse either. First: Failed to parse either. First: No key tag in MapLike[{"item":"garnished:blue_mastic_resin_bucket"}]; No key fluid in MapLike[{"item":"garnished:blue_mastic_resin_bucket"}]; No key type in MapLike[{"item":"garnished:blue_mastic_resin_bucket"}]; Second: Failed to parse either. First: No key amount in MapLike[{"item":"garnished:blue_mastic_resin_bucket"}]; No key fluid in MapLike[{"item":"garnished:blue_mastic_resin_bucket"}]; No key type in MapLike[{"item":"garnished:blue_mastic_resin_bucket"}]; Second: No key amount in MapLike[{"item":"garnished:blue_mastic_resin_bucket"}]; No key fluid_tag in MapLike[{"item":"garnished:blue_mastic_resin_bucket"}]; No key type in MapLike[{"item":"garnished:blue_mastic_resin_bucket"}]; Second: Failed to parse either. First: Not a json array: {"item":"garnished:blue_mastic_resin_bucket"}; Second: No key tag in MapLike[{"item":"garnished:blue_mastic_resin_bucket"}]; Unknown registry key in ResourceKey[minecraft:root / minecraft:item]: garnished:blue_mastic_resin_bucket
[12Apr2026 16:31:42.600] [main/ERROR] [net.minecraft.world.item.crafting.RecipeManager/]: Parsing error loading recipe farmersknives:rose_knife: com.google.gson.JsonParseException: Unknown registry key in ResourceKey[minecraft:root / minecraft:item]: farmersknives:rose_knife; Failed to parse either. First: Not a json array: {"item":"progression_reborn:rose_ingot"}; Second: No key tag in MapLike[{"item":"progression_reborn:rose_ingot"}]; Unknown registry key in ResourceKey[minecraft:root / minecraft:item]: progression_reborn:rose_ingot; Failed to parse either. First: Not a json array: {"item":"progression_reborn:rose_upgrade_smithing_template"}; Second: No key tag in MapLike[{"item":"progression_reborn:rose_upgrade_smithing_template"}]; Unknown registry key in ResourceKey[minecraft:root / minecraft:item]: progression_reborn:rose_upgrade_smithing_template
[12Apr2026 16:31:42.604] [main/ERROR] [net.minecraft.world.item.crafting.RecipeManager/]: Parsing error loading recipe thirst:compat/create/terracotta_water_bowl: com.google.gson.JsonParseException: Failed to parse either. First: No key amount in MapLike[{"item":"thirst:terracotta_water_bowl"}]; No key id in MapLike[{"item":"thirst:terracotta_water_bowl"}]; Second: Failed to parse either. First: No key id in MapLike[{"item":"thirst:terracotta_water_bowl"}]; Second: Failed to parse either. First: Not a JSON object: "thirst:terracotta_water_bowl"; Second: Compat cannot be deserialized; Failed to parse either. First: Failed to parse either. First: No key type in MapLike[{"amount":250,"fluid":"minecraft:water"}]; Second: Failed to parse either. First: No key type in MapLike[{"amount":250,"fluid":"minecraft:water"}]; Second: No key fluid_tag in MapLike[{"amount":250,"fluid":"minecraft:water"}]; No key type in MapLike[{"amount":250,"fluid":"minecraft:water"}]; Second: Failed to parse either. First: Not a json array: {"amount":250,"fluid":"minecraft:water"}; Second: No key tag in MapLike[{"amount":250,"fluid":"minecraft:water"}]; No key item in MapLike[{"amount":250,"fluid":"minecraft:water"}]
[12Apr2026 16:31:42.608] [main/ERROR] [net.minecraft.world.item.crafting.RecipeManager/]: Parsing error loading recipe farmersknives:legendary_banglum_knife: com.google.gson.JsonParseException: Unknown registry key in ResourceKey[minecraft:root / minecraft:item]: farmersknives:legendary_banglum_knife; Failed to parse either. First: Not a json array: {"item":"mythicmetals:banglum_chunk"}; Second: No key tag in MapLike[{"item":"mythicmetals:banglum_chunk"}]; Unknown registry key in ResourceKey[minecraft:root / minecraft:item]: mythicmetals:banglum_chunk; Failed to parse either. First: Not a json array: {"item":"farmersknives:banglum_knife"}; Second: No key tag in MapLike[{"item":"farmersknives:banglum_knife"}]; Unknown registry key in ResourceKey[minecraft:root / minecraft:item]: farmersknives:banglum_knife; Failed to parse either. First: Not a json array: {"item":"mythicmetals:legendary_banglum_smithing_template"}; Second: No key tag in MapLike[{"item":"mythicmetals:legendary_banglum_smithing_template"}]; Unknown registry key in ResourceKey[minecraft:root / minecraft:item]: mythicmetals:legendary_banglum_smithing_template
[12Apr2026 16:31:42.609] [main/ERROR] [net.minecraft.world.item.crafting.RecipeManager/]: Parsing error loading recipe farmersknives:orichalcum_knife: com.google.gson.JsonParseException: Unknown registry key in ResourceKey[minecraft:root / minecraft:item]: farmersknives:orichalcum_knife; Map entry 'm' : Failed to parse either. First: Not a json array: {"item":"mythicmetals:orichalcum_ingot"}; Second: No key tag in MapLike[{"item":"mythicmetals:orichalcum_ingot"}]; Unknown registry key in ResourceKey[minecraft:root / minecraft:item]: mythicmetals:orichalcum_ingot
[12Apr2026 16:31:42.620] [main/ERROR] [net.minecraft.world.item.crafting.RecipeManager/]: Parsing error loading recipe farmersknives:netherite_iron_knife: com.google.gson.JsonParseException: Unknown registry key in ResourceKey[minecraft:root / minecraft:item]: farmersknives:netherite_iron_knife; Failed to parse either. First: Not a json array: {"item":"advancednetherite:netherite_iron_ingot"}; Second: No key tag in MapLike[{"item":"advancednetherite:netherite_iron_ingot"}]; Unknown registry key in ResourceKey[minecraft:root / minecraft:item]: advancednetherite:netherite_iron_ingot
[12Apr2026 16:31:42.628] [main/ERROR] [net.minecraft.world.item.crafting.RecipeManager/]: Parsing error loading recipe farmersknives:hallowed_knife: com.google.gson.JsonParseException: Unknown registry key in ResourceKey[minecraft:root / minecraft:item]: farmersknives:hallowed_knife; Map entry 'm' : Failed to parse either. First: Not a json array: {"item":"mythicmetals:hallowed_ingot"}; Second: No key tag in MapLike[{"item":"mythicmetals:hallowed_ingot"}]; Unknown registry key in ResourceKey[minecraft:root / minecraft:item]: mythicmetals:hallowed_ingot
[12Apr2026 16:31:42.636] [main/ERROR] [net.minecraft.world.item.crafting.RecipeManager/]: Parsing error loading recipe minecraft:purple_concrete_powder: com.google.gson.JsonParseException: Input does not contain a key [type]: MapLike[{}]
[12Apr2026 16:31:42.640] [main/ERROR] [net.minecraft.world.item.crafting.RecipeManager/]: Parsing error loading recipe farmersknives:star_platinum_knife: com.google.gson.JsonParseException: Unknown registry key in ResourceKey[minecraft:root / minecraft:item]: farmersknives:star_platinum_knife; Map entry 'm' : Failed to parse either. First: Not a json array: {"item":"mythicmetals:star_platinum"}; Second: No key tag in MapLike[{"item":"mythicmetals:star_platinum"}]; Unknown registry key in ResourceKey[minecraft:root / minecraft:item]: mythicmetals:star_platinum
[12Apr2026 16:31:42.645] [main/ERROR] [net.minecraft.world.item.crafting.RecipeManager/]: Parsing error loading recipe colorful_catalysts:item_application/garnished_buckets/cyan_fan_catalyst: com.google.gson.JsonParseException: Failed to parse either. First: Failed to parse either. First: No key tag in MapLike[{"item":"garnished:cyan_mastic_resin_bucket"}]; No key fluid in MapLike[{"item":"garnished:cyan_mastic_resin_bucket"}]; No key type in MapLike[{"item":"garnished:cyan_mastic_resin_bucket"}]; Second: Failed to parse either. First: No key amount in MapLike[{"item":"garnished:cyan_mastic_resin_bucket"}]; No key fluid in MapLike[{"item":"garnished:cyan_mastic_resin_bucket"}]; No key type in MapLike[{"item":"garnished:cyan_mastic_resin_bucket"}]; Second: No key amount in MapLike[{"item":"garnished:cyan_mastic_resin_bucket"}]; No key fluid_tag in MapLike[{"item":"garnished:cyan_mastic_resin_bucket"}]; No key type in MapLike[{"item":"garnished:cyan_mastic_resin_bucket"}]; Second: Failed to parse either. First: Not a json array: {"item":"garnished:cyan_mastic_resin_bucket"}; Second: No key tag in MapLike[{"item":"garnished:cyan_mastic_resin_bucket"}]; Unknown registry key in ResourceKey[minecraft:root / minecraft:item]: garnished:cyan_mastic_resin_bucket
[12Apr2026 16:31:42.645] [main/ERROR] [net.minecraft.world.item.crafting.RecipeManager/]: Parsing error loading recipe farmersknives:kyber_knife: com.google.gson.JsonParseException: Unknown registry key in ResourceKey[minecraft:root / minecraft:item]: farmersknives:kyber_knife; Map entry 'm' : Failed to parse either. First: Not a json array: {"item":"mythicmetals:kyber_ingot"}; Second: No key tag in MapLike[{"item":"mythicmetals:kyber_ingot"}]; Unknown registry key in ResourceKey[minecraft:root / minecraft:item]: mythicmetals:kyber_ingot
[12Apr2026 16:31:42.648] [main/ERROR] [net.minecraft.world.item.crafting.RecipeManager/]: Parsing error loading recipe create_things_and_misc:schematic_chair: com.google.gson.JsonParseException: Unknown registry key in ResourceKey[minecraft:root / minecraft:item]: create_things_and_misc:deleted_mod_element
[12Apr2026 16:31:42.654] [main/ERROR] [net.minecraft.world.item.crafting.RecipeManager/]: Parsing error loading recipe farmersknives:adamantite_knife: com.google.gson.JsonParseException: Unknown registry key in ResourceKey[minecraft:root / minecraft:item]: farmersknives:adamantite_knife; Map entry 'm' : Failed to parse either. First: Not a json array: {"item":"mythicmetals:adamantite_ingot"}; Second: No key tag in MapLike[{"item":"mythicmetals:adamantite_ingot"}]; Unknown registry key in ResourceKey[minecraft:root / minecraft:item]: mythicmetals:adamantite_ingot
[12Apr2026 16:31:42.675] [main/ERROR] [net.minecraft.world.item.crafting.RecipeManager/]: Parsing error loading recipe colorful_catalysts:item_application/garnished_buckets/red_fan_catalyst: com.google.gson.JsonParseException: Failed to parse either. First: Failed to parse either. First: No key tag in MapLike[{"item":"garnished:red_mastic_resin_bucket"}]; No key fluid in MapLike[{"item":"garnished:red_mastic_resin_bucket"}]; No key type in MapLike[{"item":"garnished:red_mastic_resin_bucket"}]; Second: Failed to parse either. First: No key amount in MapLike[{"item":"garnished:red_mastic_resin_bucket"}]; No key fluid in MapLike[{"item":"garnished:red_mastic_resin_bucket"}]; No key type in MapLike[{"item":"garnished:red_mastic_resin_bucket"}]; Second: No key amount in MapLike[{"item":"garnished:red_mastic_resin_bucket"}]; No key fluid_tag in MapLike[{"item":"garnished:red_mastic_resin_bucket"}]; No key type in MapLike[{"item":"garnished:red_mastic_resin_bucket"}]; Second: Failed to parse either. First: Not a json array: {"item":"garnished:red_mastic_resin_bucket"}; Second: No key tag in MapLike[{"item":"garnished:red_mastic_resin_bucket"}]; Unknown registry key in ResourceKey[minecraft:root / minecraft:item]: garnished:red_mastic_resin_bucket
[12Apr2026 16:31:42.681] [main/ERROR] [net.minecraft.world.item.crafting.RecipeManager/]: Parsing error loading recipe colorful_catalysts:item_application/garnished_buckets/light_blue_fan_catalyst: com.google.gson.JsonParseException: Failed to parse either. First: Failed to parse either. First: No key tag in MapLike[{"item":"garnished:light_blue_mastic_resin_bucket"}]; No key fluid in MapLike[{"item":"garnished:light_blue_mastic_resin_bucket"}]; No key type in MapLike[{"item":"garnished:light_blue_mastic_resin_bucket"}]; Second: Failed to parse either. First: No key amount in MapLike[{"item":"garnished:light_blue_mastic_resin_bucket"}]; No key fluid in MapLike[{"item":"garnished:light_blue_mastic_resin_bucket"}]; No key type in MapLike[{"item":"garnished:light_blue_mastic_resin_bucket"}]; Second: No key amount in MapLike[{"item":"garnished:light_blue_mastic_resin_bucket"}]; No key fluid_tag in MapLike[{"item":"garnished:light_blue_mastic_resin_bucket"}]; No key type in MapLike[{"item":"garnished:light_blue_mastic_resin_bucket"}]; Second: Failed to parse either. First: Not a json array: {"item":"garnished:light_blue_mastic_resin_bucket"}; Second: No key tag in MapLike[{"item":"garnished:light_blue_mastic_resin_bucket"}]; Unknown registry key in ResourceKey[minecraft:root / minecraft:item]: garnished:light_blue_mastic_resin_bucket
[12Apr2026 16:31:42.682] [main/ERROR] [net.minecraft.world.item.crafting.RecipeManager/]: Parsing error loading recipe createdieselgenerators:compat/immersiveengineering/silver_sheet: com.google.gson.JsonParseException: Failed to parse either. First: No key amount in MapLike[{"item":"immersiveengineering:plate_silver"}]; No key id in MapLike[{"item":"immersiveengineering:plate_silver"}]; Second: Failed to parse either. First: No key id in MapLike[{"item":"immersiveengineering:plate_silver"}]; Second: Failed to parse either. First: Not a JSON object: "immersiveengineering:plate_silver"; Second: Compat cannot be deserialized
[12Apr2026 16:31:42.688] [main/ERROR] [net.minecraft.world.item.crafting.RecipeManager/]: Parsing error loading recipe farmersknives:copper_knife: com.google.gson.JsonParseException: Unknown registry key in ResourceKey[minecraft:root / minecraft:item]: farmersknives:copper_knife
[12Apr2026 16:31:42.690] [main/ERROR] [net.minecraft.world.item.crafting.RecipeManager/]: Parsing error loading recipe farmersknives:thallasium_knife: com.google.gson.JsonParseException: Unknown registry key in ResourceKey[minecraft:root / minecraft:item]: farmersknives:thallasium_knife; Map entry 'm' : Failed to parse either. First: Not a json array: {"item":"betterend:thallasium_ingot"}; Second: No key tag in MapLike[{"item":"betterend:thallasium_ingot"}]; Unknown registry key in ResourceKey[minecraft:root / minecraft:item]: betterend:thallasium_ingot
[12Apr2026 16:31:42.691] [main/ERROR] [net.minecraft.world.item.crafting.RecipeManager/]: Parsing error loading recipe thirst:compat/create/cactus: com.google.gson.JsonParseException: Failed to parse either. First: No key id in MapLike[{"amount":250,"fluid":"minecraft:water","components":{"thirst:purity":3}}]; Second: Failed to parse either. First: No key id in MapLike[{"amount":250,"fluid":"minecraft:water","components":{"thirst:purity":3}}]; Second: No key item in MapLike[{"amount":250,"fluid":"minecraft:water","components":{"thirst:purity":3}}]
[12Apr2026 16:31:42.699] [main/ERROR] [net.minecraft.world.item.crafting.RecipeManager/]: Parsing error loading recipe farmersknives:mythril_knife: com.google.gson.JsonParseException: Unknown registry key in ResourceKey[minecraft:root / minecraft:item]: farmersknives:mythril_knife; Map entry 'm' : Failed to parse either. First: Not a json array: {"item":"mythicmetals:mythril_ingot"}; Second: No key tag in MapLike[{"item":"mythicmetals:mythril_ingot"}]; Unknown registry key in ResourceKey[minecraft:root / minecraft:item]: mythicmetals:mythril_ingot
[12Apr2026 16:31:42.703] [main/ERROR] [net.minecraft.world.item.crafting.RecipeManager/]: Parsing error loading recipe createdieselgenerators:compat/immersiveengineering/uranium_sheet: com.google.gson.JsonParseException: Failed to parse either. First: No key amount in MapLike[{"id ":"immersiveengineering:plate_uranium"}]; No key id in MapLike[{"id ":"immersiveengineering:plate_uranium"}]; Second: Failed to parse either. First: No key id in MapLike[{"id ":"immersiveengineering:plate_uranium"}]; Second: No key item in MapLike[{"id ":"immersiveengineering:plate_uranium"}]
[12Apr2026 16:31:42.705] [main/ERROR] [net.minecraft.world.item.crafting.RecipeManager/]: Parsing error loading recipe farmersknives:netherite_diamond_knife: com.google.gson.JsonParseException: Unknown registry key in ResourceKey[minecraft:root / minecraft:item]: farmersknives:netherite_diamond_knife; Failed to parse either. First: Not a json array: {"item":"advancednetherite:netherite_diamond_ingot"}; Second: No key tag in MapLike[{"item":"advancednetherite:netherite_diamond_ingot"}]; Unknown registry key in ResourceKey[minecraft:root / minecraft:item]: advancednetherite:netherite_diamond_ingot; Failed to parse either. First: Not a json array: {"item":"farmersknives:netherite_emerald_knife"}; Second: No key tag in MapLike[{"item":"farmersknives:netherite_emerald_knife"}]; Unknown registry key in ResourceKey[minecraft:root / minecraft:item]: farmersknives:netherite_emerald_knife
[12Apr2026 16:31:42.726] [main/ERROR] [net.minecraft.world.item.crafting.RecipeManager/]: Parsing error loading recipe createdieselgenerators:compat/immersiveengineering/duroplast_sheet: com.google.gson.JsonParseException: Failed to parse either. First: Failed to parse either. First: Unknown registry key in ResourceKey[minecraft:root / neoforge:fluid_ingredient_type]: minecraft:fluid_stack; Unknown registry key in ResourceKey[minecraft:root / neoforge:fluid_ingredient_type]: minecraft:fluid_stack; Second: Failed to parse either. First: Unknown registry key in ResourceKey[minecraft:root / minecraft:fluid]: c:phenolic_resin; Second: No key fluid_tag in MapLike[{"type":"fluid_stack","fluid":"c:phenolic_resin","amount":250}]; Invalid Type: fluid_stack; Second: Failed to parse either. First: Not a json array: {"type":"fluid_stack","fluid":"c:phenolic_resin","amount":250}; Second: Unknown registry key in ResourceKey[minecraft:root / neoforge:ingredient_serializer]: minecraft:fluid_stack
[12Apr2026 16:31:42.734] [main/ERROR] [net.minecraft.world.item.crafting.RecipeManager/]: Parsing error loading recipe farmersknives:aquarium_knife: com.google.gson.JsonParseException: Unknown registry key in ResourceKey[minecraft:root / minecraft:item]: farmersknives:aquarium_knife; Map entry 'm' : Failed to parse either. First: Not a json array: {"item":"mythicmetals:aquarium_ingot"}; Second: No key tag in MapLike[{"item":"mythicmetals:aquarium_ingot"}]; Unknown registry key in ResourceKey[minecraft:root / minecraft:item]: mythicmetals:aquarium_ingot
[12Apr2026 16:31:42.736] [main/ERROR] [net.minecraft.world.item.crafting.RecipeManager/]: Parsing error loading recipe farmersknives:cincinnasite_knife_diamond: com.google.gson.JsonParseException: Unknown registry key in ResourceKey[minecraft:root / minecraft:item]: farmersknives:cincinnasite_knife_diamond; Map entry 's' : Failed to parse either. First: Not a json array: {"item":"farmersknives:cincinnasite_knife"}; Second: No key tag in MapLike[{"item":"farmersknives:cincinnasite_knife"}]; Unknown registry key in ResourceKey[minecraft:root / minecraft:item]: farmersknives:cincinnasite_knife
[12Apr2026 16:31:42.738] [main/ERROR] [net.minecraft.world.item.crafting.RecipeManager/]: Parsing error loading recipe factory_blocks:mason_table: com.google.gson.JsonParseException: Unknown registry key in ResourceKey[minecraft:root / minecraft:recipe_serializer]: chipped:workbench
[12Apr2026 16:31:42.739] [main/ERROR] [net.minecraft.world.item.crafting.RecipeManager/]: Parsing error loading recipe samurai_dynasty:lamps/deepslate_lamp: com.google.gson.JsonParseException: Map entry 'S' : Failed to parse either. First: Not a json array: {"item":"minecraft:polished_deepslatee_slab"}; Second: No key tag in MapLike[{"item":"minecraft:polished_deepslatee_slab"}]; Unknown registry key in ResourceKey[minecraft:root / minecraft:item]: minecraft:polished_deepslatee_slab
[12Apr2026 16:31:42.743] [main/ERROR] [net.minecraft.world.item.crafting.RecipeManager/]: Parsing error loading recipe farmersknives:emerald_knife: com.google.gson.JsonParseException: Unknown registry key in ResourceKey[minecraft:root / minecraft:item]: farmersknives:emerald_knife
[12Apr2026 16:31:42.751] [main/ERROR] [net.minecraft.world.item.crafting.RecipeManager/]: Parsing error loading recipe farmersknives:gobber_knife: com.google.gson.JsonParseException: Unknown registry key in ResourceKey[minecraft:root / minecraft:item]: farmersknives:gobber_knife; Map entry 'm' : Failed to parse either. First: Not a json array: {"item":"gobber2:gobber2_ingot"}; Second: No key tag in MapLike[{"item":"gobber2:gobber2_ingot"}]; Unknown registry key in ResourceKey[minecraft:root / minecraft:item]: gobber2:gobber2_ingot
[12Apr2026 16:31:42.766] [main/ERROR] [net.minecraft.world.item.crafting.RecipeManager/]: Parsing error loading recipe farmersknives:amethyst_knife: com.google.gson.JsonParseException: Unknown registry key in ResourceKey[minecraft:root / minecraft:item]: farmersknives:amethyst_knife
[12Apr2026 16:31:42.781] [main/ERROR] [net.minecraft.world.item.crafting.RecipeManager/]: Parsing error loading recipe colorful_catalysts:item_application/garnished_buckets/purple_fan_catalyst: com.google.gson.JsonParseException: Failed to parse either. First: Failed to parse either. First: No key tag in MapLike[{"item":"garnished:purple_mastic_resin_bucket"}]; No key fluid in MapLike[{"item":"garnished:purple_mastic_resin_bucket"}]; No key type in MapLike[{"item":"garnished:purple_mastic_resin_bucket"}]; Second: Failed to parse either. First: No key amount in MapLike[{"item":"garnished:purple_mastic_resin_bucket"}]; No key fluid in MapLike[{"item":"garnished:purple_mastic_resin_bucket"}]; No key type in MapLike[{"item":"garnished:purple_mastic_resin_bucket"}]; Second: No key amount in MapLike[{"item":"garnished:purple_mastic_resin_bucket"}]; No key fluid_tag in MapLike[{"item":"garnished:purple_mastic_resin_bucket"}]; No key type in MapLike[{"item":"garnished:purple_mastic_resin_bucket"}]; Second: Failed to parse either. First: Not a json array: {"item":"garnished:purple_mastic_resin_bucket"}; Second: No key tag in MapLike[{"item":"garnished:purple_mastic_resin_bucket"}]; Unknown registry key in ResourceKey[minecraft:root / minecraft:item]: garnished:purple_mastic_resin_bucket
[12Apr2026 16:31:42.782] [main/ERROR] [net.minecraft.world.item.crafting.RecipeManager/]: Parsing error loading recipe minecraft:yellow_concrete_powder: com.google.gson.JsonParseException: Input does not contain a key [type]: MapLike[{}]
[12Apr2026 16:31:42.791] [main/ERROR] [net.minecraft.world.item.crafting.RecipeManager/]: Parsing error loading recipe farmersknives:osmium_knife: com.google.gson.JsonParseException: Unknown registry key in ResourceKey[minecraft:root / minecraft:item]: farmersknives:osmium_knife; Map entry 'm' : Failed to parse either. First: Not a json array: {"item":"mythicmetals:osmium_ingot"}; Second: No key tag in MapLike[{"item":"mythicmetals:osmium_ingot"}]; Unknown registry key in ResourceKey[minecraft:root / minecraft:item]: mythicmetals:osmium_ingot
[12Apr2026 16:31:42.791] [main/ERROR] [net.minecraft.world.item.crafting.RecipeManager/]: Parsing error loading recipe farmersknives:tidesinger_knife: com.google.gson.JsonParseException: Unknown registry key in ResourceKey[minecraft:root / minecraft:item]: farmersknives:tidesinger_knife; Failed to parse either. First: Not a json array: {"item":"farmersknives:aquarium_knife"}; Second: No key tag in MapLike[{"item":"farmersknives:aquarium_knife"}]; Unknown registry key in ResourceKey[minecraft:root / minecraft:item]: farmersknives:aquarium_knife; Failed to parse either. First: Not a json array: {"item":"mythicmetals:tidesinger_smithing_template"}; Second: No key tag in MapLike[{"item":"mythicmetals:tidesinger_smithing_template"}]; Unknown registry key in ResourceKey[minecraft:root / minecraft:item]: mythicmetals:tidesinger_smithing_template
[12Apr2026 16:31:42.795] [main/ERROR] [net.minecraft.world.item.crafting.RecipeManager/]: Parsing error loading recipe minecraft:gray_concrete_powder: com.google.gson.JsonParseException: Input does not contain a key [type]: MapLike[{}]
[12Apr2026 16:31:42.803] [main/ERROR] [net.minecraft.world.item.crafting.RecipeManager/]: Parsing error loading recipe security_create:retinal_scanner_recipe: com.google.gson.JsonParseException: Unknown registry key in ResourceKey[minecraft:root / minecraft:item]: secruitycraft:retinal_scanner
[12Apr2026 16:31:42.804] [main/ERROR] [net.minecraft.world.item.crafting.RecipeManager/]: Parsing error loading recipe farmersknives:terminite_knife: com.google.gson.JsonParseException: Unknown registry key in ResourceKey[minecraft:root / minecraft:item]: farmersknives:terminite_knife; Map entry 'm' : Failed to parse either. First: Not a json array: {"item":"betterend:terminite_ingot"}; Second: No key tag in MapLike[{"item":"betterend:terminite_ingot"}]; Unknown registry key in ResourceKey[minecraft:root / minecraft:item]: betterend:terminite_ingot
[12Apr2026 16:31:42.806] [main/ERROR] [net.minecraft.world.item.crafting.RecipeManager/]: Parsing error loading recipe farmersknives:knightmetal_knife: com.google.gson.JsonParseException: Unknown registry key in ResourceKey[minecraft:root / minecraft:item]: farmersknives:knightmetal_knife; Map entry 'm' : Failed to parse either. First: Not a json array: {"item":"twilightforest:knightmetal_ingot"}; Second: No key tag in MapLike[{"item":"twilightforest:knightmetal_ingot"}]; Unknown registry key in ResourceKey[minecraft:root / minecraft:item]: twilightforest:knightmetal_ingot
[12Apr2026 16:31:42.809] [main/ERROR] [net.minecraft.world.item.crafting.RecipeManager/]: Parsing error loading recipe minecraft:light_blue_concrete_powder: com.google.gson.JsonParseException: Input does not contain a key [type]: MapLike[{}]
[12Apr2026 16:31:42.811] [main/ERROR] [net.minecraft.world.item.crafting.RecipeManager/]: Parsing error loading recipe minecraft:pink_concrete_powder: com.google.gson.JsonParseException: Input does not contain a key [type]: MapLike[{}]
[12Apr2026 16:31:42.812] [main/ERROR] [net.minecraft.world.item.crafting.RecipeManager/]: Parsing error loading recipe farmersknives:warden_knife: com.google.gson.JsonParseException: Unknown registry key in ResourceKey[minecraft:root / minecraft:item]: farmersknives:warden_knife; Failed to parse either. First: Not a json array: {"item":"deeperdarker:reinforced_echo_shard"}; Second: No key tag in MapLike[{"item":"deeperdarker:reinforced_echo_shard"}]; Unknown registry key in ResourceKey[minecraft:root / minecraft:item]: deeperdarker:reinforced_echo_shard
[12Apr2026 16:31:42.820] [main/ERROR] [net.minecraft.world.item.crafting.RecipeManager/]: Parsing error loading recipe farmersknives:runite_knife: com.google.gson.JsonParseException: Unknown registry key in ResourceKey[minecraft:root / minecraft:item]: farmersknives:runite_knife; Map entry 'm' : Failed to parse either. First: Not a json array: {"item":"mythicmetals:runite_ingot"}; Second: No key tag in MapLike[{"item":"mythicmetals:runite_ingot"}]; Unknown registry key in ResourceKey[minecraft:root / minecraft:item]: mythicmetals:runite_ingot
[12Apr2026 16:31:42.826] [main/ERROR] [net.minecraft.world.item.crafting.RecipeManager/]: Parsing error loading recipe farmersknives:banglum_knife: com.google.gson.JsonParseException: Unknown registry key in ResourceKey[minecraft:root / minecraft:item]: farmersknives:banglum_knife; Map entry 'm' : Failed to parse either. First: Not a json array: {"item":"mythicmetals:banglum_ingot"}; Second: No key tag in MapLike[{"item":"mythicmetals:banglum_ingot"}]; Unknown registry key in ResourceKey[minecraft:root / minecraft:item]: mythicmetals:banglum_ingot
[12Apr2026 16:31:42.832] [main/ERROR] [net.minecraft.world.item.crafting.RecipeManager/]: Parsing error loading recipe farmersknives:aeternium_knife: com.google.gson.JsonParseException: Unknown registry key in ResourceKey[minecraft:root / minecraft:item]: farmersknives:aeternium_knife; Map entry 'm' : Failed to parse either. First: Not a json array: {"item":"betterend:aeternium_ingot"}; Second: No key tag in MapLike[{"item":"betterend:aeternium_ingot"}]; Unknown registry key in ResourceKey[minecraft:root / minecraft:item]: betterend:aeternium_ingot
[12Apr2026 16:31:42.835] [main/ERROR] [net.minecraft.world.item.crafting.RecipeManager/]: Parsing error loading recipe farmersknives:cincinnasite_knife: com.google.gson.JsonParseException: Unknown registry key in ResourceKey[minecraft:root / minecraft:item]: farmersknives:cincinnasite_knife; Map entry 'm' : Failed to parse either. First: Not a json array: {"item":"betternether:cincinnasite_ingot"}; Second: No key tag in MapLike[{"item":"betternether:cincinnasite_ingot"}]; Unknown registry key in ResourceKey[minecraft:root / minecraft:item]: betternether:cincinnasite_ingot
[12Apr2026 16:31:42.842] [main/ERROR] [net.minecraft.world.item.crafting.RecipeManager/]: Parsing error loading recipe farmersknives:ruby_knife: com.google.gson.JsonParseException: Unknown registry key in ResourceKey[minecraft:root / minecraft:item]: farmersknives:ruby_knife
[12Apr2026 16:31:42.843] [main/ERROR] [net.minecraft.world.item.crafting.RecipeManager/]: Parsing error loading recipe colorful_catalysts:item_application/garnished_buckets/pink_fan_catalyst: com.google.gson.JsonParseException: Failed to parse either. First: Failed to parse either. First: No key tag in MapLike[{"item":"garnished:pink_mastic_resin_bucket"}]; No key fluid in MapLike[{"item":"garnished:pink_mastic_resin_bucket"}]; No key type in MapLike[{"item":"garnished:pink_mastic_resin_bucket"}]; Second: Failed to parse either. First: No key amount in MapLike[{"item":"garnished:pink_mastic_resin_bucket"}]; No key fluid in MapLike[{"item":"garnished:pink_mastic_resin_bucket"}]; No key type in MapLike[{"item":"garnished:pink_mastic_resin_bucket"}]; Second: No key amount in MapLike[{"item":"garnished:pink_mastic_resin_bucket"}]; No key fluid_tag in MapLike[{"item":"garnished:pink_mastic_resin_bucket"}]; No key type in MapLike[{"item":"garnished:pink_mastic_resin_bucket"}]; Second: Failed to parse either. First: Not a json array: {"item":"garnished:pink_mastic_resin_bucket"}; Second: No key tag in MapLike[{"item":"garnished:pink_mastic_resin_bucket"}]; Unknown registry key in ResourceKey[minecraft:root / minecraft:item]: garnished:pink_mastic_resin_bucket
[12Apr2026 16:31:42.849] [main/ERROR] [net.minecraft.world.item.crafting.RecipeManager/]: Parsing error loading recipe tmted:fermenter/rotten_tomato: com.google.gson.JsonParseException: Failed to parse either. First: No key count in MapLike[{"id":"farmersdelight:rotten_tomato"}]; No key basePredicate in MapLike[{"id":"farmersdelight:rotten_tomato"}]; Second: Failed to parse either. First: Not a json array: {"id":"farmersdelight:rotten_tomato"}; Second: No key tag in MapLike[{"id":"farmersdelight:rotten_tomato"}]; No key item in MapLike[{"id":"farmersdelight:rotten_tomato"}]
[12Apr2026 16:31:42.850] [main/ERROR] [net.minecraft.world.item.crafting.RecipeManager/]: Parsing error loading recipe createdieselgenerators:compat/immersiveengineering/herbicide: com.google.gson.JsonParseException: Failed to parse either. First: Failed to parse either. First: Unknown registry key in ResourceKey[minecraft:root / neoforge:fluid_ingredient_type]: minecraft:fluid_tag; Unknown registry key in ResourceKey[minecraft:root / neoforge:fluid_ingredient_type]: minecraft:fluid_tag; Second: Failed to parse either. First: No key fluid in MapLike[{"type":"fluid_tag","fluidTag":"c:ethanol","amount":500}]; Invalid Type: fluid_tag; Second: No key fluid_tag in MapLike[{"type":"fluid_tag","fluidTag":"c:ethanol","amount":500}]; Second: Failed to parse either. First: Not a json array: {"type":"fluid_tag","fluidTag":"c:ethanol","amount":500}; Second: Unknown registry key in ResourceKey[minecraft:root / neoforge:ingredient_serializer]: minecraft:fluid_tag
[12Apr2026 16:31:42.851] [main/ERROR] [net.minecraft.world.item.crafting.RecipeManager/]: Parsing error loading recipe minecraft:magenta_concrete_powder: com.google.gson.JsonParseException: Input does not contain a key [type]: MapLike[{}]
[12Apr2026 16:31:42.856] [main/ERROR] [net.minecraft.world.item.crafting.RecipeManager/]: Parsing error loading recipe colorful_catalysts:item_application/garnished_buckets/gray_fan_catalyst: com.google.gson.JsonParseException: Failed to parse either. First: Failed to parse either. First: No key tag in MapLike[{"item":"garnished:gray_mastic_resin_bucket"}]; No key fluid in MapLike[{"item":"garnished:gray_mastic_resin_bucket"}]; No key type in MapLike[{"item":"garnished:gray_mastic_resin_bucket"}]; Second: Failed to parse either. First: No key amount in MapLike[{"item":"garnished:gray_mastic_resin_bucket"}]; No key fluid in MapLike[{"item":"garnished:gray_mastic_resin_bucket"}]; No key type in MapLike[{"item":"garnished:gray_mastic_resin_bucket"}]; Second: No key amount in MapLike[{"item":"garnished:gray_mastic_resin_bucket"}]; No key fluid_tag in MapLike[{"item":"garnished:gray_mastic_resin_bucket"}]; No key type in MapLike[{"item":"garnished:gray_mastic_resin_bucket"}]; Second: Failed to parse either. First: Not a json array: {"item":"garnished:gray_mastic_resin_bucket"}; Second: No key tag in MapLike[{"item":"garnished:gray_mastic_resin_bucket"}]; Unknown registry key in ResourceKey[minecraft:root / minecraft:item]: garnished:gray_mastic_resin_bucket
[12Apr2026 16:31:42.865] [main/ERROR] [net.minecraft.world.item.crafting.RecipeManager/]: Parsing error loading recipe minecraft:white_concrete_powder: com.google.gson.JsonParseException: Input does not contain a key [type]: MapLike[{}]
[12Apr2026 16:31:42.867] [main/ERROR] [net.minecraft.world.item.crafting.RecipeManager/]: Parsing error loading recipe farmersknives:quadrillum_knife: com.google.gson.JsonParseException: Unknown registry key in ResourceKey[minecraft:root / minecraft:item]: farmersknives:quadrillum_knife; Map entry 'm' : Failed to parse either. First: Not a json array: {"item":"mythicmetals:quadrillum_ingot"}; Second: No key tag in MapLike[{"item":"mythicmetals:quadrillum_ingot"}]; Unknown registry key in ResourceKey[minecraft:root / minecraft:item]: mythicmetals:quadrillum_ingot
[12Apr2026 16:31:42.869] [main/ERROR] [net.minecraft.world.item.crafting.RecipeManager/]: Parsing error loading recipe farmersknives:bronze_knife: com.google.gson.JsonParseException: Unknown registry key in ResourceKey[minecraft:root / minecraft:item]: farmersknives:bronze_knife; Map entry 'm' : Failed to parse either. First: Not a json array: {"item":"mythicmetals:bronze_ingot"}; Second: No key tag in MapLike[{"item":"mythicmetals:bronze_ingot"}]; Unknown registry key in ResourceKey[minecraft:root / minecraft:item]: mythicmetals:bronze_ingot
[12Apr2026 16:31:42.869] [main/ERROR] [net.minecraft.world.item.crafting.RecipeManager/]: Parsing error loading recipe farmersknives:fiery_knife: com.google.gson.JsonParseException: Unknown registry key in ResourceKey[minecraft:root / minecraft:item]: farmersknives:fiery_knife; Map entry 'm' : Failed to parse either. First: Not a json array: {"item":"twilightforest:fiery_ingot"}; Second: No key tag in MapLike[{"item":"twilightforest:fiery_ingot"}]; Unknown registry key in ResourceKey[minecraft:root / minecraft:item]: twilightforest:fiery_ingot
[12Apr2026 16:31:42.877] [main/ERROR] [net.minecraft.world.item.crafting.RecipeManager/]: Parsing error loading recipe farmersknives:steeleaf_knife: com.google.gson.JsonParseException: Unknown registry key in ResourceKey[minecraft:root / minecraft:item]: farmersknives:steeleaf_knife; Map entry 'm' : Failed to parse either. First: Not a json array: {"item":"twilightforest:steeleaf_ingot"}; Second: No key tag in MapLike[{"item":"twilightforest:steeleaf_ingot"}]; Unknown registry key in ResourceKey[minecraft:root / minecraft:item]: twilightforest:steeleaf_ingot
[12Apr2026 16:31:42.877] [main/ERROR] [net.minecraft.world.item.crafting.RecipeManager/]: Parsing error loading recipe minecraft:lime_concrete_powder: com.google.gson.JsonParseException: Input does not contain a key [type]: MapLike[{}]
[12Apr2026 16:31:42.882] [main/ERROR] [net.minecraft.world.item.crafting.RecipeManager/]: Parsing error loading recipe minecraft:orange_concrete_powder: com.google.gson.JsonParseException: Input does not contain a key [type]: MapLike[{}]
[12Apr2026 16:31:42.889] [main/ERROR] [net.minecraft.world.item.crafting.RecipeManager/]: Parsing error loading recipe minecraft:green_concrete_powder: com.google.gson.JsonParseException: Input does not contain a key [type]: MapLike[{}]
[12Apr2026 16:31:42.890] [main/ERROR] [net.minecraft.world.item.crafting.RecipeManager/]: Parsing error loading recipe minecraft:brown_concrete_powder: com.google.gson.JsonParseException: Input does not contain a key [type]: MapLike[{}]
[12Apr2026 16:31:42.901] [main/ERROR] [net.minecraft.world.item.crafting.RecipeManager/]: Parsing error loading recipe minecraft:light_gray_concrete_powder: com.google.gson.JsonParseException: Input does not contain a key [type]: MapLike[{}]
[12Apr2026 16:31:42.901] [main/ERROR] [net.minecraft.world.item.crafting.RecipeManager/]: Parsing error loading recipe farmersknives:prometheum_knife: com.google.gson.JsonParseException: Unknown registry key in ResourceKey[minecraft:root / minecraft:item]: farmersknives:prometheum_knife; Map entry 'm' : Failed to parse either. First: Not a json array: {"item":"mythicmetals:prometheum_ingot"}; Second: No key tag in MapLike[{"item":"mythicmetals:prometheum_ingot"}]; Unknown registry key in ResourceKey[minecraft:root / minecraft:item]: mythicmetals:prometheum_ingot
[12Apr2026 16:31:42.902] [NeoForge Version Check/INFO] [net.neoforged.fml.VersionChecker/]: [appmek] Found status: BETA Current: 1.6.3 Target: null
[12Apr2026 16:31:42.904] [main/ERROR] [net.minecraft.world.item.crafting.RecipeManager/]: Parsing error loading recipe minecraft:cyan_concrete_powder: com.google.gson.JsonParseException: Input does not contain a key [type]: MapLike[{}]
[12Apr2026 16:31:42.907] [main/ERROR] [net.minecraft.world.item.crafting.RecipeManager/]: Parsing error loading recipe farmersknives:carmot_knife: com.google.gson.JsonParseException: Unknown registry key in ResourceKey[minecraft:root / minecraft:item]: farmersknives:carmot_knife; Map entry 'm' : Failed to parse either. First: Not a json array: {"item":"mythicmetals:carmot_ingot"}; Second: No key tag in MapLike[{"item":"mythicmetals:carmot_ingot"}]; Unknown registry key in ResourceKey[minecraft:root / minecraft:item]: mythicmetals:carmot_ingot
[12Apr2026 16:31:42.912] [main/ERROR] [net.minecraft.world.item.crafting.RecipeManager/]: Parsing error loading recipe farmersknives:zinc_knife: com.google.gson.JsonParseException: Unknown registry key in ResourceKey[minecraft:root / minecraft:item]: farmersknives:zinc_knife
[12Apr2026 16:31:42.914] [main/ERROR] [net.minecraft.world.item.crafting.RecipeManager/]: Parsing error loading recipe colorful_catalysts:item_application/garnished_buckets/light_gray_fan_catalyst: com.google.gson.JsonParseException: Failed to parse either. First: Failed to parse either. First: No key tag in MapLike[{"item":"garnished:light_gray_mastic_resin_bucket"}]; No key fluid in MapLike[{"item":"garnished:light_gray_mastic_resin_bucket"}]; No key type in MapLike[{"item":"garnished:light_gray_mastic_resin_bucket"}]; Second: Failed to parse either. First: No key amount in MapLike[{"item":"garnished:light_gray_mastic_resin_bucket"}]; No key fluid in MapLike[{"item":"garnished:light_gray_mastic_resin_bucket"}]; No key type in MapLike[{"item":"garnished:light_gray_mastic_resin_bucket"}]; Second: No key amount in MapLike[{"item":"garnished:light_gray_mastic_resin_bucket"}]; No key fluid_tag in MapLike[{"item":"garnished:light_gray_mastic_resin_bucket"}]; No key type in MapLike[{"item":"garnished:light_gray_mastic_resin_bucket"}]; Second: Failed to parse either. First: Not a json array: {"item":"garnished:light_gray_mastic_resin_bucket"}; Second: No key tag in MapLike[{"item":"garnished:light_gray_mastic_resin_bucket"}]; Unknown registry key in ResourceKey[minecraft:root / minecraft:item]: garnished:light_gray_mastic_resin_bucket
[12Apr2026 16:31:42.919] [main/ERROR] [net.minecraft.world.item.crafting.RecipeManager/]: Parsing error loading recipe farmersknives:dragon_knife: com.google.gson.JsonParseException: Unknown registry key in ResourceKey[minecraft:root / minecraft:item]: farmersknives:dragon_knife; Failed to parse either. First: Not a json array: {"item":"dragonloot:dragon_scale"}; Second: No key tag in MapLike[{"item":"dragonloot:dragon_scale"}]; Unknown registry key in ResourceKey[minecraft:root / minecraft:item]: dragonloot:dragon_scale
[12Apr2026 16:31:42.920] [main/ERROR] [net.minecraft.world.item.crafting.RecipeManager/]: Parsing error loading recipe farmersknives:metallurgium_knife: com.google.gson.JsonParseException: Unknown registry key in ResourceKey[minecraft:root / minecraft:item]: farmersknives:metallurgium_knife; Failed to parse either. First: Not a json array: {"item":"mythicmetals:metallurgium_ingot"}; Second: No key tag in MapLike[{"item":"mythicmetals:metallurgium_ingot"}]; Unknown registry key in ResourceKey[minecraft:root / minecraft:item]: mythicmetals:metallurgium_ingot; Failed to parse either. First: Not a json array: {"item":"mythicmetals:unobtainium_smithing_template"}; Second: No key tag in MapLike[{"item":"mythicmetals:unobtainium_smithing_template"}]; Unknown registry key in ResourceKey[minecraft:root / minecraft:item]: mythicmetals:unobtainium_smithing_template
[12Apr2026 16:31:42.922] [main/ERROR] [net.minecraft.world.item.crafting.RecipeManager/]: Parsing error loading recipe productivebees:centrifuge/modularbees/honeycomb_imperial: com.google.gson.JsonParseException: Failed to parse either. First: Not a json array: {"item":"modularbees:honey_jelly"}; Second: No key tag in MapLike[{"item":"modularbees:honey_jelly"}]; Unknown registry key in ResourceKey[minecraft:root / minecraft:item]: modularbees:honey_jelly
[12Apr2026 16:31:42.928] [main/ERROR] [net.minecraft.world.item.crafting.RecipeManager/]: Parsing error loading recipe minecraft:red_concrete_powder: com.google.gson.JsonParseException: Input does not contain a key [type]: MapLike[{}]
[12Apr2026 16:31:42.929] [main/ERROR] [net.minecraft.world.item.crafting.RecipeManager/]: Parsing error loading recipe farmersknives:nether_gobber_knife: com.google.gson.JsonParseException: Unknown registry key in ResourceKey[minecraft:root / minecraft:item]: farmersknives:nether_gobber_knife; Map entry 'm' : Failed to parse either. First: Not a json array: {"item":"gobber2:gobber2_ingot_nether"}; Second: No key tag in MapLike[{"item":"gobber2:gobber2_ingot_nether"}]; Unknown registry key in ResourceKey[minecraft:root / minecraft:item]: gobber2:gobber2_ingot_nether
[12Apr2026 16:31:42.938] [main/ERROR] [net.minecraft.world.item.crafting.RecipeManager/]: Parsing error loading recipe farmersknives:ironwood_knife: com.google.gson.JsonParseException: Unknown registry key in ResourceKey[minecraft:root / minecraft:item]: farmersknives:ironwood_knife; Map entry 'm' : Failed to parse either. First: Not a json array: {"item":"twilightforest:ironwood_ingot"}; Second: No key tag in MapLike[{"item":"twilightforest:ironwood_ingot"}]; Unknown registry key in ResourceKey[minecraft:root / minecraft:item]: twilightforest:ironwood_ingot
[12Apr2026 16:31:42.942] [main/ERROR] [net.minecraft.world.item.crafting.RecipeManager/]: Parsing error loading recipe colorful_catalysts:item_application/garnished_buckets/white_fan_catalyst: com.google.gson.JsonParseException: Failed to parse either. First: Failed to parse either. First: No key tag in MapLike[{"item":"garnished:white_mastic_resin_bucket"}]; No key fluid in MapLike[{"item":"garnished:white_mastic_resin_bucket"}]; No key type in MapLike[{"item":"garnished:white_mastic_resin_bucket"}]; Second: Failed to parse either. First: No key amount in MapLike[{"item":"garnished:white_mastic_resin_bucket"}]; No key fluid in MapLike[{"item":"garnished:white_mastic_resin_bucket"}]; No key type in MapLike[{"item":"garnished:white_mastic_resin_bucket"}]; Second: No key amount in MapLike[{"item":"garnished:white_mastic_resin_bucket"}]; No key fluid_tag in MapLike[{"item":"garnished:white_mastic_resin_bucket"}]; No key type in MapLike[{"item":"garnished:white_mastic_resin_bucket"}]; Second: Failed to parse either. First: Not a json array: {"item":"garnished:white_mastic_resin_bucket"}; Second: No key tag in MapLike[{"item":"garnished:white_mastic_resin_bucket"}]; Unknown registry key in ResourceKey[minecraft:root / minecraft:item]: garnished:white_mastic_resin_bucket
[12Apr2026 16:31:42.947] [main/ERROR] [net.minecraft.world.item.crafting.RecipeManager/]: Parsing error loading recipe colorful_catalysts:item_application/garnished_buckets/yellow_fan_catalyst: com.google.gson.JsonParseException: Failed to parse either. First: Failed to parse either. First: No key tag in MapLike[{"item":"garnished:yellow_mastic_resin_bucket"}]; No key fluid in MapLike[{"item":"garnished:yellow_mastic_resin_bucket"}]; No key type in MapLike[{"item":"garnished:yellow_mastic_resin_bucket"}]; Second: Failed to parse either. First: No key amount in MapLike[{"item":"garnished:yellow_mastic_resin_bucket"}]; No key fluid in MapLike[{"item":"garnished:yellow_mastic_resin_bucket"}]; No key type in MapLike[{"item":"garnished:yellow_mastic_resin_bucket"}]; Second: No key amount in MapLike[{"item":"garnished:yellow_mastic_resin_bucket"}]; No key fluid_tag in MapLike[{"item":"garnished:yellow_mastic_resin_bucket"}]; No key type in MapLike[{"item":"garnished:yellow_mastic_resin_bucket"}]; Second: Failed to parse either. First: Not a json array: {"item":"garnished:yellow_mastic_resin_bucket"}; Second: No key tag in MapLike[{"item":"garnished:yellow_mastic_resin_bucket"}]; Unknown registry key in ResourceKey[minecraft:root / minecraft:item]: garnished:yellow_mastic_resin_bucket
[12Apr2026 16:31:42.948] [main/ERROR] [net.minecraft.world.item.crafting.RecipeManager/]: Parsing error loading recipe create_things_and_misc:copper_scaffolding_craft: com.google.gson.JsonParseException: Unknown registry key in ResourceKey[minecraft:root / minecraft:item]: create_things_and_misc:deleted_mod_element
[12Apr2026 16:31:42.951] [main/ERROR] [net.minecraft.world.item.crafting.RecipeManager/]: Parsing error loading recipe colorful_catalysts:item_application/garnished_buckets/brown_fan_catalyst: com.google.gson.JsonParseException: Failed to parse either. First: Failed to parse either. First: No key tag in MapLike[{"item":"garnished:brown_mastic_resin_bucket"}]; No key fluid in MapLike[{"item":"garnished:brown_mastic_resin_bucket"}]; No key type in MapLike[{"item":"garnished:brown_mastic_resin_bucket"}]; Second: Failed to parse either. First: No key amount in MapLike[{"item":"garnished:brown_mastic_resin_bucket"}]; No key fluid in MapLike[{"item":"garnished:brown_mastic_resin_bucket"}]; No key type in MapLike[{"item":"garnished:brown_mastic_resin_bucket"}]; Second: No key amount in MapLike[{"item":"garnished:brown_mastic_resin_bucket"}]; No key fluid_tag in MapLike[{"item":"garnished:brown_mastic_resin_bucket"}]; No key type in MapLike[{"item":"garnished:brown_mastic_resin_bucket"}]; Second: Failed to parse either. First: Not a json array: {"item":"garnished:brown_mastic_resin_bucket"}; Second: No key tag in MapLike[{"item":"garnished:brown_mastic_resin_bucket"}]; Unknown registry key in ResourceKey[minecraft:root / minecraft:item]: garnished:brown_mastic_resin_bucket
[12Apr2026 16:31:42.951] [main/ERROR] [net.minecraft.world.item.crafting.RecipeManager/]: Parsing error loading recipe farmersknives:durasteel_knife: com.google.gson.JsonParseException: Unknown registry key in ResourceKey[minecraft:root / minecraft:item]: farmersknives:durasteel_knife; Map entry 'm' : Failed to parse either. First: Not a json array: {"item":"mythicmetals:durasteel_ingot"}; Second: No key tag in MapLike[{"item":"mythicmetals:durasteel_ingot"}]; Unknown registry key in ResourceKey[minecraft:root / minecraft:item]: mythicmetals:durasteel_ingot
[12Apr2026 16:31:42.952] [main/ERROR] [net.minecraft.world.item.crafting.RecipeManager/]: Parsing error loading recipe minecraft:blue_concrete_powder: com.google.gson.JsonParseException: Input does not contain a key [type]: MapLike[{}]
[12Apr2026 16:31:42.954] [main/ERROR] [net.minecraft.world.item.crafting.RecipeManager/]: Parsing error loading recipe farmersknives:enderite_knife: com.google.gson.JsonParseException: Unknown registry key in ResourceKey[minecraft:root / minecraft:item]: farmersknives:enderite_knife; Failed to parse either. First: Not a json array: {"item":"enderitemod:enderite_ingot"}; Second: No key tag in MapLike[{"item":"enderitemod:enderite_ingot"}]; Unknown registry key in ResourceKey[minecraft:root / minecraft:item]: enderitemod:enderite_ingot; Failed to parse either. First: Not a json array: {"item":"enderitemod:enderite_upgrade_smithing_template"}; Second: No key tag in MapLike[{"item":"enderitemod:enderite_upgrade_smithing_template"}]; Unknown registry key in ResourceKey[minecraft:root / minecraft:item]: enderitemod:enderite_upgrade_smithing_template
[12Apr2026 16:31:42.975] [main/ERROR] [net.minecraft.world.item.crafting.RecipeManager/]: Parsing error loading recipe colorful_catalysts:item_application/garnished_buckets/green_fan_catalyst: com.google.gson.JsonParseException: Failed to parse either. First: Failed to parse either. First: No key tag in MapLike[{"item":"garnished:green_mastic_resin_bucket"}]; No key fluid in MapLike[{"item":"garnished:green_mastic_resin_bucket"}]; No key type in MapLike[{"item":"garnished:green_mastic_resin_bucket"}]; Second: Failed to parse either. First: No key amount in MapLike[{"item":"garnished:green_mastic_resin_bucket"}]; No key fluid in MapLike[{"item":"garnished:green_mastic_resin_bucket"}]; No key type in MapLike[{"item":"garnished:green_mastic_resin_bucket"}]; Second: No key amount in MapLike[{"item":"garnished:green_mastic_resin_bucket"}]; No key fluid_tag in MapLike[{"item":"garnished:green_mastic_resin_bucket"}]; No key type in MapLike[{"item":"garnished:green_mastic_resin_bucket"}]; Second: Failed to parse either. First: Not a json array: {"item":"garnished:green_mastic_resin_bucket"}; Second: No key tag in MapLike[{"item":"garnished:green_mastic_resin_bucket"}]; Unknown registry key in ResourceKey[minecraft:root / minecraft:item]: garnished:green_mastic_resin_bucket
[12Apr2026 16:31:42.976] [main/ERROR] [net.minecraft.world.item.crafting.RecipeManager/]: Parsing error loading recipe farmersknives:stormyx_knife: com.google.gson.JsonParseException: Unknown registry key in ResourceKey[minecraft:root / minecraft:item]: farmersknives:stormyx_knife; Map entry 'm' : Failed to parse either. First: Not a json array: {"item":"mythicmetals:stormyx_ingot"}; Second: No key tag in MapLike[{"item":"mythicmetals:stormyx_ingot"}]; Unknown registry key in ResourceKey[minecraft:root / minecraft:item]: mythicmetals:stormyx_ingot
[12Apr2026 16:31:42.979] [main/ERROR] [net.minecraft.world.item.crafting.RecipeManager/]: Parsing error loading recipe farmersknives:copper_knife_mm: com.google.gson.JsonParseException: Unknown registry key in ResourceKey[minecraft:root / minecraft:item]: farmersknives:copper_knife_mm
[12Apr2026 16:31:42.980] [main/ERROR] [net.minecraft.world.item.crafting.RecipeManager/]: Parsing error loading recipe colorful_catalysts:item_application/garnished_buckets/magenta_fan_catalyst: com.google.gson.JsonParseException: Failed to parse either. First: Failed to parse either. First: No key tag in MapLike[{"item":"garnished:magenta_mastic_resin_bucket"}]; No key fluid in MapLike[{"item":"garnished:magenta_mastic_resin_bucket"}]; No key type in MapLike[{"item":"garnished:magenta_mastic_resin_bucket"}]; Second: Failed to parse either. First: No key amount in MapLike[{"item":"garnished:magenta_mastic_resin_bucket"}]; No key fluid in MapLike[{"item":"garnished:magenta_mastic_resin_bucket"}]; No key type in MapLike[{"item":"garnished:magenta_mastic_resin_bucket"}]; Second: No key amount in MapLike[{"item":"garnished:magenta_mastic_resin_bucket"}]; No key fluid_tag in MapLike[{"item":"garnished:magenta_mastic_resin_bucket"}]; No key type in MapLike[{"item":"garnished:magenta_mastic_resin_bucket"}]; Second: Failed to parse either. First: Not a json array: {"item":"garnished:magenta_mastic_resin_bucket"}; Second: No key tag in MapLike[{"item":"garnished:magenta_mastic_resin_bucket"}]; Unknown registry key in ResourceKey[minecraft:root / minecraft:item]: garnished:magenta_mastic_resin_bucket
[12Apr2026 16:31:42.980] [main/ERROR] [net.minecraft.world.item.crafting.RecipeManager/]: Parsing error loading recipe farmersknives:copper_knife_et: com.google.gson.JsonParseException: Unknown registry key in ResourceKey[minecraft:root / minecraft:item]: farmersknives:copper_knife_et
[12Apr2026 16:31:42.982] [main/ERROR] [net.minecraft.world.item.crafting.RecipeManager/]: Parsing error loading recipe farmersknives:brass_knife: com.google.gson.JsonParseException: Unknown registry key in ResourceKey[minecraft:root / minecraft:item]: farmersknives:brass_knife
[12Apr2026 16:31:42.991] [main/ERROR] [net.minecraft.world.item.crafting.RecipeManager/]: Parsing error loading recipe farmersknives:palladium_knife: com.google.gson.JsonParseException: Unknown registry key in ResourceKey[minecraft:root / minecraft:item]: farmersknives:palladium_knife; Map entry 'm' : Failed to parse either. First: Not a json array: {"item":"mythicmetals:palladium_ingot"}; Second: No key tag in MapLike[{"item":"mythicmetals:palladium_ingot"}]; Unknown registry key in ResourceKey[minecraft:root / minecraft:item]: mythicmetals:palladium_ingot
[12Apr2026 16:31:42.992] [main/ERROR] [net.minecraft.world.item.crafting.RecipeManager/]: Parsing error loading recipe farmersknives:netherite_emerald_knife: com.google.gson.JsonParseException: Unknown registry key in ResourceKey[minecraft:root / minecraft:item]: farmersknives:netherite_emerald_knife; Failed to parse either. First: Not a json array: {"item":"advancednetherite:netherite_emerald_ingot"}; Second: No key tag in MapLike[{"item":"advancednetherite:netherite_emerald_ingot"}]; Unknown registry key in ResourceKey[minecraft:root / minecraft:item]: advancednetherite:netherite_emerald_ingot; Failed to parse either. First: Not a json array: {"item":"farmersknives:netherite_gold_knife"}; Second: No key tag in MapLike[{"item":"farmersknives:netherite_gold_knife"}]; Unknown registry key in ResourceKey[minecraft:root / minecraft:item]: farmersknives:netherite_gold_knife
[12Apr2026 16:31:42.998] [main/INFO] [net.minecraft.world.item.crafting.RecipeManager/]: Loaded 24139 recipes
[12Apr2026 16:31:43.464] [main/INFO] [quark/]: [Automatic Recipe Unlock] Removed 11316 recipe advancements
[12Apr2026 16:31:43.484] [main/INFO] [net.minecraft.advancements.AdvancementTree/]: Loaded 12466 advancements
[12Apr2026 16:31:43.491] [main/WARN] [net.neoforged.neoforge.common.loot.LootModifierManager/]: Could not decode GlobalLootModifier with json id minersdelight:scavenging_cooked_bat_wing_knifeless - error: Unknown registry key in ResourceKey[minecraft:root / minecraft:item]: minersdelight:baked_bat_wing
[12Apr2026 16:31:43.492] [main/WARN] [net.neoforged.neoforge.common.loot.LootModifierManager/]: Could not decode GlobalLootModifier with json id minersdelight:breaking_infested_blocks - error: Failed to parse either. First: Unknown registry key in ResourceKey[minecraft:root / minecraft:loot_condition_type]: neoforge:can_tool_perform_action; Second: Not a json array: {"condition":"neoforge:can_tool_perform_action","action":"pickaxe_dig"}
[12Apr2026 16:31:43.507] [main/INFO] [Curios API/]: Loaded 15 curio slots
[12Apr2026 16:31:43.510] [main/INFO] [Curios API/]: Loaded 1 curio entities
[12Apr2026 16:31:43.511] [main/INFO] [DragonLib/]: NOT FOUND
[12Apr2026 16:31:43.516] [main/INFO] [Supplementaries/]: Loaded 29 flute songs
[12Apr2026 16:31:43.564] [main/INFO] [com.drmangotea.tfmg.TFMG/]: Added 8 Engine Fuel Types
[12Apr2026 16:31:43.593] [main/INFO] [Moonlight/]: Applied 17 data villager trades
[12Apr2026 16:31:43.596] [main/INFO] [Moonlight/]: Failed to load custom color set definition {"id":"quark:rune","colors":{"default":"quark:blank_rune"},"replace":false}. Ignoring
[12Apr2026 16:31:43.598] [main/INFO] [minecolonies/]: Beginning load of custom recipes for colony workers
[12Apr2026 16:31:43.609] [main/INFO] [minecolonies/]: Loaded 162 recipes for 16 crafters
[12Apr2026 16:31:43.609] [main/INFO] [minecolonies/]: Research loading...
[12Apr2026 16:31:43.617] [main/INFO] [minecolonies/]: Research loaded. Located 4 branches, 206 researches and 101 effects.
[12Apr2026 16:31:43.619] [main/INFO] [minecolonies/]: Loading quests from data
[12Apr2026 16:31:43.624] [main/INFO] [minecolonies/]: Finished loading quests from data
[12Apr2026 16:31:43.625] [main/WARN] [minecolonies/]: Read 1633 items with their nbt keys for compatibility.
[12Apr2026 16:31:43.625] [main/INFO] [minecolonies/]: [Study items Loader]: Starting reload...
[12Apr2026 16:31:43.626] [main/INFO] [minecolonies/]: [Study items Loader]: Finished reloading. 2 entries created.
[12Apr2026 16:31:43.628] [main/INFO] [quark-zeta/]: Modified advancement minecraft:husbandry/balanced_diet with 2 patches
[12Apr2026 16:31:43.628] [main/INFO] [quark-zeta/]: Modified advancement minecraft:husbandry/wax_on with 2 patches
[12Apr2026 16:31:43.629] [main/INFO] [quark-zeta/]: Modified advancement minecraft:nether/all_effects with 1 patches
[12Apr2026 16:31:43.630] [main/INFO] [quark-zeta/]: Modified advancement minecraft:adventure/kill_a_mob with 3 patches
[12Apr2026 16:31:43.630] [main/INFO] [quark-zeta/]: Modified advancement minecraft:husbandry/wax_off with 2 patches
[12Apr2026 16:31:43.630] [main/INFO] [quark-zeta/]: Modified advancement minecraft:husbandry/bred_all_animals with 3 patches
[12Apr2026 16:31:43.630] [main/INFO] [quark-zeta/]: Modified advancement minecraft:adventure/kill_all_mobs with 3 patches
[12Apr2026 16:31:43.630] [main/INFO] [quark-zeta/]: Modified advancement minecraft:adventure/adventuring_time with 1 patches
[12Apr2026 16:31:43.630] [main/INFO] [quark-zeta/]: Modified advancement minecraft:nether/all_potions with 1 patches
[12Apr2026 16:31:43.748] [main/ERROR] [net.neoforged.neoforge.registries.DataMapLoader/]: Object with ID undergarden:coarse_deepsoil specified in data map for registry minecraft:block doesn't exist
[12Apr2026 16:31:43.748] [main/ERROR] [net.neoforged.neoforge.registries.DataMapLoader/]: Object with ID undergarden:deepsoil specified in data map for registry minecraft:block doesn't exist
[12Apr2026 16:31:43.748] [main/ERROR] [net.neoforged.neoforge.registries.DataMapLoader/]: Object with ID undergarden:deepsoil_farmland specified in data map for registry minecraft:block doesn't exist
[12Apr2026 16:31:43.749] [main/ERROR] [net.neoforged.neoforge.registries.DataMapLoader/]: Object with ID deeperdarker:echo_soil specified in data map for registry minecraft:block doesn't exist
[12Apr2026 16:31:43.901] [main/ERROR] [net.neoforged.neoforge.registries.DataMapLoader/]: Object with ID vanillabackport:pale_oak_sapling specified in data map for registry minecraft:item doesn't exist
[12Apr2026 16:31:43.901] [main/ERROR] [net.neoforged.neoforge.registries.DataMapLoader/]: Object with ID undergarden:blood_mushroom specified in data map for registry minecraft:item doesn't exist
[12Apr2026 16:31:43.901] [main/ERROR] [net.neoforged.neoforge.registries.DataMapLoader/]: Object with ID undergarden:grongle_sapling specified in data map for registry minecraft:item doesn't exist
[12Apr2026 16:31:43.901] [main/ERROR] [net.neoforged.neoforge.registries.DataMapLoader/]: Object with ID undergarden:indigo_mushroom specified in data map for registry minecraft:item doesn't exist
[12Apr2026 16:31:43.901] [main/ERROR] [net.neoforged.neoforge.registries.DataMapLoader/]: Object with ID undergarden:ink_mushroom specified in data map for registry minecraft:item doesn't exist
[12Apr2026 16:31:43.901] [main/ERROR] [net.neoforged.neoforge.registries.DataMapLoader/]: Object with ID undergarden:puff_mushroom specified in data map for registry minecraft:item doesn't exist
[12Apr2026 16:31:43.901] [main/ERROR] [net.neoforged.neoforge.registries.DataMapLoader/]: Object with ID undergarden:smogstem_sapling specified in data map for registry minecraft:item doesn't exist
[12Apr2026 16:31:43.901] [main/ERROR] [net.neoforged.neoforge.registries.DataMapLoader/]: Object with ID undergarden:veil_mushroom specified in data map for registry minecraft:item doesn't exist
[12Apr2026 16:31:43.901] [main/ERROR] [net.neoforged.neoforge.registries.DataMapLoader/]: Object with ID undergarden:wigglewood_sapling specified in data map for registry minecraft:item doesn't exist
[12Apr2026 16:31:43.901] [main/ERROR] [net.neoforged.neoforge.registries.DataMapLoader/]: Object with ID twilightforest:canopy_sapling specified in data map for registry minecraft:item doesn't exist
[12Apr2026 16:31:43.901] [main/ERROR] [net.neoforged.neoforge.registries.DataMapLoader/]: Object with ID twilightforest:darkwood_sapling specified in data map for registry minecraft:item doesn't exist
[12Apr2026 16:31:43.901] [main/ERROR] [net.neoforged.neoforge.registries.DataMapLoader/]: Object with ID twilightforest:mangrove_sapling specified in data map for registry minecraft:item doesn't exist
[12Apr2026 16:31:43.901] [main/ERROR] [net.neoforged.neoforge.registries.DataMapLoader/]: Object with ID twilightforest:mining_sapling specified in data map for registry minecraft:item doesn't exist
[12Apr2026 16:31:43.901] [main/ERROR] [net.neoforged.neoforge.registries.DataMapLoader/]: Object with ID twilightforest:mushgloom specified in data map for registry minecraft:item doesn't exist
[12Apr2026 16:31:43.901] [main/ERROR] [net.neoforged.neoforge.registries.DataMapLoader/]: Object with ID twilightforest:rainbow_oak_sapling specified in data map for registry minecraft:item doesn't exist
[12Apr2026 16:31:43.902] [main/ERROR] [net.neoforged.neoforge.registries.DataMapLoader/]: Object with ID twilightforest:sorting_sapling specified in data map for registry minecraft:item doesn't exist
[12Apr2026 16:31:43.902] [main/ERROR] [net.neoforged.neoforge.registries.DataMapLoader/]: Object with ID twilightforest:time_sapling specified in data map for registry minecraft:item doesn't exist
[12Apr2026 16:31:43.902] [main/ERROR] [net.neoforged.neoforge.registries.DataMapLoader/]: Object with ID twilightforest:transformation_sapling specified in data map for registry minecraft:item doesn't exist
[12Apr2026 16:31:43.902] [main/ERROR] [net.neoforged.neoforge.registries.DataMapLoader/]: Object with ID twilightforest:twilight_oak_sapling specified in data map for registry minecraft:item doesn't exist
[12Apr2026 16:31:43.902] [main/ERROR] [net.neoforged.neoforge.registries.DataMapLoader/]: Object with ID sushigocrafting:avocado_sapling specified in data map for registry minecraft:item doesn't exist
[12Apr2026 16:31:43.902] [main/ERROR] [net.neoforged.neoforge.registries.DataMapLoader/]: Object with ID silentgear:netherwood_sapling specified in data map for registry minecraft:item doesn't exist
[12Apr2026 16:31:43.902] [main/ERROR] [net.neoforged.neoforge.registries.DataMapLoader/]: Object with ID roots:bafflecap specified in data map for registry minecraft:item doesn't exist
[12Apr2026 16:31:43.902] [main/ERROR] [net.neoforged.neoforge.registries.DataMapLoader/]: Object with ID roots:wildwood_sapling specified in data map for registry minecraft:item doesn't exist
[12Apr2026 16:31:43.902] [main/ERROR] [net.neoforged.neoforge.registries.DataMapLoader/]: Object with ID regions_unexplored:alpha_sapling specified in data map for registry minecraft:item doesn't exist
[12Apr2026 16:31:43.902] [main/ERROR] [net.neoforged.neoforge.registries.DataMapLoader/]: Object with ID regions_unexplored:apple_oak_sapling specified in data map for registry minecraft:item doesn't exist
[12Apr2026 16:31:43.902] [main/ERROR] [net.neoforged.neoforge.registries.DataMapLoader/]: Object with ID regions_unexplored:ashen_sapling specified in data map for registry minecraft:item doesn't exist
[12Apr2026 16:31:43.902] [main/ERROR] [net.neoforged.neoforge.registries.DataMapLoader/]: Object with ID regions_unexplored:bamboo_sapling specified in data map for registry minecraft:item doesn't exist
[12Apr2026 16:31:43.902] [main/ERROR] [net.neoforged.neoforge.registries.DataMapLoader/]: Object with ID regions_unexplored:blackwood_sapling specified in data map for registry minecraft:item doesn't exist
[12Apr2026 16:31:43.902] [main/ERROR] [net.neoforged.neoforge.registries.DataMapLoader/]: Object with ID regions_unexplored:blue_bioshroom specified in data map for registry minecraft:item doesn't exist
[12Apr2026 16:31:43.902] [main/ERROR] [net.neoforged.neoforge.registries.DataMapLoader/]: Object with ID regions_unexplored:blue_magnolia_sapling specified in data map for registry minecraft:item doesn't exist
[12Apr2026 16:31:43.902] [main/ERROR] [net.neoforged.neoforge.registries.DataMapLoader/]: Object with ID regions_unexplored:brimwood_sapling specified in data map for registry minecraft:item doesn't exist
[12Apr2026 16:31:43.902] [main/ERROR] [net.neoforged.neoforge.registries.DataMapLoader/]: Object with ID regions_unexplored:cactus_flower specified in data map for registry minecraft:item doesn't exist
[12Apr2026 16:31:43.902] [main/ERROR] [net.neoforged.neoforge.registries.DataMapLoader/]: Object with ID regions_unexplored:cobalt_sapling specified in data map for registry minecraft:item doesn't exist
[12Apr2026 16:31:43.902] [main/ERROR] [net.neoforged.neoforge.registries.DataMapLoader/]: Object with ID regions_unexplored:cypress_sapling specified in data map for registry minecraft:item doesn't exist
[12Apr2026 16:31:43.902] [main/ERROR] [net.neoforged.neoforge.registries.DataMapLoader/]: Object with ID regions_unexplored:dead_pine_sapling specified in data map for registry minecraft:item doesn't exist
[12Apr2026 16:31:43.902] [main/ERROR] [net.neoforged.neoforge.registries.DataMapLoader/]: Object with ID regions_unexplored:dead_sapling specified in data map for registry minecraft:item doesn't exist
[12Apr2026 16:31:43.902] [main/ERROR] [net.neoforged.neoforge.registries.DataMapLoader/]: Object with ID regions_unexplored:enchanted_birch_sapling specified in data map for registry minecraft:item doesn't exist
[12Apr2026 16:31:43.902] [main/ERROR] [net.neoforged.neoforge.registries.DataMapLoader/]: Object with ID regions_unexplored:eucalyptus_sapling specified in data map for registry minecraft:item doesn't exist
[12Apr2026 16:31:43.902] [main/ERROR] [net.neoforged.neoforge.registries.DataMapLoader/]: Object with ID regions_unexplored:flowering_sapling specified in data map for registry minecraft:item doesn't exist
[12Apr2026 16:31:43.902] [main/ERROR] [net.neoforged.neoforge.registries.DataMapLoader/]: Object with ID regions_unexplored:golden_larch_sapling specified in data map for registry minecraft:item doesn't exist
[12Apr2026 16:31:43.903] [main/ERROR] [net.neoforged.neoforge.registries.DataMapLoader/]: Object with ID regions_unexplored:green_bioshroom specified in data map for registry minecraft:item doesn't exist
[12Apr2026 16:31:43.903] [main/ERROR] [net.neoforged.neoforge.registries.DataMapLoader/]: Object with ID regions_unexplored:joshua_sapling specified in data map for registry minecraft:item doesn't exist
[12Apr2026 16:31:43.903] [main/ERROR] [net.neoforged.neoforge.registries.DataMapLoader/]: Object with ID regions_unexplored:larch_sapling specified in data map for registry minecraft:item doesn't exist
[12Apr2026 16:31:43.903] [main/ERROR] [net.neoforged.neoforge.registries.DataMapLoader/]: Object with ID regions_unexplored:magnolia_sapling specified in data map for registry minecraft:item doesn't exist
[12Apr2026 16:31:43.903] [main/ERROR] [net.neoforged.neoforge.registries.DataMapLoader/]: Object with ID regions_unexplored:maple_sapling specified in data map for registry minecraft:item doesn't exist
[12Apr2026 16:31:43.903] [main/ERROR] [net.neoforged.neoforge.registries.DataMapLoader/]: Object with ID regions_unexplored:mauve_sapling specified in data map for registry minecraft:item doesn't exist
[12Apr2026 16:31:43.903] [main/ERROR] [net.neoforged.neoforge.registries.DataMapLoader/]: Object with ID regions_unexplored:orange_maple_sapling specified in data map for registry minecraft:item doesn't exist
[12Apr2026 16:31:43.903] [main/ERROR] [net.neoforged.neoforge.registries.DataMapLoader/]: Object with ID regions_unexplored:palm_sapling specified in data map for registry minecraft:item doesn't exist
[12Apr2026 16:31:43.903] [main/ERROR] [net.neoforged.neoforge.registries.DataMapLoader/]: Object with ID regions_unexplored:pine_sapling specified in data map for registry minecraft:item doesn't exist
[12Apr2026 16:31:43.903] [main/ERROR] [net.neoforged.neoforge.registries.DataMapLoader/]: Object with ID regions_unexplored:pink_bioshroom specified in data map for registry minecraft:item doesn't exist
[12Apr2026 16:31:43.903] [main/ERROR] [net.neoforged.neoforge.registries.DataMapLoader/]: Object with ID regions_unexplored:pink_magnolia_sapling specified in data map for registry minecraft:item doesn't exist
[12Apr2026 16:31:43.903] [main/ERROR] [net.neoforged.neoforge.registries.DataMapLoader/]: Object with ID regions_unexplored:red_maple_sapling specified in data map for registry minecraft:item doesn't exist
[12Apr2026 16:31:43.903] [main/ERROR] [net.neoforged.neoforge.registries.DataMapLoader/]: Object with ID regions_unexplored:silver_birch_sapling specified in data map for registry minecraft:item doesn't exist
[12Apr2026 16:31:43.903] [main/ERROR] [net.neoforged.neoforge.registries.DataMapLoader/]: Object with ID regions_unexplored:small_oak_sapling specified in data map for registry minecraft:item doesn't exist
[12Apr2026 16:31:43.903] [main/ERROR] [net.neoforged.neoforge.registries.DataMapLoader/]: Object with ID regions_unexplored:socotra_sapling specified in data map for registry minecraft:item doesn't exist
[12Apr2026 16:31:43.903] [main/ERROR] [net.neoforged.neoforge.registries.DataMapLoader/]: Object with ID regions_unexplored:white_magnolia_sapling specified in data map for registry minecraft:item doesn't exist
[12Apr2026 16:31:43.903] [main/ERROR] [net.neoforged.neoforge.registries.DataMapLoader/]: Object with ID regions_unexplored:willow_sapling specified in data map for registry minecraft:item doesn't exist
[12Apr2026 16:31:43.903] [main/ERROR] [net.neoforged.neoforge.registries.DataMapLoader/]: Object with ID regions_unexplored:yellow_bioshroom specified in data map for registry minecraft:item doesn't exist
[12Apr2026 16:31:43.903] [main/ERROR] [net.neoforged.neoforge.registries.DataMapLoader/]: Object with ID productivetrees:alder_sapling specified in data map for registry minecraft:item doesn't exist
[12Apr2026 16:31:43.903] [main/ERROR] [net.neoforged.neoforge.registries.DataMapLoader/]: Object with ID productivetrees:allspice_sapling specified in data map for registry minecraft:item doesn't exist
[12Apr2026 16:31:43.903] [main/ERROR] [net.neoforged.neoforge.registries.DataMapLoader/]: Object with ID productivetrees:almond_sapling specified in data map for registry minecraft:item doesn't exist
[12Apr2026 16:31:43.903] [main/ERROR] [net.neoforged.neoforge.registries.DataMapLoader/]: Object with ID productivetrees:apricot_sapling specified in data map for registry minecraft:item doesn't exist
[12Apr2026 16:31:43.903] [main/ERROR] [net.neoforged.neoforge.registries.DataMapLoader/]: Object with ID productivetrees:aquilaria_sapling specified in data map for registry minecraft:item doesn't exist
[12Apr2026 16:31:43.903] [main/ERROR] [net.neoforged.neoforge.registries.DataMapLoader/]: Object with ID productivetrees:asai_palm_sapling specified in data map for registry minecraft:item doesn't exist
[12Apr2026 16:31:43.903] [main/ERROR] [net.neoforged.neoforge.registries.DataMapLoader/]: Object with ID productivetrees:ash_sapling specified in data map for registry minecraft:item doesn't exist
[12Apr2026 16:31:43.903] [main/ERROR] [net.neoforged.neoforge.registries.DataMapLoader/]: Object with ID productivetrees:aspen_sapling specified in data map for registry minecraft:item doesn't exist
[12Apr2026 16:31:43.903] [main/ERROR] [net.neoforged.neoforge.registries.DataMapLoader/]: Object with ID productivetrees:avocado_sapling specified in data map for registry minecraft:item doesn't exist
[12Apr2026 16:31:43.903] [main/ERROR] [net.neoforged.neoforge.registries.DataMapLoader/]: Object with ID productivetrees:balsa_sapling specified in data map for registry minecraft:item doesn't exist
[12Apr2026 16:31:43.903] [main/ERROR] [net.neoforged.neoforge.registries.DataMapLoader/]: Object with ID productivetrees:balsam_fir_sapling specified in data map for registry minecraft:item doesn't exist
[12Apr2026 16:31:43.903] [main/ERROR] [net.neoforged.neoforge.registries.DataMapLoader/]: Object with ID productivetrees:banana_sapling specified in data map for registry minecraft:item doesn't exist
[12Apr2026 16:31:43.903] [main/ERROR] [net.neoforged.neoforge.registries.DataMapLoader/]: Object with ID productivetrees:beech_sapling specified in data map for registry minecraft:item doesn't exist
[12Apr2026 16:31:43.904] [main/ERROR] [net.neoforged.neoforge.registries.DataMapLoader/]: Object with ID productivetrees:beliy_naliv_apple_sapling specified in data map for registry minecraft:item doesn't exist
[12Apr2026 16:31:43.904] [main/ERROR] [net.neoforged.neoforge.registries.DataMapLoader/]: Object with ID productivetrees:black_cherry_sapling specified in data map for registry minecraft:item doesn't exist
[12Apr2026 16:31:43.904] [main/ERROR] [net.neoforged.neoforge.registries.DataMapLoader/]: Object with ID productivetrees:black_ember_sapling specified in data map for registry minecraft:item doesn't exist
[12Apr2026 16:31:43.904] [main/ERROR] [net.neoforged.neoforge.registries.DataMapLoader/]: Object with ID productivetrees:black_locust_sapling specified in data map for registry minecraft:item doesn't exist
[12Apr2026 16:31:43.904] [main/ERROR] [net.neoforged.neoforge.registries.DataMapLoader/]: Object with ID productivetrees:blackthorn_sapling specified in data map for registry minecraft:item doesn't exist
[12Apr2026 16:31:43.904] [main/ERROR] [net.neoforged.neoforge.registries.DataMapLoader/]: Object with ID productivetrees:blue_mahoe_sapling specified in data map for registry minecraft:item doesn't exist
[12Apr2026 16:31:43.904] [main/ERROR] [net.neoforged.neoforge.registries.DataMapLoader/]: Object with ID productivetrees:blue_yonder_sapling specified in data map for registry minecraft:item doesn't exist
[12Apr2026 16:31:43.904] [main/ERROR] [net.neoforged.neoforge.registries.DataMapLoader/]: Object with ID productivetrees:boxwood_sapling specified in data map for registry minecraft:item doesn't exist
[12Apr2026 16:31:43.904] [main/ERROR] [net.neoforged.neoforge.registries.DataMapLoader/]: Object with ID productivetrees:brazil_nut_sapling specified in data map for registry minecraft:item doesn't exist
[12Apr2026 16:31:43.904] [main/ERROR] [net.neoforged.neoforge.registries.DataMapLoader/]: Object with ID productivetrees:brazilwood_sapling specified in data map for registry minecraft:item doesn't exist
[12Apr2026 16:31:43.904] [main/ERROR] [net.neoforged.neoforge.registries.DataMapLoader/]: Object with ID productivetrees:breadfruit_sapling specified in data map for registry minecraft:item doesn't exist
[12Apr2026 16:31:43.904] [main/ERROR] [net.neoforged.neoforge.registries.DataMapLoader/]: Object with ID productivetrees:brown_amber_sapling specified in data map for registry minecraft:item doesn't exist
[12Apr2026 16:31:43.904] [main/ERROR] [net.neoforged.neoforge.registries.DataMapLoader/]: Object with ID productivetrees:buddhas_hand_sapling specified in data map for registry minecraft:item doesn't exist
[12Apr2026 16:31:43.904] [main/ERROR] [net.neoforged.neoforge.registries.DataMapLoader/]: Object with ID productivetrees:bull_pine_sapling specified in data map for registry minecraft:item doesn't exist
[12Apr2026 16:31:43.904] [main/ERROR] [net.neoforged.neoforge.registries.DataMapLoader/]: Object with ID productivetrees:butternut_sapling specified in data map for registry minecraft:item doesn't exist
[12Apr2026 16:31:43.904] [main/ERROR] [net.neoforged.neoforge.registries.DataMapLoader/]: Object with ID productivetrees:cacao_sapling specified in data map for registry minecraft:item doesn't exist
[12Apr2026 16:31:43.904] [main/ERROR] [net.neoforged.neoforge.registries.DataMapLoader/]: Object with ID productivetrees:candlenut_sapling specified in data map for registry minecraft:item doesn't exist
[12Apr2026 16:31:43.904] [main/ERROR] [net.neoforged.neoforge.registries.DataMapLoader/]: Object with ID productivetrees:carob_sapling specified in data map for registry minecraft:item doesn't exist
[12Apr2026 16:31:43.904] [main/ERROR] [net.neoforged.neoforge.registries.DataMapLoader/]: Object with ID productivetrees:cashew_sapling specified in data map for registry minecraft:item doesn't exist
[12Apr2026 16:31:43.904] [main/ERROR] [net.neoforged.neoforge.registries.DataMapLoader/]: Object with ID productivetrees:cave_dweller_sapling specified in data map for registry minecraft:item doesn't exist
[12Apr2026 16:31:43.904] [main/ERROR] [net.neoforged.neoforge.registries.DataMapLoader/]: Object with ID productivetrees:cedar_sapling specified in data map for registry minecraft:item doesn't exist
[12Apr2026 16:31:43.904] [main/ERROR] [net.neoforged.neoforge.registries.DataMapLoader/]: Object with ID productivetrees:cempedak_sapling specified in data map for registry minecraft:item doesn't exist
[12Apr2026 16:31:43.904] [main/ERROR] [net.neoforged.neoforge.registries.DataMapLoader/]: Object with ID productivetrees:ceylon_ebony_sapling specified in data map for registry minecraft:item doesn't exist
[12Apr2026 16:31:43.904] [main/ERROR] [net.neoforged.neoforge.registries.DataMapLoader/]: Object with ID productivetrees:cherry_plum_sapling specified in data map for registry minecraft:item doesn't exist
[12Apr2026 16:31:43.904] [main/ERROR] [net.neoforged.neoforge.registries.DataMapLoader/]: Object with ID productivetrees:cinnamon_sapling specified in data map for registry minecraft:item doesn't exist
[12Apr2026 16:31:43.904] [main/ERROR] [net.neoforged.neoforge.registries.DataMapLoader/]: Object with ID productivetrees:citron_sapling specified in data map for registry minecraft:item doesn't exist
[12Apr2026 16:31:43.904] [main/ERROR] [net.neoforged.neoforge.registries.DataMapLoader/]: Object with ID productivetrees:clove_sapling specified in data map for registry minecraft:item doesn't exist
[12Apr2026 16:31:43.904] [main/ERROR] [net.neoforged.neoforge.registries.DataMapLoader/]: Object with ID productivetrees:cocobolo_sapling specified in data map for registry minecraft:item doesn't exist
[12Apr2026 16:31:43.904] [main/ERROR] [net.neoforged.neoforge.registries.DataMapLoader/]: Object with ID productivetrees:coconut_sapling specified in data map for registry minecraft:item doesn't exist
[12Apr2026 16:31:43.904] [main/ERROR] [net.neoforged.neoforge.registries.DataMapLoader/]: Object with ID productivetrees:coffea_sapling specified in data map for registry minecraft:item doesn't exist
[12Apr2026 16:31:43.904] [main/ERROR] [net.neoforged.neoforge.registries.DataMapLoader/]: Object with ID productivetrees:copoazu_sapling specified in data map for registry minecraft:item doesn't exist
[12Apr2026 16:31:43.904] [main/ERROR] [net.neoforged.neoforge.registries.DataMapLoader/]: Object with ID productivetrees:copper_beech_sapling specified in data map for registry minecraft:item doesn't exist
[12Apr2026 16:31:43.904] [main/ERROR] [net.neoforged.neoforge.registries.DataMapLoader/]: Object with ID productivetrees:cork_oak_sapling specified in data map for registry minecraft:item doesn't exist
[12Apr2026 16:31:43.904] [main/ERROR] [net.neoforged.neoforge.registries.DataMapLoader/]: Object with ID productivetrees:cultivated_pear_sapling specified in data map for registry minecraft:item doesn't exist
[12Apr2026 16:31:43.905] [main/ERROR] [net.neoforged.neoforge.registries.DataMapLoader/]: Object with ID productivetrees:date_palm_sapling specified in data map for registry minecraft:item doesn't exist
[12Apr2026 16:31:43.905] [main/ERROR] [net.neoforged.neoforge.registries.DataMapLoader/]: Object with ID productivetrees:dogwood_sapling specified in data map for registry minecraft:item doesn't exist
[12Apr2026 16:31:43.905] [main/ERROR] [net.neoforged.neoforge.registries.DataMapLoader/]: Object with ID productivetrees:douglas_fir_sapling specified in data map for registry minecraft:item doesn't exist
[12Apr2026 16:31:43.905] [main/ERROR] [net.neoforged.neoforge.registries.DataMapLoader/]: Object with ID productivetrees:elderberry_sapling specified in data map for registry minecraft:item doesn't exist
[12Apr2026 16:31:43.905] [main/ERROR] [net.neoforged.neoforge.registries.DataMapLoader/]: Object with ID productivetrees:elm_sapling specified in data map for registry minecraft:item doesn't exist
[12Apr2026 16:31:43.905] [main/ERROR] [net.neoforged.neoforge.registries.DataMapLoader/]: Object with ID productivetrees:european_larch_sapling specified in data map for registry minecraft:item doesn't exist
[12Apr2026 16:31:43.905] [main/ERROR] [net.neoforged.neoforge.registries.DataMapLoader/]: Object with ID productivetrees:finger_lime_sapling specified in data map for registry minecraft:item doesn't exist
[12Apr2026 16:31:43.905] [main/ERROR] [net.neoforged.neoforge.registries.DataMapLoader/]: Object with ID productivetrees:firecracker_sapling specified in data map for registry minecraft:item doesn't exist
[12Apr2026 16:31:43.905] [main/ERROR] [net.neoforged.neoforge.registries.DataMapLoader/]: Object with ID productivetrees:flickering_sun_sapling specified in data map for registry minecraft:item doesn't exist
[12Apr2026 16:31:43.905] [main/ERROR] [net.neoforged.neoforge.registries.DataMapLoader/]: Object with ID productivetrees:flowering_crabapple_sapling specified in data map for registry minecraft:item doesn't exist
[12Apr2026 16:31:43.905] [main/ERROR] [net.neoforged.neoforge.registries.DataMapLoader/]: Object with ID productivetrees:foggy_blast_sapling specified in data map for registry minecraft:item doesn't exist
[12Apr2026 16:31:43.905] [main/ERROR] [net.neoforged.neoforge.registries.DataMapLoader/]: Object with ID productivetrees:ginkgo_sapling specified in data map for registry minecraft:item doesn't exist
[12Apr2026 16:31:43.905] [main/ERROR] [net.neoforged.neoforge.registries.DataMapLoader/]: Object with ID productivetrees:golden_delicious_apple_sapling specified in data map for registry minecraft:item doesn't exist
[12Apr2026 16:31:43.905] [main/ERROR] [net.neoforged.neoforge.registries.DataMapLoader/]: Object with ID productivetrees:grandidiers_baobab_sapling specified in data map for registry minecraft:item doesn't exist
[12Apr2026 16:31:43.905] [main/ERROR] [net.neoforged.neoforge.registries.DataMapLoader/]: Object with ID productivetrees:granny_smith_apple_sapling specified in data map for registry minecraft:item doesn't exist
[12Apr2026 16:31:43.905] [main/ERROR] [net.neoforged.neoforge.registries.DataMapLoader/]: Object with ID productivetrees:grapefruit_sapling specified in data map for registry minecraft:item doesn't exist
[12Apr2026 16:31:43.905] [main/ERROR] [net.neoforged.neoforge.registries.DataMapLoader/]: Object with ID productivetrees:great_sallow_sapling specified in data map for registry minecraft:item doesn't exist
[12Apr2026 16:31:43.905] [main/ERROR] [net.neoforged.neoforge.registries.DataMapLoader/]: Object with ID productivetrees:greenheart_sapling specified in data map for registry minecraft:item doesn't exist
[12Apr2026 16:31:43.905] [main/ERROR] [net.neoforged.neoforge.registries.DataMapLoader/]: Object with ID productivetrees:hawthorn_sapling specified in data map for registry minecraft:item doesn't exist
[12Apr2026 16:31:43.905] [main/ERROR] [net.neoforged.neoforge.registries.DataMapLoader/]: Object with ID productivetrees:hazel_sapling specified in data map for registry minecraft:item doesn't exist
[12Apr2026 16:31:43.905] [main/ERROR] [net.neoforged.neoforge.registries.DataMapLoader/]: Object with ID productivetrees:holly_sapling specified in data map for registry minecraft:item doesn't exist
[12Apr2026 16:31:43.905] [main/ERROR] [net.neoforged.neoforge.registries.DataMapLoader/]: Object with ID productivetrees:hornbeam_sapling specified in data map for registry minecraft:item doesn't exist
[12Apr2026 16:31:43.905] [main/ERROR] [net.neoforged.neoforge.registries.DataMapLoader/]: Object with ID productivetrees:ipe_sapling specified in data map for registry minecraft:item doesn't exist
[12Apr2026 16:31:43.905] [main/ERROR] [net.neoforged.neoforge.registries.DataMapLoader/]: Object with ID productivetrees:iroko_sapling specified in data map for registry minecraft:item doesn't exist
[12Apr2026 16:31:43.905] [main/ERROR] [net.neoforged.neoforge.registries.DataMapLoader/]: Object with ID productivetrees:jackfruit_sapling specified in data map for registry minecraft:item doesn't exist
[12Apr2026 16:31:43.906] [main/ERROR] [net.neoforged.neoforge.registries.DataMapLoader/]: Object with ID productivetrees:juniper_sapling specified in data map for registry minecraft:item doesn't exist
[12Apr2026 16:31:43.906] [main/ERROR] [net.neoforged.neoforge.registries.DataMapLoader/]: Object with ID productivetrees:kapok_sapling specified in data map for registry minecraft:item doesn't exist
[12Apr2026 16:31:43.906] [main/ERROR] [net.neoforged.neoforge.registries.DataMapLoader/]: Object with ID productivetrees:key_lime_sapling specified in data map for registry minecraft:item doesn't exist
[12Apr2026 16:31:43.906] [main/ERROR] [net.neoforged.neoforge.registries.DataMapLoader/]: Object with ID productivetrees:kumquat_sapling specified in data map for registry minecraft:item doesn't exist
[12Apr2026 16:31:43.906] [main/ERROR] [net.neoforged.neoforge.registries.DataMapLoader/]: Object with ID productivetrees:lawson_cypress_sapling specified in data map for registry minecraft:item doesn't exist
[12Apr2026 16:31:43.906] [main/ERROR] [net.neoforged.neoforge.registries.DataMapLoader/]: Object with ID productivetrees:lemon_sapling specified in data map for registry minecraft:item doesn't exist
[12Apr2026 16:31:43.906] [main/ERROR] [net.neoforged.neoforge.registries.DataMapLoader/]: Object with ID productivetrees:lime_sapling specified in data map for registry minecraft:item doesn't exist
[12Apr2026 16:31:43.906] [main/ERROR] [net.neoforged.neoforge.registries.DataMapLoader/]: Object with ID productivetrees:loblolly_pine_sapling specified in data map for registry minecraft:item doesn't exist
[12Apr2026 16:31:43.906] [main/ERROR] [net.neoforged.neoforge.registries.DataMapLoader/]: Object with ID productivetrees:logwood_sapling specified in data map for registry minecraft:item doesn't exist
[12Apr2026 16:31:43.906] [main/ERROR] [net.neoforged.neoforge.registries.DataMapLoader/]: Object with ID productivetrees:mahogany_sapling specified in data map for registry minecraft:item doesn't exist
[12Apr2026 16:31:43.906] [main/ERROR] [net.neoforged.neoforge.registries.DataMapLoader/]: Object with ID productivetrees:mandarin_sapling specified in data map for registry minecraft:item doesn't exist
[12Apr2026 16:31:43.906] [main/ERROR] [net.neoforged.neoforge.registries.DataMapLoader/]: Object with ID productivetrees:mango_sapling specified in data map for registry minecraft:item doesn't exist
[12Apr2026 16:31:43.906] [main/ERROR] [net.neoforged.neoforge.registries.DataMapLoader/]: Object with ID productivetrees:monkey_puzzle_sapling specified in data map for registry minecraft:item doesn't exist
[12Apr2026 16:31:43.906] [main/ERROR] [net.neoforged.neoforge.registries.DataMapLoader/]: Object with ID productivetrees:moonlight_magic_crepe_myrtle_sapling specified in data map for registry minecraft:item doesn't exist
[12Apr2026 16:31:43.906] [main/ERROR] [net.neoforged.neoforge.registries.DataMapLoader/]: Object with ID productivetrees:myrtle_ebony_sapling specified in data map for registry minecraft:item doesn't exist
[12Apr2026 16:31:43.906] [main/ERROR] [net.neoforged.neoforge.registries.DataMapLoader/]: Object with ID productivetrees:nectarine_sapling specified in data map for registry minecraft:item doesn't exist
[12Apr2026 16:31:43.906] [main/ERROR] [net.neoforged.neoforge.registries.DataMapLoader/]: Object with ID productivetrees:night_fuchsia_sapling specified in data map for registry minecraft:item doesn't exist
[12Apr2026 16:31:43.906] [main/ERROR] [net.neoforged.neoforge.registries.DataMapLoader/]: Object with ID productivetrees:nutmeg_sapling specified in data map for registry minecraft:item doesn't exist
[12Apr2026 16:31:43.906] [main/ERROR] [net.neoforged.neoforge.registries.DataMapLoader/]: Object with ID productivetrees:old_fustic_sapling specified in data map for registry minecraft:item doesn't exist
[12Apr2026 16:31:43.906] [main/ERROR] [net.neoforged.neoforge.registries.DataMapLoader/]: Object with ID productivetrees:olive_sapling specified in data map for registry minecraft:item doesn't exist
[12Apr2026 16:31:43.906] [main/ERROR] [net.neoforged.neoforge.registries.DataMapLoader/]: Object with ID productivetrees:orange_sapling specified in data map for registry minecraft:item doesn't exist
[12Apr2026 16:31:43.906] [main/ERROR] [net.neoforged.neoforge.registries.DataMapLoader/]: Object with ID productivetrees:osage_orange_sapling specified in data map for registry minecraft:item doesn't exist
[12Apr2026 16:31:43.906] [main/ERROR] [net.neoforged.neoforge.registries.DataMapLoader/]: Object with ID productivetrees:padauk_sapling specified in data map for registry minecraft:item doesn't exist
[12Apr2026 16:31:43.906] [main/ERROR] [net.neoforged.neoforge.registries.DataMapLoader/]: Object with ID productivetrees:pandanus_sapling specified in data map for registry minecraft:item doesn't exist
[12Apr2026 16:31:43.906] [main/ERROR] [net.neoforged.neoforge.registries.DataMapLoader/]: Object with ID productivetrees:papaya_sapling specified in data map for registry minecraft:item doesn't exist
[12Apr2026 16:31:43.906] [main/ERROR] [net.neoforged.neoforge.registries.DataMapLoader/]: Object with ID productivetrees:peach_sapling specified in data map for registry minecraft:item doesn't exist
[12Apr2026 16:31:43.906] [main/ERROR] [net.neoforged.neoforge.registries.DataMapLoader/]: Object with ID productivetrees:pecan_sapling specified in data map for registry minecraft:item doesn't exist
[12Apr2026 16:31:43.906] [main/ERROR] [net.neoforged.neoforge.registries.DataMapLoader/]: Object with ID productivetrees:persimmon_sapling specified in data map for registry minecraft:item doesn't exist
[12Apr2026 16:31:43.906] [main/ERROR] [net.neoforged.neoforge.registries.DataMapLoader/]: Object with ID productivetrees:pink_ipe_sapling specified in data map for registry minecraft:item doesn't exist
[12Apr2026 16:31:43.906] [main/ERROR] [net.neoforged.neoforge.registries.DataMapLoader/]: Object with ID productivetrees:pink_ivory_sapling specified in data map for registry minecraft:item doesn't exist
[12Apr2026 16:31:43.907] [main/ERROR] [net.neoforged.neoforge.registries.DataMapLoader/]: Object with ID productivetrees:pistachio_sapling specified in data map for registry minecraft:item doesn't exist
[12Apr2026 16:31:43.907] [main/ERROR] [net.neoforged.neoforge.registries.DataMapLoader/]: Object with ID productivetrees:plantain_sapling specified in data map for registry minecraft:item doesn't exist
[12Apr2026 16:31:43.907] [main/ERROR] [net.neoforged.neoforge.registries.DataMapLoader/]: Object with ID productivetrees:plum_sapling specified in data map for registry minecraft:item doesn't exist
[12Apr2026 16:31:43.907] [main/ERROR] [net.neoforged.neoforge.registries.DataMapLoader/]: Object with ID productivetrees:pomegranate_sapling specified in data map for registry minecraft:item doesn't exist
[12Apr2026 16:31:43.907] [main/ERROR] [net.neoforged.neoforge.registries.DataMapLoader/]: Object with ID productivetrees:pomelo_sapling specified in data map for registry minecraft:item doesn't exist
[12Apr2026 16:31:43.907] [main/ERROR] [net.neoforged.neoforge.registries.DataMapLoader/]: Object with ID productivetrees:prairie_crabapple_sapling specified in data map for registry minecraft:item doesn't exist
[12Apr2026 16:31:43.907] [main/ERROR] [net.neoforged.neoforge.registries.DataMapLoader/]: Object with ID productivetrees:purple_blackthorn_sapling specified in data map for registry minecraft:item doesn't exist
[12Apr2026 16:31:43.907] [main/ERROR] [net.neoforged.neoforge.registries.DataMapLoader/]: Object with ID productivetrees:purple_crepe_myrtle_sapling specified in data map for registry minecraft:item doesn't exist
[12Apr2026 16:31:43.907] [main/ERROR] [net.neoforged.neoforge.registries.DataMapLoader/]: Object with ID productivetrees:purple_ipe_sapling specified in data map for registry minecraft:item doesn't exist
[12Apr2026 16:31:43.907] [main/ERROR] [net.neoforged.neoforge.registries.DataMapLoader/]: Object with ID productivetrees:purple_spiral_sapling specified in data map for registry minecraft:item doesn't exist
[12Apr2026 16:31:43.907] [main/ERROR] [net.neoforged.neoforge.registries.DataMapLoader/]: Object with ID productivetrees:purpleheart_sapling specified in data map for registry minecraft:item doesn't exist
[12Apr2026 16:31:43.907] [main/ERROR] [net.neoforged.neoforge.registries.DataMapLoader/]: Object with ID productivetrees:rainbow_gum_sapling specified in data map for registry minecraft:item doesn't exist
[12Apr2026 16:31:43.907] [main/ERROR] [net.neoforged.neoforge.registries.DataMapLoader/]: Object with ID productivetrees:red_banana_sapling specified in data map for registry minecraft:item doesn't exist
[12Apr2026 16:31:43.907] [main/ERROR] [net.neoforged.neoforge.registries.DataMapLoader/]: Object with ID productivetrees:red_crepe_myrtle_sapling specified in data map for registry minecraft:item doesn't exist
[12Apr2026 16:31:43.907] [main/ERROR] [net.neoforged.neoforge.registries.DataMapLoader/]: Object with ID productivetrees:red_delicious_apple_sapling specified in data map for registry minecraft:item doesn't exist
[12Apr2026 16:31:43.907] [main/ERROR] [net.neoforged.neoforge.registries.DataMapLoader/]: Object with ID productivetrees:red_maple_sapling specified in data map for registry minecraft:item doesn't exist
[12Apr2026 16:31:43.907] [main/ERROR] [net.neoforged.neoforge.registries.DataMapLoader/]: Object with ID productivetrees:rippling_willow_sapling specified in data map for registry minecraft:item doesn't exist
[12Apr2026 16:31:43.907] [main/ERROR] [net.neoforged.neoforge.registries.DataMapLoader/]: Object with ID productivetrees:rose_gum_sapling specified in data map for registry minecraft:item doesn't exist
[12Apr2026 16:31:43.907] [main/ERROR] [net.neoforged.neoforge.registries.DataMapLoader/]: Object with ID productivetrees:rosewood_sapling specified in data map for registry minecraft:item doesn't exist
[12Apr2026 16:31:43.907] [main/ERROR] [net.neoforged.neoforge.registries.DataMapLoader/]: Object with ID productivetrees:rowan_sapling specified in data map for registry minecraft:item doesn't exist
[12Apr2026 16:31:43.907] [main/ERROR] [net.neoforged.neoforge.registries.DataMapLoader/]: Object with ID productivetrees:rubber_tree_sapling specified in data map for registry minecraft:item doesn't exist
[12Apr2026 16:31:43.907] [main/ERROR] [net.neoforged.neoforge.registries.DataMapLoader/]: Object with ID productivetrees:salak_sapling specified in data map for registry minecraft:item doesn't exist
[12Apr2026 16:31:43.907] [main/ERROR] [net.neoforged.neoforge.registries.DataMapLoader/]: Object with ID productivetrees:sand_pear_sapling specified in data map for registry minecraft:item doesn't exist
[12Apr2026 16:31:43.907] [main/ERROR] [net.neoforged.neoforge.registries.DataMapLoader/]: Object with ID productivetrees:sandalwood_sapling specified in data map for registry minecraft:item doesn't exist
[12Apr2026 16:31:43.907] [main/ERROR] [net.neoforged.neoforge.registries.DataMapLoader/]: Object with ID productivetrees:satsuma_sapling specified in data map for registry minecraft:item doesn't exist
[12Apr2026 16:31:43.907] [main/ERROR] [net.neoforged.neoforge.registries.DataMapLoader/]: Object with ID productivetrees:sequoia_sapling specified in data map for registry minecraft:item doesn't exist
[12Apr2026 16:31:43.907] [main/ERROR] [net.neoforged.neoforge.registries.DataMapLoader/]: Object with ID productivetrees:silver_fir_sapling specified in data map for registry minecraft:item doesn't exist
[12Apr2026 16:31:43.907] [main/ERROR] [net.neoforged.neoforge.registries.DataMapLoader/]: Object with ID productivetrees:silver_lime_sapling specified in data map for registry minecraft:item doesn't exist
[12Apr2026 16:31:43.907] [main/ERROR] [net.neoforged.neoforge.registries.DataMapLoader/]: Object with ID productivetrees:slimy_delight_sapling specified in data map for registry minecraft:item doesn't exist
[12Apr2026 16:31:43.907] [main/ERROR] [net.neoforged.neoforge.registries.DataMapLoader/]: Object with ID productivetrees:socotra_dragon_sapling specified in data map for registry minecraft:item doesn't exist
[12Apr2026 16:31:43.907] [main/ERROR] [net.neoforged.neoforge.registries.DataMapLoader/]: Object with ID productivetrees:soul_tree_sapling specified in data map for registry minecraft:item doesn't exist
[12Apr2026 16:31:43.907] [main/ERROR] [net.neoforged.neoforge.registries.DataMapLoader/]: Object with ID productivetrees:sour_cherry_sapling specified in data map for registry minecraft:item doesn't exist
[12Apr2026 16:31:43.907] [main/ERROR] [net.neoforged.neoforge.registries.DataMapLoader/]: Object with ID productivetrees:soursop_sapling specified in data map for registry minecraft:item doesn't exist
[12Apr2026 16:31:43.907] [main/ERROR] [net.neoforged.neoforge.registries.DataMapLoader/]: Object with ID productivetrees:sparkle_cherry_sapling specified in data map for registry minecraft:item doesn't exist
[12Apr2026 16:31:43.907] [main/ERROR] [net.neoforged.neoforge.registries.DataMapLoader/]: Object with ID productivetrees:star_anise_sapling specified in data map for registry minecraft:item doesn't exist
[12Apr2026 16:31:43.907] [main/ERROR] [net.neoforged.neoforge.registries.DataMapLoader/]: Object with ID productivetrees:star_fruit_sapling specified in data map for registry minecraft:item doesn't exist
[12Apr2026 16:31:43.907] [main/ERROR] [net.neoforged.neoforge.registries.DataMapLoader/]: Object with ID productivetrees:sugar_apple_sapling specified in data map for registry minecraft:item doesn't exist
[12Apr2026 16:31:43.907] [main/ERROR] [net.neoforged.neoforge.registries.DataMapLoader/]: Object with ID productivetrees:sugar_maple_sapling specified in data map for registry minecraft:item doesn't exist
[12Apr2026 16:31:43.908] [main/ERROR] [net.neoforged.neoforge.registries.DataMapLoader/]: Object with ID productivetrees:swamp_gum_sapling specified in data map for registry minecraft:item doesn't exist
[12Apr2026 16:31:43.908] [main/ERROR] [net.neoforged.neoforge.registries.DataMapLoader/]: Object with ID productivetrees:sweet_chestnut_sapling specified in data map for registry minecraft:item doesn't exist
[12Apr2026 16:31:43.908] [main/ERROR] [net.neoforged.neoforge.registries.DataMapLoader/]: Object with ID productivetrees:sweet_crabapple_sapling specified in data map for registry minecraft:item doesn't exist
[12Apr2026 16:31:43.908] [main/ERROR] [net.neoforged.neoforge.registries.DataMapLoader/]: Object with ID productivetrees:sweetgum_sapling specified in data map for registry minecraft:item doesn't exist
[12Apr2026 16:31:43.908] [main/ERROR] [net.neoforged.neoforge.registries.DataMapLoader/]: Object with ID productivetrees:sycamore_fig_sapling specified in data map for registry minecraft:item doesn't exist
[12Apr2026 16:31:43.908] [main/ERROR] [net.neoforged.neoforge.registries.DataMapLoader/]: Object with ID productivetrees:tangerine_sapling specified in data map for registry minecraft:item doesn't exist
[12Apr2026 16:31:43.908] [main/ERROR] [net.neoforged.neoforge.registries.DataMapLoader/]: Object with ID productivetrees:teak_sapling specified in data map for registry minecraft:item doesn't exist
[12Apr2026 16:31:43.908] [main/ERROR] [net.neoforged.neoforge.registries.DataMapLoader/]: Object with ID productivetrees:thunder_bolt_sapling specified in data map for registry minecraft:item doesn't exist
[12Apr2026 16:31:43.908] [main/ERROR] [net.neoforged.neoforge.registries.DataMapLoader/]: Object with ID productivetrees:time_traveller_sapling specified in data map for registry minecraft:item doesn't exist
[12Apr2026 16:31:43.908] [main/ERROR] [net.neoforged.neoforge.registries.DataMapLoader/]: Object with ID productivetrees:tuscarora_crepe_myrtle_sapling specified in data map for registry minecraft:item doesn't exist
[12Apr2026 16:31:43.908] [main/ERROR] [net.neoforged.neoforge.registries.DataMapLoader/]: Object with ID productivetrees:walnut_sapling specified in data map for registry minecraft:item doesn't exist
[12Apr2026 16:31:43.908] [main/ERROR] [net.neoforged.neoforge.registries.DataMapLoader/]: Object with ID productivetrees:water_wonder_sapling specified in data map for registry minecraft:item doesn't exist
[12Apr2026 16:31:43.908] [main/ERROR] [net.neoforged.neoforge.registries.DataMapLoader/]: Object with ID productivetrees:wenge_sapling specified in data map for registry minecraft:item doesn't exist
[12Apr2026 16:31:43.908] [main/ERROR] [net.neoforged.neoforge.registries.DataMapLoader/]: Object with ID productivetrees:western_hemlock_sapling specified in data map for registry minecraft:item doesn't exist
[12Apr2026 16:31:43.908] [main/ERROR] [net.neoforged.neoforge.registries.DataMapLoader/]: Object with ID productivetrees:white_ipe_sapling specified in data map for registry minecraft:item doesn't exist
[12Apr2026 16:31:43.908] [main/ERROR] [net.neoforged.neoforge.registries.DataMapLoader/]: Object with ID productivetrees:white_poplar_sapling specified in data map for registry minecraft:item doesn't exist
[12Apr2026 16:31:43.908] [main/ERROR] [net.neoforged.neoforge.registries.DataMapLoader/]: Object with ID productivetrees:white_willow_sapling specified in data map for registry minecraft:item doesn't exist
[12Apr2026 16:31:43.908] [main/ERROR] [net.neoforged.neoforge.registries.DataMapLoader/]: Object with ID productivetrees:whitebeam_sapling specified in data map for registry minecraft:item doesn't exist
[12Apr2026 16:31:43.908] [main/ERROR] [net.neoforged.neoforge.registries.DataMapLoader/]: Object with ID productivetrees:wild_cherry_sapling specified in data map for registry minecraft:item doesn't exist
[12Apr2026 16:31:43.908] [main/ERROR] [net.neoforged.neoforge.registries.DataMapLoader/]: Object with ID productivetrees:yellow_meranti_sapling specified in data map for registry minecraft:item doesn't exist
[12Apr2026 16:31:43.908] [main/ERROR] [net.neoforged.neoforge.registries.DataMapLoader/]: Object with ID productivetrees:yew_sapling specified in data map for registry minecraft:item doesn't exist
[12Apr2026 16:31:43.908] [main/ERROR] [net.neoforged.neoforge.registries.DataMapLoader/]: Object with ID productivetrees:zebrano_sapling specified in data map for registry minecraft:item doesn't exist
[12Apr2026 16:31:43.908] [main/ERROR] [net.neoforged.neoforge.registries.DataMapLoader/]: Object with ID pamhc2trees:acorn_sapling specified in data map for registry minecraft:item doesn't exist
[12Apr2026 16:31:43.908] [main/ERROR] [net.neoforged.neoforge.registries.DataMapLoader/]: Object with ID pamhc2trees:almond_sapling specified in data map for registry minecraft:item doesn't exist
[12Apr2026 16:31:43.908] [main/ERROR] [net.neoforged.neoforge.registries.DataMapLoader/]: Object with ID pamhc2trees:apple_sapling specified in data map for registry minecraft:item doesn't exist
[12Apr2026 16:31:43.908] [main/ERROR] [net.neoforged.neoforge.registries.DataMapLoader/]: Object with ID pamhc2trees:apricot_sapling specified in data map for registry minecraft:item doesn't exist
[12Apr2026 16:31:43.908] [main/ERROR] [net.neoforged.neoforge.registries.DataMapLoader/]: Object with ID pamhc2trees:avocado_sapling specified in data map for registry minecraft:item doesn't exist
[12Apr2026 16:31:43.908] [main/ERROR] [net.neoforged.neoforge.registries.DataMapLoader/]: Object with ID pamhc2trees:banana_sapling specified in data map for registry minecraft:item doesn't exist
[12Apr2026 16:31:43.908] [main/ERROR] [net.neoforged.neoforge.registries.DataMapLoader/]: Object with ID pamhc2trees:breadfruit_sapling specified in data map for registry minecraft:item doesn't exist
[12Apr2026 16:31:43.908] [main/ERROR] [net.neoforged.neoforge.registries.DataMapLoader/]: Object with ID pamhc2trees:candlenut_sapling specified in data map for registry minecraft:item doesn't exist
[12Apr2026 16:31:43.908] [main/ERROR] [net.neoforged.neoforge.registries.DataMapLoader/]: Object with ID pamhc2trees:cashew_sapling specified in data map for registry minecraft:item doesn't exist
[12Apr2026 16:31:43.908] [main/ERROR] [net.neoforged.neoforge.registries.DataMapLoader/]: Object with ID pamhc2trees:cherry_sapling specified in data map for registry minecraft:item doesn't exist
[12Apr2026 16:31:43.908] [main/ERROR] [net.neoforged.neoforge.registries.DataMapLoader/]: Object with ID pamhc2trees:chestnut_sapling specified in data map for registry minecraft:item doesn't exist
[12Apr2026 16:31:43.908] [main/ERROR] [net.neoforged.neoforge.registries.DataMapLoader/]: Object with ID pamhc2trees:cinnamon_sapling specified in data map for registry minecraft:item doesn't exist
[12Apr2026 16:31:43.908] [main/ERROR] [net.neoforged.neoforge.registries.DataMapLoader/]: Object with ID pamhc2trees:coconut_sapling specified in data map for registry minecraft:item doesn't exist
[12Apr2026 16:31:43.908] [main/ERROR] [net.neoforged.neoforge.registries.DataMapLoader/]: Object with ID pamhc2trees:date_sapling specified in data map for registry minecraft:item doesn't exist
[12Apr2026 16:31:43.908] [main/ERROR] [net.neoforged.neoforge.registries.DataMapLoader/]: Object with ID pamhc2trees:dragonfruit_sapling specified in data map for registry minecraft:item doesn't exist
[12Apr2026 16:31:43.908] [main/ERROR] [net.neoforged.neoforge.registries.DataMapLoader/]: Object with ID pamhc2trees:durian_sapling specified in data map for registry minecraft:item doesn't exist
[12Apr2026 16:31:43.909] [main/ERROR] [net.neoforged.neoforge.registries.DataMapLoader/]: Object with ID pamhc2trees:fig_sapling specified in data map for registry minecraft:item doesn't exist
[12Apr2026 16:31:43.909] [main/ERROR] [net.neoforged.neoforge.registries.DataMapLoader/]: Object with ID pamhc2trees:gooseberry_sapling specified in data map for registry minecraft:item doesn't exist
[12Apr2026 16:31:43.909] [main/ERROR] [net.neoforged.neoforge.registries.DataMapLoader/]: Object with ID pamhc2trees:grapefruit_sapling specified in data map for registry minecraft:item doesn't exist
[12Apr2026 16:31:43.909] [main/ERROR] [net.neoforged.neoforge.registries.DataMapLoader/]: Object with ID pamhc2trees:guava_sapling specified in data map for registry minecraft:item doesn't exist
[12Apr2026 16:31:43.909] [main/ERROR] [net.neoforged.neoforge.registries.DataMapLoader/]: Object with ID pamhc2trees:hazelnut_sapling specified in data map for registry minecraft:item doesn't exist
[12Apr2026 16:31:43.909] [main/ERROR] [net.neoforged.neoforge.registries.DataMapLoader/]: Object with ID pamhc2trees:jackfruit_sapling specified in data map for registry minecraft:item doesn't exist
[12Apr2026 16:31:43.909] [main/ERROR] [net.neoforged.neoforge.registries.DataMapLoader/]: Object with ID pamhc2trees:lemon_sapling specified in data map for registry minecraft:item doesn't exist
[12Apr2026 16:31:43.909] [main/ERROR] [net.neoforged.neoforge.registries.DataMapLoader/]: Object with ID pamhc2trees:lime_sapling specified in data map for registry minecraft:item doesn't exist
[12Apr2026 16:31:43.909] [main/ERROR] [net.neoforged.neoforge.registries.DataMapLoader/]: Object with ID pamhc2trees:lychee_sapling specified in data map for registry minecraft:item doesn't exist
[12Apr2026 16:31:43.909] [main/ERROR] [net.neoforged.neoforge.registries.DataMapLoader/]: Object with ID pamhc2trees:mango_sapling specified in data map for registry minecraft:item doesn't exist
[12Apr2026 16:31:43.909] [main/ERROR] [net.neoforged.neoforge.registries.DataMapLoader/]: Object with ID pamhc2trees:maple_sapling specified in data map for registry minecraft:item doesn't exist
[12Apr2026 16:31:43.909] [main/ERROR] [net.neoforged.neoforge.registries.DataMapLoader/]: Object with ID pamhc2trees:nutmeg_sapling specified in data map for registry minecraft:item doesn't exist
[12Apr2026 16:31:43.909] [main/ERROR] [net.neoforged.neoforge.registries.DataMapLoader/]: Object with ID pamhc2trees:olive_sapling specified in data map for registry minecraft:item doesn't exist
[12Apr2026 16:31:43.909] [main/ERROR] [net.neoforged.neoforge.registries.DataMapLoader/]: Object with ID pamhc2trees:orange_sapling specified in data map for registry minecraft:item doesn't exist
[12Apr2026 16:31:43.909] [main/ERROR] [net.neoforged.neoforge.registries.DataMapLoader/]: Object with ID pamhc2trees:papaya_sapling specified in data map for registry minecraft:item doesn't exist
[12Apr2026 16:31:43.909] [main/ERROR] [net.neoforged.neoforge.registries.DataMapLoader/]: Object with ID pamhc2trees:paperbark_sapling specified in data map for registry minecraft:item doesn't exist
[12Apr2026 16:31:43.909] [main/ERROR] [net.neoforged.neoforge.registries.DataMapLoader/]: Object with ID pamhc2trees:passionfruit_sapling specified in data map for registry minecraft:item doesn't exist
[12Apr2026 16:31:43.909] [main/ERROR] [net.neoforged.neoforge.registries.DataMapLoader/]: Object with ID pamhc2trees:pawpaw_sapling specified in data map for registry minecraft:item doesn't exist
[12Apr2026 16:31:43.909] [main/ERROR] [net.neoforged.neoforge.registries.DataMapLoader/]: Object with ID pamhc2trees:peach_sapling specified in data map for registry minecraft:item doesn't exist
[12Apr2026 16:31:43.909] [main/ERROR] [net.neoforged.neoforge.registries.DataMapLoader/]: Object with ID pamhc2trees:pear_sapling specified in data map for registry minecraft:item doesn't exist
[12Apr2026 16:31:43.909] [main/ERROR] [net.neoforged.neoforge.registries.DataMapLoader/]: Object with ID pamhc2trees:pecan_sapling specified in data map for registry minecraft:item doesn't exist
[12Apr2026 16:31:43.909] [main/ERROR] [net.neoforged.neoforge.registries.DataMapLoader/]: Object with ID pamhc2trees:peppercorn_sapling specified in data map for registry minecraft:item doesn't exist
[12Apr2026 16:31:43.909] [main/ERROR] [net.neoforged.neoforge.registries.DataMapLoader/]: Object with ID pamhc2trees:persimmon_sapling specified in data map for registry minecraft:item doesn't exist
[12Apr2026 16:31:43.909] [main/ERROR] [net.neoforged.neoforge.registries.DataMapLoader/]: Object with ID pamhc2trees:pinenut_sapling specified in data map for registry minecraft:item doesn't exist
[12Apr2026 16:31:43.909] [main/ERROR] [net.neoforged.neoforge.registries.DataMapLoader/]: Object with ID pamhc2trees:pistachio_sapling specified in data map for registry minecraft:item doesn't exist
[12Apr2026 16:31:43.909] [main/ERROR] [net.neoforged.neoforge.registries.DataMapLoader/]: Object with ID pamhc2trees:plum_sapling specified in data map for registry minecraft:item doesn't exist
[12Apr2026 16:31:43.909] [main/ERROR] [net.neoforged.neoforge.registries.DataMapLoader/]: Object with ID pamhc2trees:pomegranate_sapling specified in data map for registry minecraft:item doesn't exist
[12Apr2026 16:31:43.909] [main/ERROR] [net.neoforged.neoforge.registries.DataMapLoader/]: Object with ID pamhc2trees:rambutan_sapling specified in data map for registry minecraft:item doesn't exist
[12Apr2026 16:31:43.909] [main/ERROR] [net.neoforged.neoforge.registries.DataMapLoader/]: Object with ID pamhc2trees:soursop_sapling specified in data map for registry minecraft:item doesn't exist
[12Apr2026 16:31:43.909] [main/ERROR] [net.neoforged.neoforge.registries.DataMapLoader/]: Object with ID pamhc2trees:spiderweb_sapling specified in data map for registry minecraft:item doesn't exist
[12Apr2026 16:31:43.910] [main/ERROR] [net.neoforged.neoforge.registries.DataMapLoader/]: Object with ID pamhc2trees:starfruit_sapling specified in data map for registry minecraft:item doesn't exist
[12Apr2026 16:31:43.910] [main/ERROR] [net.neoforged.neoforge.registries.DataMapLoader/]: Object with ID pamhc2trees:tamarind_sapling specified in data map for registry minecraft:item doesn't exist
[12Apr2026 16:31:43.910] [main/ERROR] [net.neoforged.neoforge.registries.DataMapLoader/]: Object with ID pamhc2trees:vanillabean_sapling specified in data map for registry minecraft:item doesn't exist
[12Apr2026 16:31:43.910] [main/ERROR] [net.neoforged.neoforge.registries.DataMapLoader/]: Object with ID pamhc2trees:walnut_sapling specified in data map for registry minecraft:item doesn't exist
[12Apr2026 16:31:43.910] [main/ERROR] [net.neoforged.neoforge.registries.DataMapLoader/]: Object with ID paganbless:black_thorn_sapling specified in data map for registry minecraft:item doesn't exist
[12Apr2026 16:31:43.910] [main/ERROR] [net.neoforged.neoforge.registries.DataMapLoader/]: Object with ID occultism:otherworld_sapling specified in data map for registry minecraft:item doesn't exist
[12Apr2026 16:31:43.910] [main/ERROR] [net.neoforged.neoforge.registries.DataMapLoader/]: Object with ID occultism:otherworld_sapling_natural specified in data map for registry minecraft:item doesn't exist
[12Apr2026 16:31:43.910] [main/ERROR] [net.neoforged.neoforge.registries.DataMapLoader/]: Object with ID malum:azure_runewood_sapling specified in data map for registry minecraft:item doesn't exist
[12Apr2026 16:31:43.910] [main/ERROR] [net.neoforged.neoforge.registries.DataMapLoader/]: Object with ID malum:runewood_sapling specified in data map for registry minecraft:item doesn't exist
[12Apr2026 16:31:43.910] [main/ERROR] [net.neoforged.neoforge.registries.DataMapLoader/]: Object with ID malum:soulwood_sapling specified in data map for registry minecraft:item doesn't exist
[12Apr2026 16:31:43.910] [main/ERROR] [net.neoforged.neoforge.registries.DataMapLoader/]: Object with ID irregular_implements:spectre_sapling specified in data map for registry minecraft:item doesn't exist
[12Apr2026 16:31:43.910] [main/ERROR] [net.neoforged.neoforge.registries.DataMapLoader/]: Object with ID integrateddynamics:menril_sapling specified in data map for registry minecraft:item doesn't exist
[12Apr2026 16:31:43.910] [main/ERROR] [net.neoforged.neoforge.registries.DataMapLoader/]: Object with ID herbsandharvest:avocado_fruit_sapling specified in data map for registry minecraft:item doesn't exist
[12Apr2026 16:31:43.910] [main/ERROR] [net.neoforged.neoforge.registries.DataMapLoader/]: Object with ID herbsandharvest:cherry_fruit_sapling specified in data map for registry minecraft:item doesn't exist
[12Apr2026 16:31:43.910] [main/ERROR] [net.neoforged.neoforge.registries.DataMapLoader/]: Object with ID herbsandharvest:lemon_fruit_sapling specified in data map for registry minecraft:item doesn't exist
[12Apr2026 16:31:43.910] [main/ERROR] [net.neoforged.neoforge.registries.DataMapLoader/]: Object with ID herbsandharvest:lime_fruit_sapling specified in data map for registry minecraft:item doesn't exist
[12Apr2026 16:31:43.910] [main/ERROR] [net.neoforged.neoforge.registries.DataMapLoader/]: Object with ID herbsandharvest:orange_fruit_sapling specified in data map for registry minecraft:item doesn't exist
[12Apr2026 16:31:43.910] [main/ERROR] [net.neoforged.neoforge.registries.DataMapLoader/]: Object with ID herbsandharvest:peach_fruit_sapling specified in data map for registry minecraft:item doesn't exist
[12Apr2026 16:31:43.910] [main/ERROR] [net.neoforged.neoforge.registries.DataMapLoader/]: Object with ID herbsandharvest:pear_fruit_sapling specified in data map for registry minecraft:item doesn't exist
[12Apr2026 16:31:43.910] [main/ERROR] [net.neoforged.neoforge.registries.DataMapLoader/]: Object with ID herbsandharvest:plum_fruit_sapling specified in data map for registry minecraft:item doesn't exist
[12Apr2026 16:31:43.910] [main/ERROR] [net.neoforged.neoforge.registries.DataMapLoader/]: Object with ID forbidden_arcanus:aurum_sapling specified in data map for registry minecraft:item doesn't exist
[12Apr2026 16:31:43.910] [main/ERROR] [net.neoforged.neoforge.registries.DataMapLoader/]: Object with ID eternal_starlight:glowing_mushroom specified in data map for registry minecraft:item doesn't exist
[12Apr2026 16:31:43.910] [main/ERROR] [net.neoforged.neoforge.registries.DataMapLoader/]: Object with ID eternal_starlight:lunar_sapling specified in data map for registry minecraft:item doesn't exist
[12Apr2026 16:31:43.910] [main/ERROR] [net.neoforged.neoforge.registries.DataMapLoader/]: Object with ID eternal_starlight:northland_sapling specified in data map for registry minecraft:item doesn't exist
[12Apr2026 16:31:43.910] [main/ERROR] [net.neoforged.neoforge.registries.DataMapLoader/]: Object with ID eternal_starlight:scarlet_sapling specified in data map for registry minecraft:item doesn't exist
[12Apr2026 16:31:43.910] [main/ERROR] [net.neoforged.neoforge.registries.DataMapLoader/]: Object with ID eternal_starlight:starlight_mangrove_sapling specified in data map for registry minecraft:item doesn't exist
[12Apr2026 16:31:43.910] [main/ERROR] [net.neoforged.neoforge.registries.DataMapLoader/]: Object with ID eternal_starlight:torreya_sapling specified in data map for registry minecraft:item doesn't exist
[12Apr2026 16:31:43.910] [main/ERROR] [net.neoforged.neoforge.registries.DataMapLoader/]: Object with ID enchanted:alder_sapling specified in data map for registry minecraft:item doesn't exist
[12Apr2026 16:31:43.911] [main/ERROR] [net.neoforged.neoforge.registries.DataMapLoader/]: Object with ID enchanted:hawthorn_sapling specified in data map for registry minecraft:item doesn't exist
[12Apr2026 16:31:43.911] [main/ERROR] [net.neoforged.neoforge.registries.DataMapLoader/]: Object with ID enchanted:rowan_sapling specified in data map for registry minecraft:item doesn't exist
[12Apr2026 16:31:43.911] [main/ERROR] [net.neoforged.neoforge.registries.DataMapLoader/]: Object with ID deeperdarker:echo_sapling specified in data map for registry minecraft:item doesn't exist
[12Apr2026 16:31:43.911] [main/ERROR] [net.neoforged.neoforge.registries.DataMapLoader/]: Object with ID cobblemon:black_apricorn_seed specified in data map for registry minecraft:item doesn't exist
[12Apr2026 16:31:43.911] [main/ERROR] [net.neoforged.neoforge.registries.DataMapLoader/]: Object with ID cobblemon:blue_apricorn_seed specified in data map for registry minecraft:item doesn't exist
[12Apr2026 16:31:43.911] [main/ERROR] [net.neoforged.neoforge.registries.DataMapLoader/]: Object with ID cobblemon:green_apricorn_seed specified in data map for registry minecraft:item doesn't exist
[12Apr2026 16:31:43.911] [main/ERROR] [net.neoforged.neoforge.registries.DataMapLoader/]: Object with ID cobblemon:pink_apricorn_seed specified in data map for registry minecraft:item doesn't exist
[12Apr2026 16:31:43.911] [main/ERROR] [net.neoforged.neoforge.registries.DataMapLoader/]: Object with ID cobblemon:red_apricorn_seed specified in data map for registry minecraft:item doesn't exist
[12Apr2026 16:31:43.911] [main/ERROR] [net.neoforged.neoforge.registries.DataMapLoader/]: Object with ID cobblemon:white_apricorn_seed specified in data map for registry minecraft:item doesn't exist
[12Apr2026 16:31:43.911] [main/ERROR] [net.neoforged.neoforge.registries.DataMapLoader/]: Object with ID cobblemon:yellow_apricorn_seed specified in data map for registry minecraft:item doesn't exist
[12Apr2026 16:31:43.911] [main/ERROR] [net.neoforged.neoforge.registries.DataMapLoader/]: Object with ID biomeswevegone:araucaria_sapling specified in data map for registry minecraft:item doesn't exist
[12Apr2026 16:31:43.911] [main/ERROR] [net.neoforged.neoforge.registries.DataMapLoader/]: Object with ID biomeswevegone:aspen_sapling specified in data map for registry minecraft:item doesn't exist
[12Apr2026 16:31:43.911] [main/ERROR] [net.neoforged.neoforge.registries.DataMapLoader/]: Object with ID biomeswevegone:baobab_sapling specified in data map for registry minecraft:item doesn't exist
[12Apr2026 16:31:43.911] [main/ERROR] [net.neoforged.neoforge.registries.DataMapLoader/]: Object with ID biomeswevegone:blue_enchanted_sapling specified in data map for registry minecraft:item doesn't exist
[12Apr2026 16:31:43.911] [main/ERROR] [net.neoforged.neoforge.registries.DataMapLoader/]: Object with ID biomeswevegone:blue_spruce_sapling specified in data map for registry minecraft:item doesn't exist
[12Apr2026 16:31:43.911] [main/ERROR] [net.neoforged.neoforge.registries.DataMapLoader/]: Object with ID biomeswevegone:brown_birch_sapling specified in data map for registry minecraft:item doesn't exist
[12Apr2026 16:31:43.911] [main/ERROR] [net.neoforged.neoforge.registries.DataMapLoader/]: Object with ID biomeswevegone:brown_oak_sapling specified in data map for registry minecraft:item doesn't exist
[12Apr2026 16:31:43.911] [main/ERROR] [net.neoforged.neoforge.registries.DataMapLoader/]: Object with ID biomeswevegone:brown_zelkova_sapling specified in data map for registry minecraft:item doesn't exist
[12Apr2026 16:31:43.911] [main/ERROR] [net.neoforged.neoforge.registries.DataMapLoader/]: Object with ID biomeswevegone:cika_sapling specified in data map for registry minecraft:item doesn't exist
[12Apr2026 16:31:43.911] [main/ERROR] [net.neoforged.neoforge.registries.DataMapLoader/]: Object with ID biomeswevegone:cypress_sapling specified in data map for registry minecraft:item doesn't exist
[12Apr2026 16:31:43.911] [main/ERROR] [net.neoforged.neoforge.registries.DataMapLoader/]: Object with ID biomeswevegone:ebony_sapling specified in data map for registry minecraft:item doesn't exist
[12Apr2026 16:31:43.911] [main/ERROR] [net.neoforged.neoforge.registries.DataMapLoader/]: Object with ID biomeswevegone:fir_sapling specified in data map for registry minecraft:item doesn't exist
[12Apr2026 16:31:43.911] [main/ERROR] [net.neoforged.neoforge.registries.DataMapLoader/]: Object with ID biomeswevegone:green_enchanted_sapling specified in data map for registry minecraft:item doesn't exist
[12Apr2026 16:31:43.911] [main/ERROR] [net.neoforged.neoforge.registries.DataMapLoader/]: Object with ID biomeswevegone:green_mushroom specified in data map for registry minecraft:item doesn't exist
[12Apr2026 16:31:43.911] [main/ERROR] [net.neoforged.neoforge.registries.DataMapLoader/]: Object with ID biomeswevegone:holly_sapling specified in data map for registry minecraft:item doesn't exist
[12Apr2026 16:31:43.911] [main/ERROR] [net.neoforged.neoforge.registries.DataMapLoader/]: Object with ID biomeswevegone:indigo_jacaranda_sapling specified in data map for registry minecraft:item doesn't exist
[12Apr2026 16:31:43.912] [main/ERROR] [net.neoforged.neoforge.registries.DataMapLoader/]: Object with ID biomeswevegone:ironwood_sapling specified in data map for registry minecraft:item doesn't exist
[12Apr2026 16:31:43.912] [main/ERROR] [net.neoforged.neoforge.registries.DataMapLoader/]: Object with ID biomeswevegone:jacaranda_sapling specified in data map for registry minecraft:item doesn't exist
[12Apr2026 16:31:43.912] [main/ERROR] [net.neoforged.neoforge.registries.DataMapLoader/]: Object with ID biomeswevegone:mahogany_sapling specified in data map for registry minecraft:item doesn't exist
[12Apr2026 16:31:43.912] [main/ERROR] [net.neoforged.neoforge.registries.DataMapLoader/]: Object with ID biomeswevegone:maple_sapling specified in data map for registry minecraft:item doesn't exist
[12Apr2026 16:31:43.912] [main/ERROR] [net.neoforged.neoforge.registries.DataMapLoader/]: Object with ID biomeswevegone:orange_birch_sapling specified in data map for registry minecraft:item doesn't exist
[12Apr2026 16:31:43.912] [main/ERROR] [net.neoforged.neoforge.registries.DataMapLoader/]: Object with ID biomeswevegone:orange_oak_sapling specified in data map for registry minecraft:item doesn't exist
[12Apr2026 16:31:43.912] [main/ERROR] [net.neoforged.neoforge.registries.DataMapLoader/]: Object with ID biomeswevegone:orange_spruce_sapling specified in data map for registry minecraft:item doesn't exist
[12Apr2026 16:31:43.912] [main/ERROR] [net.neoforged.neoforge.registries.DataMapLoader/]: Object with ID biomeswevegone:orchard_sapling specified in data map for registry minecraft:item doesn't exist
[12Apr2026 16:31:43.912] [main/ERROR] [net.neoforged.neoforge.registries.DataMapLoader/]: Object with ID biomeswevegone:palm_sapling specified in data map for registry minecraft:item doesn't exist
[12Apr2026 16:31:43.912] [main/ERROR] [net.neoforged.neoforge.registries.DataMapLoader/]: Object with ID biomeswevegone:palo_verde_sapling specified in data map for registry minecraft:item doesn't exist
[12Apr2026 16:31:43.912] [main/ERROR] [net.neoforged.neoforge.registries.DataMapLoader/]: Object with ID biomeswevegone:pine_sapling specified in data map for registry minecraft:item doesn't exist
[12Apr2026 16:31:43.912] [main/ERROR] [net.neoforged.neoforge.registries.DataMapLoader/]: Object with ID biomeswevegone:rainbow_eucalyptus_sapling specified in data map for registry minecraft:item doesn't exist
[12Apr2026 16:31:43.912] [main/ERROR] [net.neoforged.neoforge.registries.DataMapLoader/]: Object with ID biomeswevegone:red_birch_sapling specified in data map for registry minecraft:item doesn't exist
[12Apr2026 16:31:43.912] [main/ERROR] [net.neoforged.neoforge.registries.DataMapLoader/]: Object with ID biomeswevegone:red_maple_sapling specified in data map for registry minecraft:item doesn't exist
[12Apr2026 16:31:43.912] [main/ERROR] [net.neoforged.neoforge.registries.DataMapLoader/]: Object with ID biomeswevegone:red_oak_sapling specified in data map for registry minecraft:item doesn't exist
[12Apr2026 16:31:43.912] [main/ERROR] [net.neoforged.neoforge.registries.DataMapLoader/]: Object with ID biomeswevegone:red_spruce_sapling specified in data map for registry minecraft:item doesn't exist
[12Apr2026 16:31:43.912] [main/ERROR] [net.neoforged.neoforge.registries.DataMapLoader/]: Object with ID biomeswevegone:redwood_sapling specified in data map for registry minecraft:item doesn't exist
[12Apr2026 16:31:43.912] [main/ERROR] [net.neoforged.neoforge.registries.DataMapLoader/]: Object with ID biomeswevegone:silver_maple_sapling specified in data map for registry minecraft:item doesn't exist
[12Apr2026 16:31:43.912] [main/ERROR] [net.neoforged.neoforge.registries.DataMapLoader/]: Object with ID biomeswevegone:skyris_sapling specified in data map for registry minecraft:item doesn't exist
[12Apr2026 16:31:43.912] [main/ERROR] [net.neoforged.neoforge.registries.DataMapLoader/]: Object with ID biomeswevegone:spirit_sapling specified in data map for registry minecraft:item doesn't exist
[12Apr2026 16:31:43.912] [main/ERROR] [net.neoforged.neoforge.registries.DataMapLoader/]: Object with ID biomeswevegone:weeping_milkcap specified in data map for registry minecraft:item doesn't exist
[12Apr2026 16:31:43.912] [main/ERROR] [net.neoforged.neoforge.registries.DataMapLoader/]: Object with ID biomeswevegone:white_mangrove_sapling specified in data map for registry minecraft:item doesn't exist
[12Apr2026 16:31:43.912] [main/ERROR] [net.neoforged.neoforge.registries.DataMapLoader/]: Object with ID biomeswevegone:white_sakura_sapling specified in data map for registry minecraft:item doesn't exist
[12Apr2026 16:31:43.912] [main/ERROR] [net.neoforged.neoforge.registries.DataMapLoader/]: Object with ID biomeswevegone:willow_sapling specified in data map for registry minecraft:item doesn't exist
[12Apr2026 16:31:43.912] [main/ERROR] [net.neoforged.neoforge.registries.DataMapLoader/]: Object with ID biomeswevegone:witch_hazel_sapling specified in data map for registry minecraft:item doesn't exist
[12Apr2026 16:31:43.912] [main/ERROR] [net.neoforged.neoforge.registries.DataMapLoader/]: Object with ID biomeswevegone:wood_blewit specified in data map for registry minecraft:item doesn't exist
[12Apr2026 16:31:43.912] [main/ERROR] [net.neoforged.neoforge.registries.DataMapLoader/]: Object with ID biomeswevegone:yellow_birch_sapling specified in data map for registry minecraft:item doesn't exist
[12Apr2026 16:31:43.913] [main/ERROR] [net.neoforged.neoforge.registries.DataMapLoader/]: Object with ID biomeswevegone:yellow_sakura_sapling specified in data map for registry minecraft:item doesn't exist
[12Apr2026 16:31:43.913] [main/ERROR] [net.neoforged.neoforge.registries.DataMapLoader/]: Object with ID biomeswevegone:yellow_spruce_sapling specified in data map for registry minecraft:item doesn't exist
[12Apr2026 16:31:43.913] [main/ERROR] [net.neoforged.neoforge.registries.DataMapLoader/]: Object with ID biomeswevegone:yucca_sapling specified in data map for registry minecraft:item doesn't exist
[12Apr2026 16:31:43.913] [main/ERROR] [net.neoforged.neoforge.registries.DataMapLoader/]: Object with ID biomeswevegone:zelkova_sapling specified in data map for registry minecraft:item doesn't exist
[12Apr2026 16:31:43.913] [main/ERROR] [net.neoforged.neoforge.registries.DataMapLoader/]: Object with ID ars_nouveau:blue_archwood_sapling specified in data map for registry minecraft:item doesn't exist
[12Apr2026 16:31:43.913] [main/ERROR] [net.neoforged.neoforge.registries.DataMapLoader/]: Object with ID ars_nouveau:green_archwood_sapling specified in data map for registry minecraft:item doesn't exist
[12Apr2026 16:31:43.913] [main/ERROR] [net.neoforged.neoforge.registries.DataMapLoader/]: Object with ID ars_nouveau:purple_archwood_sapling specified in data map for registry minecraft:item doesn't exist
[12Apr2026 16:31:43.913] [main/ERROR] [net.neoforged.neoforge.registries.DataMapLoader/]: Object with ID ars_nouveau:red_archwood_sapling specified in data map for registry minecraft:item doesn't exist
[12Apr2026 16:31:43.913] [main/ERROR] [net.neoforged.neoforge.registries.DataMapLoader/]: Object with ID ars_elemental:yellow_archwood_sapling specified in data map for registry minecraft:item doesn't exist
[12Apr2026 16:31:43.913] [main/ERROR] [net.neoforged.neoforge.registries.DataMapLoader/]: Object with ID allthemodium:ancient_sapling specified in data map for registry minecraft:item doesn't exist
[12Apr2026 16:31:43.913] [main/ERROR] [net.neoforged.neoforge.registries.DataMapLoader/]: Object with ID allthemodium:demonic_sapling specified in data map for registry minecraft:item doesn't exist
[12Apr2026 16:31:43.913] [main/ERROR] [net.neoforged.neoforge.registries.DataMapLoader/]: Object with ID allthemodium:soul_sapling specified in data map for registry minecraft:item doesn't exist
[12Apr2026 16:31:43.914] [main/INFO] [com.davenonymous.bonsaitrees.BonsaiTrees/]: Registered Soil Type: bonsaitrees4:sand
[12Apr2026 16:31:43.914] [main/INFO] [com.davenonymous.bonsaitrees.BonsaiTrees/]: Registered Soil Type: bonsaitrees4:nether_stone
[12Apr2026 16:31:43.914] [main/INFO] [com.davenonymous.bonsaitrees.BonsaiTrees/]: Registered Soil Type: bonsaitrees4:dirt
[12Apr2026 16:31:43.914] [main/INFO] [com.davenonymous.bonsaitrees.BonsaiTrees/]: Registered Soil Type: bonsaitrees4:end_stone
[12Apr2026 16:31:43.914] [main/INFO] [com.davenonymous.bonsaitrees.BonsaiTrees/]: Registered Soil Type: bonsaitrees4:nylium
[12Apr2026 16:31:43.914] [main/INFO] [com.davenonymous.bonsaitrees.BonsaiTrees/]: Registered Soil Type: bonsaitrees4:water
[12Apr2026 16:31:43.914] [main/INFO] [com.davenonymous.bonsaitrees.BonsaiTrees/]: Registered Soil Type: bonsaitrees4:mycelium
[12Apr2026 16:31:43.914] [main/INFO] [com.davenonymous.bonsaitrees.BonsaiTrees/]: Registered Soil Type: bonsaitrees4:stone
[12Apr2026 16:31:43.915] [main/INFO] [com.davenonymous.bonsaitrees.BonsaiTrees/]: Registered Soil Type: bonsaitrees4:lava
[12Apr2026 16:31:44.006] [main/INFO] [Supplementaries/]: Registering custom dispenser behaviors
[12Apr2026 16:31:44.099] [main/INFO] [com.possible_triangle.sliceanddice.SliceAndDice/]: Injecting recipes
[12Apr2026 16:31:44.152] [main/WARN] [ModernFix/]: Initial datapack load took 5.079 s
[12Apr2026 16:31:44.204] [Server thread/INFO] [net.minecraft.server.dedicated.DedicatedServer/]: Starting minecraft server version 1.21.1
[12Apr2026 16:31:44.204] [Server thread/INFO] [net.minecraft.server.dedicated.DedicatedServer/]: Loading properties
[12Apr2026 16:31:44.204] [Server thread/INFO] [net.minecraft.server.dedicated.DedicatedServer/]: Default game type: SURVIVAL
[12Apr2026 16:31:44.204] [Server thread/INFO] [net.minecraft.server.MinecraftServer/]: Generating keypair
[12Apr2026 16:31:44.251] [Server thread/INFO] [net.minecraft.server.dedicated.DedicatedServer/]: Starting Minecraft server on *:25565
[12Apr2026 16:31:44.285] [Server thread/INFO] [net.minecraft.server.network.ServerConnectionListener/]: Using epoll channel type
[12Apr2026 16:31:44.327] [Server thread/INFO] [com.tom.storagemod.StorageMod/]: Loaded Tom's Simple Storage config file toms_storage-server.toml
[12Apr2026 16:31:44.366] [Server thread/WARN] [net.neoforged.neoforge.server.ServerLifecycleHooks/]: Detected quark:stoneling that was registered with CREATURE mob category but was added under MONSTER mob category for biomesoplenty:aspen_glade biome! Mobs should be added to biomes under the same mob category that the mob was registered as to prevent mob cap spawning issues.
[12Apr2026 16:31:44.367] [Server thread/WARN] [net.neoforged.neoforge.server.ServerLifecycleHooks/]: Detected quark:toretoise that was registered with CREATURE mob category but was added under MONSTER mob category for biomesoplenty:aspen_glade biome! Mobs should be added to biomes under the same mob category that the mob was registered as to prevent mob cap spawning issues.
[12Apr2026 16:31:44.367] [Server thread/WARN] [net.neoforged.neoforge.server.ServerLifecycleHooks/]: Detected quark:stoneling that was registered with CREATURE mob category but was added under MONSTER mob category for biomesoplenty:auroral_garden biome! Mobs should be added to biomes under the same mob category that the mob was registered as to prevent mob cap spawning issues.
[12Apr2026 16:31:44.367] [Server thread/WARN] [net.neoforged.neoforge.server.ServerLifecycleHooks/]: Detected quark:toretoise that was registered with CREATURE mob category but was added under MONSTER mob category for biomesoplenty:auroral_garden biome! Mobs should be added to biomes under the same mob category that the mob was registered as to prevent mob cap spawning issues.
[12Apr2026 16:31:44.368] [Server thread/WARN] [net.neoforged.neoforge.server.ServerLifecycleHooks/]: Detected quark:stoneling that was registered with CREATURE mob category but was added under MONSTER mob category for minecraft:badlands biome! Mobs should be added to biomes under the same mob category that the mob was registered as to prevent mob cap spawning issues.
[12Apr2026 16:31:44.368] [Server thread/WARN] [net.neoforged.neoforge.server.ServerLifecycleHooks/]: Detected quark:toretoise that was registered with CREATURE mob category but was added under MONSTER mob category for minecraft:badlands biome! Mobs should be added to biomes under the same mob category that the mob was registered as to prevent mob cap spawning issues.
[12Apr2026 16:31:44.369] [Server thread/WARN] [net.neoforged.neoforge.server.ServerLifecycleHooks/]: Detected quark:stoneling that was registered with CREATURE mob category but was added under MONSTER mob category for minecraft:bamboo_jungle biome! Mobs should be added to biomes under the same mob category that the mob was registered as to prevent mob cap spawning issues.
[12Apr2026 16:31:44.369] [Server thread/WARN] [net.neoforged.neoforge.server.ServerLifecycleHooks/]: Detected quark:toretoise that was registered with CREATURE mob category but was added under MONSTER mob category for minecraft:bamboo_jungle biome! Mobs should be added to biomes under the same mob category that the mob was registered as to prevent mob cap spawning issues.
[12Apr2026 16:31:44.370] [Server thread/WARN] [net.neoforged.neoforge.server.ServerLifecycleHooks/]: Detected quark:foxhound that was registered with CREATURE mob category but was added under MONSTER mob category for minecraft:basalt_deltas biome! Mobs should be added to biomes under the same mob category that the mob was registered as to prevent mob cap spawning issues.
[12Apr2026 16:31:44.370] [Server thread/WARN] [net.neoforged.neoforge.server.ServerLifecycleHooks/]: Detected quark:stoneling that was registered with CREATURE mob category but was added under MONSTER mob category for biomesoplenty:bayou biome! Mobs should be added to biomes under the same mob category that the mob was registered as to prevent mob cap spawning issues.
[12Apr2026 16:31:44.370] [Server thread/WARN] [net.neoforged.neoforge.server.ServerLifecycleHooks/]: Detected quark:toretoise that was registered with CREATURE mob category but was added under MONSTER mob category for biomesoplenty:bayou biome! Mobs should be added to biomes under the same mob category that the mob was registered as to prevent mob cap spawning issues.
[12Apr2026 16:31:44.371] [Server thread/WARN] [net.neoforged.neoforge.server.ServerLifecycleHooks/]: Detected quark:stoneling that was registered with CREATURE mob category but was added under MONSTER mob category for minecraft:beach biome! Mobs should be added to biomes under the same mob category that the mob was registered as to prevent mob cap spawning issues.
[12Apr2026 16:31:44.371] [Server thread/WARN] [net.neoforged.neoforge.server.ServerLifecycleHooks/]: Detected quark:toretoise that was registered with CREATURE mob category but was added under MONSTER mob category for minecraft:beach biome! Mobs should be added to biomes under the same mob category that the mob was registered as to prevent mob cap spawning issues.
[12Apr2026 16:31:44.371] [Server thread/WARN] [net.neoforged.neoforge.server.ServerLifecycleHooks/]: Detected quark:stoneling that was registered with CREATURE mob category but was added under MONSTER mob category for minecraft:birch_forest biome! Mobs should be added to biomes under the same mob category that the mob was registered as to prevent mob cap spawning issues.
[12Apr2026 16:31:44.371] [Server thread/WARN] [net.neoforged.neoforge.server.ServerLifecycleHooks/]: Detected quark:toretoise that was registered with CREATURE mob category but was added under MONSTER mob category for minecraft:birch_forest biome! Mobs should be added to biomes under the same mob category that the mob was registered as to prevent mob cap spawning issues.
[12Apr2026 16:31:44.372] [Server thread/WARN] [net.neoforged.neoforge.server.ServerLifecycleHooks/]: Detected quark:stoneling that was registered with CREATURE mob category but was added under MONSTER mob category for biomesoplenty:bog biome! Mobs should be added to biomes under the same mob category that the mob was registered as to prevent mob cap spawning issues.
[12Apr2026 16:31:44.372] [Server thread/WARN] [net.neoforged.neoforge.server.ServerLifecycleHooks/]: Detected quark:toretoise that was registered with CREATURE mob category but was added under MONSTER mob category for biomesoplenty:bog biome! Mobs should be added to biomes under the same mob category that the mob was registered as to prevent mob cap spawning issues.
[12Apr2026 16:31:44.372] [Server thread/WARN] [net.neoforged.neoforge.server.ServerLifecycleHooks/]: Detected quark:stoneling that was registered with CREATURE mob category but was added under MONSTER mob category for the_bumblezone:bumbling_beepartments biome! Mobs should be added to biomes under the same mob category that the mob was registered as to prevent mob cap spawning issues.
[12Apr2026 16:31:44.372] [Server thread/WARN] [net.neoforged.neoforge.server.ServerLifecycleHooks/]: Detected quark:toretoise that was registered with CREATURE mob category but was added under MONSTER mob category for the_bumblezone:bumbling_beepartments biome! Mobs should be added to biomes under the same mob category that the mob was registered as to prevent mob cap spawning issues.
[12Apr2026 16:31:44.373] [Server thread/WARN] [net.neoforged.neoforge.server.ServerLifecycleHooks/]: Detected quark:stoneling that was registered with CREATURE mob category but was added under MONSTER mob category for minecraft:cherry_grove biome! Mobs should be added to biomes under the same mob category that the mob was registered as to prevent mob cap spawning issues.
[12Apr2026 16:31:44.373] [Server thread/WARN] [net.neoforged.neoforge.server.ServerLifecycleHooks/]: Detected quark:toretoise that was registered with CREATURE mob category but was added under MONSTER mob category for minecraft:cherry_grove biome! Mobs should be added to biomes under the same mob category that the mob was registered as to prevent mob cap spawning issues.
[12Apr2026 16:31:44.373] [Server thread/WARN] [net.neoforged.neoforge.server.ServerLifecycleHooks/]: Detected quark:stoneling that was registered with CREATURE mob category but was added under MONSTER mob category for biomesoplenty:cold_desert biome! Mobs should be added to biomes under the same mob category that the mob was registered as to prevent mob cap spawning issues.
[12Apr2026 16:31:44.373] [Server thread/WARN] [net.neoforged.neoforge.server.ServerLifecycleHooks/]: Detected quark:toretoise that was registered with CREATURE mob category but was added under MONSTER mob category for biomesoplenty:cold_desert biome! Mobs should be added to biomes under the same mob category that the mob was registered as to prevent mob cap spawning issues.
[12Apr2026 16:31:44.374] [Server thread/WARN] [net.neoforged.neoforge.server.ServerLifecycleHooks/]: Detected quark:stoneling that was registered with CREATURE mob category but was added under MONSTER mob category for minecraft:cold_ocean biome! Mobs should be added to biomes under the same mob category that the mob was registered as to prevent mob cap spawning issues.
[12Apr2026 16:31:44.374] [Server thread/WARN] [net.neoforged.neoforge.server.ServerLifecycleHooks/]: Detected quark:toretoise that was registered with CREATURE mob category but was added under MONSTER mob category for minecraft:cold_ocean biome! Mobs should be added to biomes under the same mob category that the mob was registered as to prevent mob cap spawning issues.
[12Apr2026 16:31:44.374] [Server thread/WARN] [net.neoforged.neoforge.server.ServerLifecycleHooks/]: Detected quark:stoneling that was registered with CREATURE mob category but was added under MONSTER mob category for biomesoplenty:coniferous_forest biome! Mobs should be added to biomes under the same mob category that the mob was registered as to prevent mob cap spawning issues.
[12Apr2026 16:31:44.374] [Server thread/WARN] [net.neoforged.neoforge.server.ServerLifecycleHooks/]: Detected quark:toretoise that was registered with CREATURE mob category but was added under MONSTER mob category for biomesoplenty:coniferous_forest biome! Mobs should be added to biomes under the same mob category that the mob was registered as to prevent mob cap spawning issues.
[12Apr2026 16:31:44.375] [Server thread/WARN] [net.neoforged.neoforge.server.ServerLifecycleHooks/]: Detected quark:stoneling that was registered with CREATURE mob category but was added under MONSTER mob category for biomesoplenty:crag biome! Mobs should be added to biomes under the same mob category that the mob was registered as to prevent mob cap spawning issues.
[12Apr2026 16:31:44.375] [Server thread/WARN] [net.neoforged.neoforge.server.ServerLifecycleHooks/]: Detected quark:toretoise that was registered with CREATURE mob category but was added under MONSTER mob category for biomesoplenty:crag biome! Mobs should be added to biomes under the same mob category that the mob was registered as to prevent mob cap spawning issues.
[12Apr2026 16:31:44.376] [Server thread/WARN] [net.neoforged.neoforge.server.ServerLifecycleHooks/]: Detected quark:stoneling that was registered with CREATURE mob category but was added under MONSTER mob category for the_bumblezone:crystal_canyon biome! Mobs should be added to biomes under the same mob category that the mob was registered as to prevent mob cap spawning issues.
[12Apr2026 16:31:44.376] [Server thread/WARN] [net.neoforged.neoforge.server.ServerLifecycleHooks/]: Detected quark:toretoise that was registered with CREATURE mob category but was added under MONSTER mob category for the_bumblezone:crystal_canyon biome! Mobs should be added to biomes under the same mob category that the mob was registered as to prevent mob cap spawning issues.
[12Apr2026 16:31:44.377] [Server thread/WARN] [net.neoforged.neoforge.server.ServerLifecycleHooks/]: Detected quark:stoneling that was registered with CREATURE mob category but was added under MONSTER mob category for minecraft:dark_forest biome! Mobs should be added to biomes under the same mob category that the mob was registered as to prevent mob cap spawning issues.
[12Apr2026 16:31:44.377] [Server thread/WARN] [net.neoforged.neoforge.server.ServerLifecycleHooks/]: Detected quark:toretoise that was registered with CREATURE mob category but was added under MONSTER mob category for minecraft:dark_forest biome! Mobs should be added to biomes under the same mob category that the mob was registered as to prevent mob cap spawning issues.
[12Apr2026 16:31:44.378] [Server thread/WARN] [net.neoforged.neoforge.server.ServerLifecycleHooks/]: Detected quark:stoneling that was registered with CREATURE mob category but was added under MONSTER mob category for biomesoplenty:dead_forest biome! Mobs should be added to biomes under the same mob category that the mob was registered as to prevent mob cap spawning issues.
[12Apr2026 16:31:44.378] [Server thread/WARN] [net.neoforged.neoforge.server.ServerLifecycleHooks/]: Detected quark:toretoise that was registered with CREATURE mob category but was added under MONSTER mob category for biomesoplenty:dead_forest biome! Mobs should be added to biomes under the same mob category that the mob was registered as to prevent mob cap spawning issues.
[12Apr2026 16:31:44.378] [Server thread/WARN] [net.neoforged.neoforge.server.ServerLifecycleHooks/]: Detected quark:stoneling that was registered with CREATURE mob category but was added under MONSTER mob category for minecraft:deep_cold_ocean biome! Mobs should be added to biomes under the same mob category that the mob was registered as to prevent mob cap spawning issues.
[12Apr2026 16:31:44.378] [Server thread/WARN] [net.neoforged.neoforge.server.ServerLifecycleHooks/]: Detected quark:toretoise that was registered with CREATURE mob category but was added under MONSTER mob category for minecraft:deep_cold_ocean biome! Mobs should be added to biomes under the same mob category that the mob was registered as to prevent mob cap spawning issues.
[12Apr2026 16:31:44.378] [Server thread/WARN] [net.neoforged.neoforge.server.ServerLifecycleHooks/]: Detected quark:stoneling that was registered with CREATURE mob category but was added under MONSTER mob category for minecraft:deep_dark biome! Mobs should be added to biomes under the same mob category that the mob was registered as to prevent mob cap spawning issues.
[12Apr2026 16:31:44.379] [Server thread/WARN] [net.neoforged.neoforge.server.ServerLifecycleHooks/]: Detected quark:toretoise that was registered with CREATURE mob category but was added under MONSTER mob category for minecraft:deep_dark biome! Mobs should be added to biomes under the same mob category that the mob was registered as to prevent mob cap spawning issues.
[12Apr2026 16:31:44.379] [Server thread/WARN] [net.neoforged.neoforge.server.ServerLifecycleHooks/]: Detected quark:stoneling that was registered with CREATURE mob category but was added under MONSTER mob category for minecraft:deep_frozen_ocean biome! Mobs should be added to biomes under the same mob category that the mob was registered as to prevent mob cap spawning issues.
[12Apr2026 16:31:44.379] [Server thread/WARN] [net.neoforged.neoforge.server.ServerLifecycleHooks/]: Detected quark:toretoise that was registered with CREATURE mob category but was added under MONSTER mob category for minecraft:deep_frozen_ocean biome! Mobs should be added to biomes under the same mob category that the mob was registered as to prevent mob cap spawning issues.
[12Apr2026 16:31:44.379] [Server thread/WARN] [net.neoforged.neoforge.server.ServerLifecycleHooks/]: Detected quark:stoneling that was registered with CREATURE mob category but was added under MONSTER mob category for minecraft:deep_lukewarm_ocean biome! Mobs should be added to biomes under the same mob category that the mob was registered as to prevent mob cap spawning issues.
[12Apr2026 16:31:44.379] [Server thread/WARN] [net.neoforged.neoforge.server.ServerLifecycleHooks/]: Detected quark:toretoise that was registered with CREATURE mob category but was added under MONSTER mob category for minecraft:deep_lukewarm_ocean biome! Mobs should be added to biomes under the same mob category that the mob was registered as to prevent mob cap spawning issues.
[12Apr2026 16:31:44.380] [Server thread/WARN] [net.neoforged.neoforge.server.ServerLifecycleHooks/]: Detected quark:stoneling that was registered with CREATURE mob category but was added under MONSTER mob category for minecraft:deep_ocean biome! Mobs should be added to biomes under the same mob category that the mob was registered as to prevent mob cap spawning issues.
[12Apr2026 16:31:44.380] [Server thread/WARN] [net.neoforged.neoforge.server.ServerLifecycleHooks/]: Detected quark:toretoise that was registered with CREATURE mob category but was added under MONSTER mob category for minecraft:deep_ocean biome! Mobs should be added to biomes under the same mob category that the mob was registered as to prevent mob cap spawning issues.
[12Apr2026 16:31:44.380] [Server thread/WARN] [net.neoforged.neoforge.server.ServerLifecycleHooks/]: Detected quark:stoneling that was registered with CREATURE mob category but was added under MONSTER mob category for terrablender:deferred_placeholder biome! Mobs should be added to biomes under the same mob category that the mob was registered as to prevent mob cap spawning issues.
[12Apr2026 16:31:44.380] [Server thread/WARN] [net.neoforged.neoforge.server.ServerLifecycleHooks/]: Detected quark:toretoise that was registered with CREATURE mob category but was added under MONSTER mob category for terrablender:deferred_placeholder biome! Mobs should be added to biomes under the same mob category that the mob was registered as to prevent mob cap spawning issues.
[12Apr2026 16:31:44.381] [Server thread/WARN] [net.neoforged.neoforge.server.ServerLifecycleHooks/]: Detected quark:stoneling that was registered with CREATURE mob category but was added under MONSTER mob category for minecraft:desert biome! Mobs should be added to biomes under the same mob category that the mob was registered as to prevent mob cap spawning issues.
[12Apr2026 16:31:44.381] [Server thread/WARN] [net.neoforged.neoforge.server.ServerLifecycleHooks/]: Detected quark:toretoise that was registered with CREATURE mob category but was added under MONSTER mob category for minecraft:desert biome! Mobs should be added to biomes under the same mob category that the mob was registered as to prevent mob cap spawning issues.
[12Apr2026 16:31:44.381] [Server thread/WARN] [net.neoforged.neoforge.server.ServerLifecycleHooks/]: Detected quark:stoneling that was registered with CREATURE mob category but was added under MONSTER mob category for minecraft:dripstone_caves biome! Mobs should be added to biomes under the same mob category that the mob was registered as to prevent mob cap spawning issues.
[12Apr2026 16:31:44.381] [Server thread/WARN] [net.neoforged.neoforge.server.ServerLifecycleHooks/]: Detected quark:toretoise that was registered with CREATURE mob category but was added under MONSTER mob category for minecraft:dripstone_caves biome! Mobs should be added to biomes under the same mob category that the mob was registered as to prevent mob cap spawning issues.
[12Apr2026 16:31:44.382] [Server thread/WARN] [net.neoforged.neoforge.server.ServerLifecycleHooks/]: Detected quark:stoneling that was registered with CREATURE mob category but was added under MONSTER mob category for biomesoplenty:dryland biome! Mobs should be added to biomes under the same mob category that the mob was registered as to prevent mob cap spawning issues.
[12Apr2026 16:31:44.382] [Server thread/WARN] [net.neoforged.neoforge.server.ServerLifecycleHooks/]: Detected quark:toretoise that was registered with CREATURE mob category but was added under MONSTER mob category for biomesoplenty:dryland biome! Mobs should be added to biomes under the same mob category that the mob was registered as to prevent mob cap spawning issues.
[12Apr2026 16:31:44.382] [Server thread/WARN] [net.neoforged.neoforge.server.ServerLifecycleHooks/]: Detected quark:stoneling that was registered with CREATURE mob category but was added under MONSTER mob category for biomesoplenty:dune_beach biome! Mobs should be added to biomes under the same mob category that the mob was registered as to prevent mob cap spawning issues.
[12Apr2026 16:31:44.382] [Server thread/WARN] [net.neoforged.neoforge.server.ServerLifecycleHooks/]: Detected quark:toretoise that was registered with CREATURE mob category but was added under MONSTER mob category for biomesoplenty:dune_beach biome! Mobs should be added to biomes under the same mob category that the mob was registered as to prevent mob cap spawning issues.
[12Apr2026 16:31:44.384] [Server thread/WARN] [net.neoforged.neoforge.server.ServerLifecycleHooks/]: Detected quark:stoneling that was registered with CREATURE mob category but was added under MONSTER mob category for minecraft:eroded_badlands biome! Mobs should be added to biomes under the same mob category that the mob was registered as to prevent mob cap spawning issues.
[12Apr2026 16:31:44.384] [Server thread/WARN] [net.neoforged.neoforge.server.ServerLifecycleHooks/]: Detected quark:toretoise that was registered with CREATURE mob category but was added under MONSTER mob category for minecraft:eroded_badlands biome! Mobs should be added to biomes under the same mob category that the mob was registered as to prevent mob cap spawning issues.
[12Apr2026 16:31:44.385] [Server thread/WARN] [net.neoforged.neoforge.server.ServerLifecycleHooks/]: Detected quark:stoneling that was registered with CREATURE mob category but was added under MONSTER mob category for biomesoplenty:field biome! Mobs should be added to biomes under the same mob category that the mob was registered as to prevent mob cap spawning issues.
[12Apr2026 16:31:44.385] [Server thread/WARN] [net.neoforged.neoforge.server.ServerLifecycleHooks/]: Detected quark:toretoise that was registered with CREATURE mob category but was added under MONSTER mob category for biomesoplenty:field biome! Mobs should be added to biomes under the same mob category that the mob was registered as to prevent mob cap spawning issues.
[12Apr2026 16:31:44.386] [Server thread/WARN] [net.neoforged.neoforge.server.ServerLifecycleHooks/]: Detected quark:stoneling that was registered with CREATURE mob category but was added under MONSTER mob category for biomesoplenty:fir_clearing biome! Mobs should be added to biomes under the same mob category that the mob was registered as to prevent mob cap spawning issues.
[12Apr2026 16:31:44.386] [Server thread/WARN] [net.neoforged.neoforge.server.ServerLifecycleHooks/]: Detected quark:toretoise that was registered with CREATURE mob category but was added under MONSTER mob category for biomesoplenty:fir_clearing biome! Mobs should be added to biomes under the same mob category that the mob was registered as to prevent mob cap spawning issues.
[12Apr2026 16:31:44.386] [Server thread/WARN] [net.neoforged.neoforge.server.ServerLifecycleHooks/]: Detected quark:stoneling that was registered with CREATURE mob category but was added under MONSTER mob category for biomesoplenty:floodplain biome! Mobs should be added to biomes under the same mob category that the mob was registered as to prevent mob cap spawning issues.
[12Apr2026 16:31:44.386] [Server thread/WARN] [net.neoforged.neoforge.server.ServerLifecycleHooks/]: Detected quark:toretoise that was registered with CREATURE mob category but was added under MONSTER mob category for biomesoplenty:floodplain biome! Mobs should be added to biomes under the same mob category that the mob was registered as to prevent mob cap spawning issues.
[12Apr2026 16:31:44.387] [Server thread/WARN] [net.neoforged.neoforge.server.ServerLifecycleHooks/]: Detected quark:stoneling that was registered with CREATURE mob category but was added under MONSTER mob category for the_bumblezone:floral_meadow biome! Mobs should be added to biomes under the same mob category that the mob was registered as to prevent mob cap spawning issues.
[12Apr2026 16:31:44.387] [Server thread/WARN] [net.neoforged.neoforge.server.ServerLifecycleHooks/]: Detected quark:toretoise that was registered with CREATURE mob category but was added under MONSTER mob category for the_bumblezone:floral_meadow biome! Mobs should be added to biomes under the same mob category that the mob was registered as to prevent mob cap spawning issues.
[12Apr2026 16:31:44.387] [Server thread/WARN] [net.neoforged.neoforge.server.ServerLifecycleHooks/]: Detected quark:stoneling that was registered with CREATURE mob category but was added under MONSTER mob category for minecraft:flower_forest biome! Mobs should be added to biomes under the same mob category that the mob was registered as to prevent mob cap spawning issues.
[12Apr2026 16:31:44.387] [Server thread/WARN] [net.neoforged.neoforge.server.ServerLifecycleHooks/]: Detected quark:toretoise that was registered with CREATURE mob category but was added under MONSTER mob category for minecraft:flower_forest biome! Mobs should be added to biomes under the same mob category that the mob was registered as to prevent mob cap spawning issues.
[12Apr2026 16:31:44.388] [Server thread/WARN] [net.neoforged.neoforge.server.ServerLifecycleHooks/]: Detected quark:stoneling that was registered with CREATURE mob category but was added under MONSTER mob category for minecraft:forest biome! Mobs should be added to biomes under the same mob category that the mob was registered as to prevent mob cap spawning issues.
[12Apr2026 16:31:44.388] [Server thread/WARN] [net.neoforged.neoforge.server.ServerLifecycleHooks/]: Detected quark:toretoise that was registered with CREATURE mob category but was added under MONSTER mob category for minecraft:forest biome! Mobs should be added to biomes under the same mob category that the mob was registered as to prevent mob cap spawning issues.
[12Apr2026 16:31:44.388] [Server thread/WARN] [net.neoforged.neoforge.server.ServerLifecycleHooks/]: Detected quark:stoneling that was registered with CREATURE mob category but was added under MONSTER mob category for biomesoplenty:forested_field biome! Mobs should be added to biomes under the same mob category that the mob was registered as to prevent mob cap spawning issues.
[12Apr2026 16:31:44.388] [Server thread/WARN] [net.neoforged.neoforge.server.ServerLifecycleHooks/]: Detected quark:toretoise that was registered with CREATURE mob category but was added under MONSTER mob category for biomesoplenty:forested_field biome! Mobs should be added to biomes under the same mob category that the mob was registered as to prevent mob cap spawning issues.
[12Apr2026 16:31:44.389] [Server thread/WARN] [net.neoforged.neoforge.server.ServerLifecycleHooks/]: Detected quark:stoneling that was registered with CREATURE mob category but was added under MONSTER mob category for minecraft:frozen_ocean biome! Mobs should be added to biomes under the same mob category that the mob was registered as to prevent mob cap spawning issues.
[12Apr2026 16:31:44.389] [Server thread/WARN] [net.neoforged.neoforge.server.ServerLifecycleHooks/]: Detected quark:toretoise that was registered with CREATURE mob category but was added under MONSTER mob category for minecraft:frozen_ocean biome! Mobs should be added to biomes under the same mob category that the mob was registered as to prevent mob cap spawning issues.
[12Apr2026 16:31:44.389] [Server thread/WARN] [net.neoforged.neoforge.server.ServerLifecycleHooks/]: Detected quark:stoneling that was registered with CREATURE mob category but was added under MONSTER mob category for minecraft:frozen_peaks biome! Mobs should be added to biomes under the same mob category that the mob was registered as to prevent mob cap spawning issues.
[12Apr2026 16:31:44.389] [Server thread/WARN] [net.neoforged.neoforge.server.ServerLifecycleHooks/]: Detected quark:toretoise that was registered with CREATURE mob category but was added under MONSTER mob category for minecraft:frozen_peaks biome! Mobs should be added to biomes under the same mob category that the mob was registered as to prevent mob cap spawning issues.
[12Apr2026 16:31:44.390] [Server thread/WARN] [net.neoforged.neoforge.server.ServerLifecycleHooks/]: Detected quark:stoneling that was registered with CREATURE mob category but was added under MONSTER mob category for minecraft:frozen_river biome! Mobs should be added to biomes under the same mob category that the mob was registered as to prevent mob cap spawning issues.
[12Apr2026 16:31:44.390] [Server thread/WARN] [net.neoforged.neoforge.server.ServerLifecycleHooks/]: Detected quark:toretoise that was registered with CREATURE mob category but was added under MONSTER mob category for minecraft:frozen_river biome! Mobs should be added to biomes under the same mob category that the mob was registered as to prevent mob cap spawning issues.
[12Apr2026 16:31:44.390] [Server thread/WARN] [net.neoforged.neoforge.server.ServerLifecycleHooks/]: Detected quark:stoneling that was registered with CREATURE mob category but was added under MONSTER mob category for biomesoplenty:fungal_jungle biome! Mobs should be added to biomes under the same mob category that the mob was registered as to prevent mob cap spawning issues.
[12Apr2026 16:31:44.390] [Server thread/WARN] [net.neoforged.neoforge.server.ServerLifecycleHooks/]: Detected quark:toretoise that was registered with CREATURE mob category but was added under MONSTER mob category for biomesoplenty:fungal_jungle biome! Mobs should be added to biomes under the same mob category that the mob was registered as to prevent mob cap spawning issues.
[12Apr2026 16:31:44.391] [Server thread/WARN] [net.neoforged.neoforge.server.ServerLifecycleHooks/]: Detected quark:stoneling that was registered with CREATURE mob category but was added under MONSTER mob category for quark:glimmering_weald biome! Mobs should be added to biomes under the same mob category that the mob was registered as to prevent mob cap spawning issues.
[12Apr2026 16:31:44.391] [Server thread/WARN] [net.neoforged.neoforge.server.ServerLifecycleHooks/]: Detected quark:toretoise that was registered with CREATURE mob category but was added under MONSTER mob category for quark:glimmering_weald biome! Mobs should be added to biomes under the same mob category that the mob was registered as to prevent mob cap spawning issues.
[12Apr2026 16:31:44.391] [Server thread/WARN] [net.neoforged.neoforge.server.ServerLifecycleHooks/]: Detected quark:stoneling that was registered with CREATURE mob category but was added under MONSTER mob category for biomesoplenty:glowing_grotto biome! Mobs should be added to biomes under the same mob category that the mob was registered as to prevent mob cap spawning issues.
[12Apr2026 16:31:44.391] [Server thread/WARN] [net.neoforged.neoforge.server.ServerLifecycleHooks/]: Detected quark:toretoise that was registered with CREATURE mob category but was added under MONSTER mob category for biomesoplenty:glowing_grotto biome! Mobs should be added to biomes under the same mob category that the mob was registered as to prevent mob cap spawning issues.
[12Apr2026 16:31:44.391] [Server thread/WARN] [net.neoforged.neoforge.server.ServerLifecycleHooks/]: Detected quark:stoneling that was registered with CREATURE mob category but was added under MONSTER mob category for biomesoplenty:grassland biome! Mobs should be added to biomes under the same mob category that the mob was registered as to prevent mob cap spawning issues.
[12Apr2026 16:31:44.392] [Server thread/WARN] [net.neoforged.neoforge.server.ServerLifecycleHooks/]: Detected quark:toretoise that was registered with CREATURE mob category but was added under MONSTER mob category for biomesoplenty:grassland biome! Mobs should be added to biomes under the same mob category that the mob was registered as to prevent mob cap spawning issues.
[12Apr2026 16:31:44.392] [Server thread/WARN] [net.neoforged.neoforge.server.ServerLifecycleHooks/]: Detected quark:stoneling that was registered with CREATURE mob category but was added under MONSTER mob category for biomesoplenty:gravel_beach biome! Mobs should be added to biomes under the same mob category that the mob was registered as to prevent mob cap spawning issues.
[12Apr2026 16:31:44.392] [Server thread/WARN] [net.neoforged.neoforge.server.ServerLifecycleHooks/]: Detected quark:toretoise that was registered with CREATURE mob category but was added under MONSTER mob category for biomesoplenty:gravel_beach biome! Mobs should be added to biomes under the same mob category that the mob was registered as to prevent mob cap spawning issues.
[12Apr2026 16:31:44.392] [Server thread/WARN] [net.neoforged.neoforge.server.ServerLifecycleHooks/]: Detected quark:stoneling that was registered with CREATURE mob category but was added under MONSTER mob category for minecraft:grove biome! Mobs should be added to biomes under the same mob category that the mob was registered as to prevent mob cap spawning issues.
[12Apr2026 16:31:44.392] [Server thread/WARN] [net.neoforged.neoforge.server.ServerLifecycleHooks/]: Detected quark:toretoise that was registered with CREATURE mob category but was added under MONSTER mob category for minecraft:grove biome! Mobs should be added to biomes under the same mob category that the mob was registered as to prevent mob cap spawning issues.
[12Apr2026 16:31:44.393] [Server thread/WARN] [net.neoforged.neoforge.server.ServerLifecycleHooks/]: Detected quark:stoneling that was registered with CREATURE mob category but was added under MONSTER mob category for biomesoplenty:highland biome! Mobs should be added to biomes under the same mob category that the mob was registered as to prevent mob cap spawning issues.
[12Apr2026 16:31:44.393] [Server thread/WARN] [net.neoforged.neoforge.server.ServerLifecycleHooks/]: Detected quark:toretoise that was registered with CREATURE mob category but was added under MONSTER mob category for biomesoplenty:highland biome! Mobs should be added to biomes under the same mob category that the mob was registered as to prevent mob cap spawning issues.
[12Apr2026 16:31:44.393] [Server thread/WARN] [net.neoforged.neoforge.server.ServerLifecycleHooks/]: Detected quark:stoneling that was registered with CREATURE mob category but was added under MONSTER mob category for the_bumblezone:hive_pillar biome! Mobs should be added to biomes under the same mob category that the mob was registered as to prevent mob cap spawning issues.
[12Apr2026 16:31:44.393] [Server thread/WARN] [net.neoforged.neoforge.server.ServerLifecycleHooks/]: Detected quark:toretoise that was registered with CREATURE mob category but was added under MONSTER mob category for the_bumblezone:hive_pillar biome! Mobs should be added to biomes under the same mob category that the mob was registered as to prevent mob cap spawning issues.
[12Apr2026 16:31:44.394] [Server thread/WARN] [net.neoforged.neoforge.server.ServerLifecycleHooks/]: Detected quark:stoneling that was registered with CREATURE mob category but was added under MONSTER mob category for the_bumblezone:hive_wall biome! Mobs should be added to biomes under the same mob category that the mob was registered as to prevent mob cap spawning issues.
[12Apr2026 16:31:44.394] [Server thread/WARN] [net.neoforged.neoforge.server.ServerLifecycleHooks/]: Detected quark:toretoise that was registered with CREATURE mob category but was added under MONSTER mob category for the_bumblezone:hive_wall biome! Mobs should be added to biomes under the same mob category that the mob was registered as to prevent mob cap spawning issues.
[12Apr2026 16:31:44.394] [Server thread/WARN] [net.neoforged.neoforge.server.ServerLifecycleHooks/]: Detected quark:stoneling that was registered with CREATURE mob category but was added under MONSTER mob category for biomesoplenty:hot_springs biome! Mobs should be added to biomes under the same mob category that the mob was registered as to prevent mob cap spawning issues.
[12Apr2026 16:31:44.394] [Server thread/WARN] [net.neoforged.neoforge.server.ServerLifecycleHooks/]: Detected quark:toretoise that was registered with CREATURE mob category but was added under MONSTER mob category for biomesoplenty:hot_springs biome! Mobs should be added to biomes under the same mob category that the mob was registered as to prevent mob cap spawning issues.
[12Apr2026 16:31:44.395] [Server thread/WARN] [net.neoforged.neoforge.server.ServerLifecycleHooks/]: Detected quark:stoneling that was registered with CREATURE mob category but was added under MONSTER mob category for the_bumblezone:howling_constructs biome! Mobs should be added to biomes under the same mob category that the mob was registered as to prevent mob cap spawning issues.
[12Apr2026 16:31:44.395] [Server thread/WARN] [net.neoforged.neoforge.server.ServerLifecycleHooks/]: Detected quark:toretoise that was registered with CREATURE mob category but was added under MONSTER mob category for the_bumblezone:howling_constructs biome! Mobs should be added to biomes under the same mob category that the mob was registered as to prevent mob cap spawning issues.
[12Apr2026 16:31:44.395] [Server thread/WARN] [net.neoforged.neoforge.server.ServerLifecycleHooks/]: Detected quark:stoneling that was registered with CREATURE mob category but was added under MONSTER mob category for minecraft:ice_spikes biome! Mobs should be added to biomes under the same mob category that the mob was registered as to prevent mob cap spawning issues.
[12Apr2026 16:31:44.395] [Server thread/WARN] [net.neoforged.neoforge.server.ServerLifecycleHooks/]: Detected quark:toretoise that was registered with CREATURE mob category but was added under MONSTER mob category for minecraft:ice_spikes biome! Mobs should be added to biomes under the same mob category that the mob was registered as to prevent mob cap spawning issues.
[12Apr2026 16:31:44.395] [Server thread/WARN] [net.neoforged.neoforge.server.ServerLifecycleHooks/]: Detected quark:stoneling that was registered with CREATURE mob category but was added under MONSTER mob category for biomesoplenty:jacaranda_glade biome! Mobs should be added to biomes under the same mob category that the mob was registered as to prevent mob cap spawning issues.
[12Apr2026 16:31:44.395] [Server thread/WARN] [net.neoforged.neoforge.server.ServerLifecycleHooks/]: Detected quark:toretoise that was registered with CREATURE mob category but was added under MONSTER mob category for biomesoplenty:jacaranda_glade biome! Mobs should be added to biomes under the same mob category that the mob was registered as to prevent mob cap spawning issues.
[12Apr2026 16:31:44.396] [Server thread/WARN] [net.neoforged.neoforge.server.ServerLifecycleHooks/]: Detected quark:stoneling that was registered with CREATURE mob category but was added under MONSTER mob category for biomesoplenty:jade_cliffs biome! Mobs should be added to biomes under the same mob category that the mob was registered as to prevent mob cap spawning issues.
[12Apr2026 16:31:44.396] [Server thread/WARN] [net.neoforged.neoforge.server.ServerLifecycleHooks/]: Detected quark:toretoise that was registered with CREATURE mob category but was added under MONSTER mob category for biomesoplenty:jade_cliffs biome! Mobs should be added to biomes under the same mob category that the mob was registered as to prevent mob cap spawning issues.
[12Apr2026 16:31:44.396] [Server thread/WARN] [net.neoforged.neoforge.server.ServerLifecycleHooks/]: Detected quark:stoneling that was registered with CREATURE mob category but was added under MONSTER mob category for minecraft:jagged_peaks biome! Mobs should be added to biomes under the same mob category that the mob was registered as to prevent mob cap spawning issues.
[12Apr2026 16:31:44.396] [Server thread/WARN] [net.neoforged.neoforge.server.ServerLifecycleHooks/]: Detected quark:toretoise that was registered with CREATURE mob category but was added under MONSTER mob category for minecraft:jagged_peaks biome! Mobs should be added to biomes under the same mob category that the mob was registered as to prevent mob cap spawning issues.
[12Apr2026 16:31:44.397] [Server thread/WARN] [net.neoforged.neoforge.server.ServerLifecycleHooks/]: Detected quark:stoneling that was registered with CREATURE mob category but was added under MONSTER mob category for minecraft:jungle biome! Mobs should be added to biomes under the same mob category that the mob was registered as to prevent mob cap spawning issues.
[12Apr2026 16:31:44.397] [Server thread/WARN] [net.neoforged.neoforge.server.ServerLifecycleHooks/]: Detected quark:toretoise that was registered with CREATURE mob category but was added under MONSTER mob category for minecraft:jungle biome! Mobs should be added to biomes under the same mob category that the mob was registered as to prevent mob cap spawning issues.
[12Apr2026 16:31:44.397] [Server thread/WARN] [net.neoforged.neoforge.server.ServerLifecycleHooks/]: Detected quark:stoneling that was registered with CREATURE mob category but was added under MONSTER mob category for biomesoplenty:lavender_field biome! Mobs should be added to biomes under the same mob category that the mob was registered as to prevent mob cap spawning issues.
[12Apr2026 16:31:44.397] [Server thread/WARN] [net.neoforged.neoforge.server.ServerLifecycleHooks/]: Detected quark:toretoise that was registered with CREATURE mob category but was added under MONSTER mob category for biomesoplenty:lavender_field biome! Mobs should be added to biomes under the same mob category that the mob was registered as to prevent mob cap spawning issues.
[12Apr2026 16:31:44.397] [Server thread/WARN] [net.neoforged.neoforge.server.ServerLifecycleHooks/]: Detected quark:stoneling that was registered with CREATURE mob category but was added under MONSTER mob category for minecraft:lukewarm_ocean biome! Mobs should be added to biomes under the same mob category that the mob was registered as to prevent mob cap spawning issues.
[12Apr2026 16:31:44.397] [Server thread/WARN] [net.neoforged.neoforge.server.ServerLifecycleHooks/]: Detected quark:toretoise that was registered with CREATURE mob category but was added under MONSTER mob category for minecraft:lukewarm_ocean biome! Mobs should be added to biomes under the same mob category that the mob was registered as to prevent mob cap spawning issues.
[12Apr2026 16:31:44.398] [Server thread/WARN] [net.neoforged.neoforge.server.ServerLifecycleHooks/]: Detected quark:stoneling that was registered with CREATURE mob category but was added under MONSTER mob category for minecraft:lush_caves biome! Mobs should be added to biomes under the same mob category that the mob was registered as to prevent mob cap spawning issues.
[12Apr2026 16:31:44.398] [Server thread/WARN] [net.neoforged.neoforge.server.ServerLifecycleHooks/]: Detected quark:toretoise that was registered with CREATURE mob category but was added under MONSTER mob category for minecraft:lush_caves biome! Mobs should be added to biomes under the same mob category that the mob was registered as to prevent mob cap spawning issues.
[12Apr2026 16:31:44.398] [Server thread/WARN] [net.neoforged.neoforge.server.ServerLifecycleHooks/]: Detected quark:stoneling that was registered with CREATURE mob category but was added under MONSTER mob category for biomesoplenty:lush_desert biome! Mobs should be added to biomes under the same mob category that the mob was registered as to prevent mob cap spawning issues.
[12Apr2026 16:31:44.398] [Server thread/WARN] [net.neoforged.neoforge.server.ServerLifecycleHooks/]: Detected quark:toretoise that was registered with CREATURE mob category but was added under MONSTER mob category for biomesoplenty:lush_desert biome! Mobs should be added to biomes under the same mob category that the mob was registered as to prevent mob cap spawning issues.
[12Apr2026 16:31:44.399] [Server thread/WARN] [net.neoforged.neoforge.server.ServerLifecycleHooks/]: Detected quark:stoneling that was registered with CREATURE mob category but was added under MONSTER mob category for biomesoplenty:lush_savanna biome! Mobs should be added to biomes under the same mob category that the mob was registered as to prevent mob cap spawning issues.
[12Apr2026 16:31:44.399] [Server thread/WARN] [net.neoforged.neoforge.server.ServerLifecycleHooks/]: Detected quark:toretoise that was registered with CREATURE mob category but was added under MONSTER mob category for biomesoplenty:lush_savanna biome! Mobs should be added to biomes under the same mob category that the mob was registered as to prevent mob cap spawning issues.
[12Apr2026 16:31:44.399] [Server thread/WARN] [net.neoforged.neoforge.server.ServerLifecycleHooks/]: Detected quark:stoneling that was registered with CREATURE mob category but was added under MONSTER mob category for minecraft:mangrove_swamp biome! Mobs should be added to biomes under the same mob category that the mob was registered as to prevent mob cap spawning issues.
[12Apr2026 16:31:44.399] [Server thread/WARN] [net.neoforged.neoforge.server.ServerLifecycleHooks/]: Detected quark:toretoise that was registered with CREATURE mob category but was added under MONSTER mob category for minecraft:mangrove_swamp biome! Mobs should be added to biomes under the same mob category that the mob was registered as to prevent mob cap spawning issues.
[12Apr2026 16:31:44.399] [Server thread/WARN] [net.neoforged.neoforge.server.ServerLifecycleHooks/]: Detected quark:stoneling that was registered with CREATURE mob category but was added under MONSTER mob category for biomesoplenty:maple_woods biome! Mobs should be added to biomes under the same mob category that the mob was registered as to prevent mob cap spawning issues.
[12Apr2026 16:31:44.400] [Server thread/WARN] [net.neoforged.neoforge.server.ServerLifecycleHooks/]: Detected quark:toretoise that was registered with CREATURE mob category but was added under MONSTER mob category for biomesoplenty:maple_woods biome! Mobs should be added to biomes under the same mob category that the mob was registered as to prevent mob cap spawning issues.
[12Apr2026 16:31:44.400] [Server thread/WARN] [net.neoforged.neoforge.server.ServerLifecycleHooks/]: Detected quark:stoneling that was registered with CREATURE mob category but was added under MONSTER mob category for biomesoplenty:marsh biome! Mobs should be added to biomes under the same mob category that the mob was registered as to prevent mob cap spawning issues.
[12Apr2026 16:31:44.400] [Server thread/WARN] [net.neoforged.neoforge.server.ServerLifecycleHooks/]: Detected quark:toretoise that was registered with CREATURE mob category but was added under MONSTER mob category for biomesoplenty:marsh biome! Mobs should be added to biomes under the same mob category that the mob was registered as to prevent mob cap spawning issues.
[12Apr2026 16:31:44.400] [Server thread/WARN] [net.neoforged.neoforge.server.ServerLifecycleHooks/]: Detected quark:stoneling that was registered with CREATURE mob category but was added under MONSTER mob category for minecraft:meadow biome! Mobs should be added to biomes under the same mob category that the mob was registered as to prevent mob cap spawning issues.
[12Apr2026 16:31:44.400] [Server thread/WARN] [net.neoforged.neoforge.server.ServerLifecycleHooks/]: Detected quark:toretoise that was registered with CREATURE mob category but was added under MONSTER mob category for minecraft:meadow biome! Mobs should be added to biomes under the same mob category that the mob was registered as to prevent mob cap spawning issues.
[12Apr2026 16:31:44.401] [Server thread/WARN] [net.neoforged.neoforge.server.ServerLifecycleHooks/]: Detected quark:stoneling that was registered with CREATURE mob category but was added under MONSTER mob category for biomesoplenty:mediterranean_forest biome! Mobs should be added to biomes under the same mob category that the mob was registered as to prevent mob cap spawning issues.
[12Apr2026 16:31:44.401] [Server thread/WARN] [net.neoforged.neoforge.server.ServerLifecycleHooks/]: Detected quark:toretoise that was registered with CREATURE mob category but was added under MONSTER mob category for biomesoplenty:mediterranean_forest biome! Mobs should be added to biomes under the same mob category that the mob was registered as to prevent mob cap spawning issues.
[12Apr2026 16:31:44.401] [Server thread/WARN] [net.neoforged.neoforge.server.ServerLifecycleHooks/]: Detected quark:stoneling that was registered with CREATURE mob category but was added under MONSTER mob category for biomesoplenty:moor biome! Mobs should be added to biomes under the same mob category that the mob was registered as to prevent mob cap spawning issues.
[12Apr2026 16:31:44.401] [Server thread/WARN] [net.neoforged.neoforge.server.ServerLifecycleHooks/]: Detected quark:toretoise that was registered with CREATURE mob category but was added under MONSTER mob category for biomesoplenty:moor biome! Mobs should be added to biomes under the same mob category that the mob was registered as to prevent mob cap spawning issues.
[12Apr2026 16:31:44.401] [Server thread/WARN] [net.neoforged.neoforge.server.ServerLifecycleHooks/]: Detected quark:stoneling that was registered with CREATURE mob category but was added under MONSTER mob category for minecraft:mushroom_fields biome! Mobs should be added to biomes under the same mob category that the mob was registered as to prevent mob cap spawning issues.
[12Apr2026 16:31:44.402] [Server thread/WARN] [net.neoforged.neoforge.server.ServerLifecycleHooks/]: Detected quark:toretoise that was registered with CREATURE mob category but was added under MONSTER mob category for minecraft:mushroom_fields biome! Mobs should be added to biomes under the same mob category that the mob was registered as to prevent mob cap spawning issues.
[12Apr2026 16:31:44.402] [Server thread/WARN] [net.neoforged.neoforge.server.ServerLifecycleHooks/]: Detected quark:stoneling that was registered with CREATURE mob category but was added under MONSTER mob category for biomesoplenty:muskeg biome! Mobs should be added to biomes under the same mob category that the mob was registered as to prevent mob cap spawning issues.
[12Apr2026 16:31:44.402] [Server thread/WARN] [net.neoforged.neoforge.server.ServerLifecycleHooks/]: Detected quark:toretoise that was registered with CREATURE mob category but was added under MONSTER mob category for biomesoplenty:muskeg biome! Mobs should be added to biomes under the same mob category that the mob was registered as to prevent mob cap spawning issues.
[12Apr2026 16:31:44.402] [Server thread/WARN] [net.neoforged.neoforge.server.ServerLifecycleHooks/]: Detected quark:stoneling that was registered with CREATURE mob category but was added under MONSTER mob category for biomesoplenty:mystic_grove biome! Mobs should be added to biomes under the same mob category that the mob was registered as to prevent mob cap spawning issues.
[12Apr2026 16:31:44.402] [Server thread/WARN] [net.neoforged.neoforge.server.ServerLifecycleHooks/]: Detected quark:toretoise that was registered with CREATURE mob category but was added under MONSTER mob category for biomesoplenty:mystic_grove biome! Mobs should be added to biomes under the same mob category that the mob was registered as to prevent mob cap spawning issues.
[12Apr2026 16:31:44.403] [Server thread/WARN] [net.neoforged.neoforge.server.ServerLifecycleHooks/]: Detected quark:foxhound that was registered with CREATURE mob category but was added under MONSTER mob category for minecraft:nether_wastes biome! Mobs should be added to biomes under the same mob category that the mob was registered as to prevent mob cap spawning issues.
[12Apr2026 16:31:44.403] [Server thread/WARN] [net.neoforged.neoforge.server.ServerLifecycleHooks/]: Detected quark:stoneling that was registered with CREATURE mob category but was added under MONSTER mob category for minecraft:ocean biome! Mobs should be added to biomes under the same mob category that the mob was registered as to prevent mob cap spawning issues.
[12Apr2026 16:31:44.403] [Server thread/WARN] [net.neoforged.neoforge.server.ServerLifecycleHooks/]: Detected quark:toretoise that was registered with CREATURE mob category but was added under MONSTER mob category for minecraft:ocean biome! Mobs should be added to biomes under the same mob category that the mob was registered as to prevent mob cap spawning issues.
[12Apr2026 16:31:44.404] [Server thread/WARN] [net.neoforged.neoforge.server.ServerLifecycleHooks/]: Detected quark:stoneling that was registered with CREATURE mob category but was added under MONSTER mob category for minecraft:old_growth_birch_forest biome! Mobs should be added to biomes under the same mob category that the mob was registered as to prevent mob cap spawning issues.
[12Apr2026 16:31:44.404] [Server thread/WARN] [net.neoforged.neoforge.server.ServerLifecycleHooks/]: Detected quark:toretoise that was registered with CREATURE mob category but was added under MONSTER mob category for minecraft:old_growth_birch_forest biome! Mobs should be added to biomes under the same mob category that the mob was registered as to prevent mob cap spawning issues.
[12Apr2026 16:31:44.404] [Server thread/WARN] [net.neoforged.neoforge.server.ServerLifecycleHooks/]: Detected quark:stoneling that was registered with CREATURE mob category but was added under MONSTER mob category for biomesoplenty:old_growth_dead_forest biome! Mobs should be added to biomes under the same mob category that the mob was registered as to prevent mob cap spawning issues.
[12Apr2026 16:31:44.404] [Server thread/WARN] [net.neoforged.neoforge.server.ServerLifecycleHooks/]: Detected quark:toretoise that was registered with CREATURE mob category but was added under MONSTER mob category for biomesoplenty:old_growth_dead_forest biome! Mobs should be added to biomes under the same mob category that the mob was registered as to prevent mob cap spawning issues.
[12Apr2026 16:31:44.404] [Server thread/WARN] [net.neoforged.neoforge.server.ServerLifecycleHooks/]: Detected quark:stoneling that was registered with CREATURE mob category but was added under MONSTER mob category for minecraft:old_growth_pine_taiga biome! Mobs should be added to biomes under the same mob category that the mob was registered as to prevent mob cap spawning issues.
[12Apr2026 16:31:44.405] [Server thread/WARN] [net.neoforged.neoforge.server.ServerLifecycleHooks/]: Detected quark:toretoise that was registered with CREATURE mob category but was added under MONSTER mob category for minecraft:old_growth_pine_taiga biome! Mobs should be added to biomes under the same mob category that the mob was registered as to prevent mob cap spawning issues.
[12Apr2026 16:31:44.405] [Server thread/WARN] [net.neoforged.neoforge.server.ServerLifecycleHooks/]: Detected quark:stoneling that was registered with CREATURE mob category but was added under MONSTER mob category for minecraft:old_growth_spruce_taiga biome! Mobs should be added to biomes under the same mob category that the mob was registered as to prevent mob cap spawning issues.
[12Apr2026 16:31:44.405] [Server thread/WARN] [net.neoforged.neoforge.server.ServerLifecycleHooks/]: Detected quark:toretoise that was registered with CREATURE mob category but was added under MONSTER mob category for minecraft:old_growth_spruce_taiga biome! Mobs should be added to biomes under the same mob category that the mob was registered as to prevent mob cap spawning issues.
[12Apr2026 16:31:44.405] [Server thread/WARN] [net.neoforged.neoforge.server.ServerLifecycleHooks/]: Detected quark:stoneling that was registered with CREATURE mob category but was added under MONSTER mob category for biomesoplenty:old_growth_woodland biome! Mobs should be added to biomes under the same mob category that the mob was registered as to prevent mob cap spawning issues.
[12Apr2026 16:31:44.405] [Server thread/WARN] [net.neoforged.neoforge.server.ServerLifecycleHooks/]: Detected quark:toretoise that was registered with CREATURE mob category but was added under MONSTER mob category for biomesoplenty:old_growth_woodland biome! Mobs should be added to biomes under the same mob category that the mob was registered as to prevent mob cap spawning issues.
[12Apr2026 16:31:44.406] [Server thread/WARN] [net.neoforged.neoforge.server.ServerLifecycleHooks/]: Detected quark:stoneling that was registered with CREATURE mob category but was added under MONSTER mob category for biomesoplenty:ominous_woods biome! Mobs should be added to biomes under the same mob category that the mob was registered as to prevent mob cap spawning issues.
[12Apr2026 16:31:44.406] [Server thread/WARN] [net.neoforged.neoforge.server.ServerLifecycleHooks/]: Detected quark:toretoise that was registered with CREATURE mob category but was added under MONSTER mob category for biomesoplenty:ominous_woods biome! Mobs should be added to biomes under the same mob category that the mob was registered as to prevent mob cap spawning issues.
[12Apr2026 16:31:44.406] [Server thread/WARN] [net.neoforged.neoforge.server.ServerLifecycleHooks/]: Detected quark:stoneling that was registered with CREATURE mob category but was added under MONSTER mob category for biomesoplenty:orchard biome! Mobs should be added to biomes under the same mob category that the mob was registered as to prevent mob cap spawning issues.
[12Apr2026 16:31:44.406] [Server thread/WARN] [net.neoforged.neoforge.server.ServerLifecycleHooks/]: Detected quark:toretoise that was registered with CREATURE mob category but was added under MONSTER mob category for biomesoplenty:orchard biome! Mobs should be added to biomes under the same mob category that the mob was registered as to prevent mob cap spawning issues.
[12Apr2026 16:31:44.407] [Server thread/WARN] [net.neoforged.neoforge.server.ServerLifecycleHooks/]: Detected quark:stoneling that was registered with CREATURE mob category but was added under MONSTER mob category for biomesoplenty:origin_valley biome! Mobs should be added to biomes under the same mob category that the mob was registered as to prevent mob cap spawning issues.
[12Apr2026 16:31:44.407] [Server thread/WARN] [net.neoforged.neoforge.server.ServerLifecycleHooks/]: Detected quark:toretoise that was registered with CREATURE mob category but was added under MONSTER mob category for biomesoplenty:origin_valley biome! Mobs should be added to biomes under the same mob category that the mob was registered as to prevent mob cap spawning issues.
[12Apr2026 16:31:44.407] [Server thread/WARN] [net.neoforged.neoforge.server.ServerLifecycleHooks/]: Detected quark:stoneling that was registered with CREATURE mob category but was added under MONSTER mob category for biomesoplenty:overgrown_greens biome! Mobs should be added to biomes under the same mob category that the mob was registered as to prevent mob cap spawning issues.
[12Apr2026 16:31:44.407] [Server thread/WARN] [net.neoforged.neoforge.server.ServerLifecycleHooks/]: Detected quark:toretoise that was registered with CREATURE mob category but was added under MONSTER mob category for biomesoplenty:overgrown_greens biome! Mobs should be added to biomes under the same mob category that the mob was registered as to prevent mob cap spawning issues.
[12Apr2026 16:31:44.407] [Server thread/WARN] [net.neoforged.neoforge.server.ServerLifecycleHooks/]: Detected quark:stoneling that was registered with CREATURE mob category but was added under MONSTER mob category for biomesoplenty:pasture biome! Mobs should be added to biomes under the same mob category that the mob was registered as to prevent mob cap spawning issues.
[12Apr2026 16:31:44.407] [Server thread/WARN] [net.neoforged.neoforge.server.ServerLifecycleHooks/]: Detected quark:toretoise that was registered with CREATURE mob category but was added under MONSTER mob category for biomesoplenty:pasture biome! Mobs should be added to biomes under the same mob category that the mob was registered as to prevent mob cap spawning issues.
[12Apr2026 16:31:44.408] [Server thread/WARN] [net.neoforged.neoforge.server.ServerLifecycleHooks/]: Detected quark:stoneling that was registered with CREATURE mob category but was added under MONSTER mob category for minecraft:plains biome! Mobs should be added to biomes under the same mob category that the mob was registered as to prevent mob cap spawning issues.
[12Apr2026 16:31:44.408] [Server thread/WARN] [net.neoforged.neoforge.server.ServerLifecycleHooks/]: Detected quark:toretoise that was registered with CREATURE mob category but was added under MONSTER mob category for minecraft:plains biome! Mobs should be added to biomes under the same mob category that the mob was registered as to prevent mob cap spawning issues.
[12Apr2026 16:31:44.408] [Server thread/WARN] [net.neoforged.neoforge.server.ServerLifecycleHooks/]: Detected quark:stoneling that was registered with CREATURE mob category but was added under MONSTER mob category for the_bumblezone:pollinated_fields biome! Mobs should be added to biomes under the same mob category that the mob was registered as to prevent mob cap spawning issues.
[12Apr2026 16:31:44.408] [Server thread/WARN] [net.neoforged.neoforge.server.ServerLifecycleHooks/]: Detected quark:toretoise that was registered with CREATURE mob category but was added under MONSTER mob category for the_bumblezone:pollinated_fields biome! Mobs should be added to biomes under the same mob category that the mob was registered as to prevent mob cap spawning issues.
[12Apr2026 16:31:44.409] [Server thread/WARN] [net.neoforged.neoforge.server.ServerLifecycleHooks/]: Detected quark:stoneling that was registered with CREATURE mob category but was added under MONSTER mob category for the_bumblezone:pollinated_pillar biome! Mobs should be added to biomes under the same mob category that the mob was registered as to prevent mob cap spawning issues.
[12Apr2026 16:31:44.409] [Server thread/WARN] [net.neoforged.neoforge.server.ServerLifecycleHooks/]: Detected quark:toretoise that was registered with CREATURE mob category but was added under MONSTER mob category for the_bumblezone:pollinated_pillar biome! Mobs should be added to biomes under the same mob category that the mob was registered as to prevent mob cap spawning issues.
[12Apr2026 16:31:44.409] [Server thread/WARN] [net.neoforged.neoforge.server.ServerLifecycleHooks/]: Detected quark:stoneling that was registered with CREATURE mob category but was added under MONSTER mob category for biomesoplenty:prairie biome! Mobs should be added to biomes under the same mob category that the mob was registered as to prevent mob cap spawning issues.
[12Apr2026 16:31:44.409] [Server thread/WARN] [net.neoforged.neoforge.server.ServerLifecycleHooks/]: Detected quark:toretoise that was registered with CREATURE mob category but was added under MONSTER mob category for biomesoplenty:prairie biome! Mobs should be added to biomes under the same mob category that the mob was registered as to prevent mob cap spawning issues.
[12Apr2026 16:31:44.410] [Server thread/WARN] [net.neoforged.neoforge.server.ServerLifecycleHooks/]: Detected quark:stoneling that was registered with CREATURE mob category but was added under MONSTER mob category for biomesoplenty:pumpkin_patch biome! Mobs should be added to biomes under the same mob category that the mob was registered as to prevent mob cap spawning issues.
[12Apr2026 16:31:44.410] [Server thread/WARN] [net.neoforged.neoforge.server.ServerLifecycleHooks/]: Detected quark:toretoise that was registered with CREATURE mob category but was added under MONSTER mob category for biomesoplenty:pumpkin_patch biome! Mobs should be added to biomes under the same mob category that the mob was registered as to prevent mob cap spawning issues.
[12Apr2026 16:31:44.410] [Server thread/WARN] [net.neoforged.neoforge.server.ServerLifecycleHooks/]: Detected minecraft:ocelot that was registered with CREATURE mob category but was added under MONSTER mob category for biomesoplenty:rainforest biome! Mobs should be added to biomes under the same mob category that the mob was registered as to prevent mob cap spawning issues.
[12Apr2026 16:31:44.410] [Server thread/WARN] [net.neoforged.neoforge.server.ServerLifecycleHooks/]: Detected quark:stoneling that was registered with CREATURE mob category but was added under MONSTER mob category for biomesoplenty:rainforest biome! Mobs should be added to biomes under the same mob category that the mob was registered as to prevent mob cap spawning issues.
[12Apr2026 16:31:44.410] [Server thread/WARN] [net.neoforged.neoforge.server.ServerLifecycleHooks/]: Detected quark:toretoise that was registered with CREATURE mob category but was added under MONSTER mob category for biomesoplenty:rainforest biome! Mobs should be added to biomes under the same mob category that the mob was registered as to prevent mob cap spawning issues.
[12Apr2026 16:31:44.411] [Server thread/WARN] [net.neoforged.neoforge.server.ServerLifecycleHooks/]: Detected quark:stoneling that was registered with CREATURE mob category but was added under MONSTER mob category for biomesoplenty:redwood_forest biome! Mobs should be added to biomes under the same mob category that the mob was registered as to prevent mob cap spawning issues.
[12Apr2026 16:31:44.411] [Server thread/WARN] [net.neoforged.neoforge.server.ServerLifecycleHooks/]: Detected quark:toretoise that was registered with CREATURE mob category but was added under MONSTER mob category for biomesoplenty:redwood_forest biome! Mobs should be added to biomes under the same mob category that the mob was registered as to prevent mob cap spawning issues.
[12Apr2026 16:31:44.411] [Server thread/WARN] [net.neoforged.neoforge.server.ServerLifecycleHooks/]: Detected quark:stoneling that was registered with CREATURE mob category but was added under MONSTER mob category for minecraft:river biome! Mobs should be added to biomes under the same mob category that the mob was registered as to prevent mob cap spawning issues.
[12Apr2026 16:31:44.411] [Server thread/WARN] [net.neoforged.neoforge.server.ServerLifecycleHooks/]: Detected quark:toretoise that was registered with CREATURE mob category but was added under MONSTER mob category for minecraft:river biome! Mobs should be added to biomes under the same mob category that the mob was registered as to prevent mob cap spawning issues.
[12Apr2026 16:31:44.411] [Server thread/WARN] [net.neoforged.neoforge.server.ServerLifecycleHooks/]: Detected minecraft:ocelot that was registered with CREATURE mob category but was added under MONSTER mob category for biomesoplenty:rocky_rainforest biome! Mobs should be added to biomes under the same mob category that the mob was registered as to prevent mob cap spawning issues.
[12Apr2026 16:31:44.412] [Server thread/WARN] [net.neoforged.neoforge.server.ServerLifecycleHooks/]: Detected quark:stoneling that was registered with CREATURE mob category but was added under MONSTER mob category for biomesoplenty:rocky_rainforest biome! Mobs should be added to biomes under the same mob category that the mob was registered as to prevent mob cap spawning issues.
[12Apr2026 16:31:44.412] [Server thread/WARN] [net.neoforged.neoforge.server.ServerLifecycleHooks/]: Detected quark:toretoise that was registered with CREATURE mob category but was added under MONSTER mob category for biomesoplenty:rocky_rainforest biome! Mobs should be added to biomes under the same mob category that the mob was registered as to prevent mob cap spawning issues.
[12Apr2026 16:31:44.412] [Server thread/WARN] [net.neoforged.neoforge.server.ServerLifecycleHooks/]: Detected quark:stoneling that was registered with CREATURE mob category but was added under MONSTER mob category for biomesoplenty:rocky_shrubland biome! Mobs should be added to biomes under the same mob category that the mob was registered as to prevent mob cap spawning issues.
[12Apr2026 16:31:44.412] [Server thread/WARN] [net.neoforged.neoforge.server.ServerLifecycleHooks/]: Detected quark:toretoise that was registered with CREATURE mob category but was added under MONSTER mob category for biomesoplenty:rocky_shrubland biome! Mobs should be added to biomes under the same mob category that the mob was registered as to prevent mob cap spawning issues.
[12Apr2026 16:31:44.412] [Server thread/WARN] [net.neoforged.neoforge.server.ServerLifecycleHooks/]: Detected quark:stoneling that was registered with CREATURE mob category but was added under MONSTER mob category for minecraft:savanna biome! Mobs should be added to biomes under the same mob category that the mob was registered as to prevent mob cap spawning issues.
[12Apr2026 16:31:44.412] [Server thread/WARN] [net.neoforged.neoforge.server.ServerLifecycleHooks/]: Detected quark:toretoise that was registered with CREATURE mob category but was added under MONSTER mob category for minecraft:savanna biome! Mobs should be added to biomes under the same mob category that the mob was registered as to prevent mob cap spawning issues.
[12Apr2026 16:31:44.413] [Server thread/WARN] [net.neoforged.neoforge.server.ServerLifecycleHooks/]: Detected quark:stoneling that was registered with CREATURE mob category but was added under MONSTER mob category for minecraft:savanna_plateau biome! Mobs should be added to biomes under the same mob category that the mob was registered as to prevent mob cap spawning issues.
[12Apr2026 16:31:44.413] [Server thread/WARN] [net.neoforged.neoforge.server.ServerLifecycleHooks/]: Detected quark:toretoise that was registered with CREATURE mob category but was added under MONSTER mob category for minecraft:savanna_plateau biome! Mobs should be added to biomes under the same mob category that the mob was registered as to prevent mob cap spawning issues.
[12Apr2026 16:31:44.413] [Server thread/WARN] [net.neoforged.neoforge.server.ServerLifecycleHooks/]: Detected quark:stoneling that was registered with CREATURE mob category but was added under MONSTER mob category for biomesoplenty:scrubland biome! Mobs should be added to biomes under the same mob category that the mob was registered as to prevent mob cap spawning issues.
[12Apr2026 16:31:44.413] [Server thread/WARN] [net.neoforged.neoforge.server.ServerLifecycleHooks/]: Detected quark:toretoise that was registered with CREATURE mob category but was added under MONSTER mob category for biomesoplenty:scrubland biome! Mobs should be added to biomes under the same mob category that the mob was registered as to prevent mob cap spawning issues.
[12Apr2026 16:31:44.414] [Server thread/WARN] [net.neoforged.neoforge.server.ServerLifecycleHooks/]: Detected quark:stoneling that was registered with CREATURE mob category but was added under MONSTER mob category for biomesoplenty:seasonal_forest biome! Mobs should be added to biomes under the same mob category that the mob was registered as to prevent mob cap spawning issues.
[12Apr2026 16:31:44.414] [Server thread/WARN] [net.neoforged.neoforge.server.ServerLifecycleHooks/]: Detected quark:toretoise that was registered with CREATURE mob category but was added under MONSTER mob category for biomesoplenty:seasonal_forest biome! Mobs should be added to biomes under the same mob category that the mob was registered as to prevent mob cap spawning issues.
[12Apr2026 16:31:44.414] [Server thread/WARN] [net.neoforged.neoforge.server.ServerLifecycleHooks/]: Detected quark:stoneling that was registered with CREATURE mob category but was added under MONSTER mob category for biomesoplenty:shrubland biome! Mobs should be added to biomes under the same mob category that the mob was registered as to prevent mob cap spawning issues.
[12Apr2026 16:31:44.414] [Server thread/WARN] [net.neoforged.neoforge.server.ServerLifecycleHooks/]: Detected quark:toretoise that was registered with CREATURE mob category but was added under MONSTER mob category for biomesoplenty:shrubland biome! Mobs should be added to biomes under the same mob category that the mob was registered as to prevent mob cap spawning issues.
[12Apr2026 16:31:44.415] [Server thread/WARN] [net.neoforged.neoforge.server.ServerLifecycleHooks/]: Detected quark:stoneling that was registered with CREATURE mob category but was added under MONSTER mob category for biomesoplenty:snowblossom_grove biome! Mobs should be added to biomes under the same mob category that the mob was registered as to prevent mob cap spawning issues.
[12Apr2026 16:31:44.415] [Server thread/WARN] [net.neoforged.neoforge.server.ServerLifecycleHooks/]: Detected quark:toretoise that was registered with CREATURE mob category but was added under MONSTER mob category for biomesoplenty:snowblossom_grove biome! Mobs should be added to biomes under the same mob category that the mob was registered as to prevent mob cap spawning issues.
[12Apr2026 16:31:44.415] [Server thread/WARN] [net.neoforged.neoforge.server.ServerLifecycleHooks/]: Detected quark:stoneling that was registered with CREATURE mob category but was added under MONSTER mob category for minecraft:snowy_beach biome! Mobs should be added to biomes under the same mob category that the mob was registered as to prevent mob cap spawning issues.
[12Apr2026 16:31:44.415] [Server thread/WARN] [net.neoforged.neoforge.server.ServerLifecycleHooks/]: Detected quark:toretoise that was registered with CREATURE mob category but was added under MONSTER mob category for minecraft:snowy_beach biome! Mobs should be added to biomes under the same mob category that the mob was registered as to prevent mob cap spawning issues.
[12Apr2026 16:31:44.415] [Server thread/WARN] [net.neoforged.neoforge.server.ServerLifecycleHooks/]: Detected quark:stoneling that was registered with CREATURE mob category but was added under MONSTER mob category for biomesoplenty:snowy_coniferous_forest biome! Mobs should be added to biomes under the same mob category that the mob was registered as to prevent mob cap spawning issues.
[12Apr2026 16:31:44.415] [Server thread/WARN] [net.neoforged.neoforge.server.ServerLifecycleHooks/]: Detected quark:toretoise that was registered with CREATURE mob category but was added under MONSTER mob category for biomesoplenty:snowy_coniferous_forest biome! Mobs should be added to biomes under the same mob category that the mob was registered as to prevent mob cap spawning issues.
[12Apr2026 16:31:44.416] [Server thread/WARN] [net.neoforged.neoforge.server.ServerLifecycleHooks/]: Detected quark:stoneling that was registered with CREATURE mob category but was added under MONSTER mob category for biomesoplenty:snowy_fir_clearing biome! Mobs should be added to biomes under the same mob category that the mob was registered as to prevent mob cap spawning issues.
[12Apr2026 16:31:44.416] [Server thread/WARN] [net.neoforged.neoforge.server.ServerLifecycleHooks/]: Detected quark:toretoise that was registered with CREATURE mob category but was added under MONSTER mob category for biomesoplenty:snowy_fir_clearing biome! Mobs should be added to biomes under the same mob category that the mob was registered as to prevent mob cap spawning issues.
[12Apr2026 16:31:44.416] [Server thread/WARN] [net.neoforged.neoforge.server.ServerLifecycleHooks/]: Detected quark:stoneling that was registered with CREATURE mob category but was added under MONSTER mob category for biomesoplenty:snowy_maple_woods biome! Mobs should be added to biomes under the same mob category that the mob was registered as to prevent mob cap spawning issues.
[12Apr2026 16:31:44.416] [Server thread/WARN] [net.neoforged.neoforge.server.ServerLifecycleHooks/]: Detected quark:toretoise that was registered with CREATURE mob category but was added under MONSTER mob category for biomesoplenty:snowy_maple_woods biome! Mobs should be added to biomes under the same mob category that the mob was registered as to prevent mob cap spawning issues.
[12Apr2026 16:31:44.416] [Server thread/WARN] [net.neoforged.neoforge.server.ServerLifecycleHooks/]: Detected quark:stoneling that was registered with CREATURE mob category but was added under MONSTER mob category for minecraft:snowy_plains biome! Mobs should be added to biomes under the same mob category that the mob was registered as to prevent mob cap spawning issues.
[12Apr2026 16:31:44.416] [Server thread/WARN] [net.neoforged.neoforge.server.ServerLifecycleHooks/]: Detected quark:toretoise that was registered with CREATURE mob category but was added under MONSTER mob category for minecraft:snowy_plains biome! Mobs should be added to biomes under the same mob category that the mob was registered as to prevent mob cap spawning issues.
[12Apr2026 16:31:44.417] [Server thread/WARN] [net.neoforged.neoforge.server.ServerLifecycleHooks/]: Detected quark:stoneling that was registered with CREATURE mob category but was added under MONSTER mob category for minecraft:snowy_slopes biome! Mobs should be added to biomes under the same mob category that the mob was registered as to prevent mob cap spawning issues.
[12Apr2026 16:31:44.417] [Server thread/WARN] [net.neoforged.neoforge.server.ServerLifecycleHooks/]: Detected quark:toretoise that was registered with CREATURE mob category but was added under MONSTER mob category for minecraft:snowy_slopes biome! Mobs should be added to biomes under the same mob category that the mob was registered as to prevent mob cap spawning issues.
[12Apr2026 16:31:44.417] [Server thread/WARN] [net.neoforged.neoforge.server.ServerLifecycleHooks/]: Detected quark:stoneling that was registered with CREATURE mob category but was added under MONSTER mob category for minecraft:snowy_taiga biome! Mobs should be added to biomes under the same mob category that the mob was registered as to prevent mob cap spawning issues.
[12Apr2026 16:31:44.417] [Server thread/WARN] [net.neoforged.neoforge.server.ServerLifecycleHooks/]: Detected quark:toretoise that was registered with CREATURE mob category but was added under MONSTER mob category for minecraft:snowy_taiga biome! Mobs should be added to biomes under the same mob category that the mob was registered as to prevent mob cap spawning issues.
[12Apr2026 16:31:44.418] [Server thread/WARN] [net.neoforged.neoforge.server.ServerLifecycleHooks/]: Detected quark:foxhound that was registered with CREATURE mob category but was added under MONSTER mob category for minecraft:soul_sand_valley biome! Mobs should be added to biomes under the same mob category that the mob was registered as to prevent mob cap spawning issues.
[12Apr2026 16:31:44.418] [Server thread/WARN] [net.neoforged.neoforge.server.ServerLifecycleHooks/]: Detected quark:stoneling that was registered with CREATURE mob category but was added under MONSTER mob category for minecraft:sparse_jungle biome! Mobs should be added to biomes under the same mob category that the mob was registered as to prevent mob cap spawning issues.
[12Apr2026 16:31:44.418] [Server thread/WARN] [net.neoforged.neoforge.server.ServerLifecycleHooks/]: Detected quark:toretoise that was registered with CREATURE mob category but was added under MONSTER mob category for minecraft:sparse_jungle biome! Mobs should be added to biomes under the same mob category that the mob was registered as to prevent mob cap spawning issues.
[12Apr2026 16:31:44.418] [Server thread/WARN] [net.neoforged.neoforge.server.ServerLifecycleHooks/]: Detected quark:stoneling that was registered with CREATURE mob category but was added under MONSTER mob category for ae2:spatial_storage biome! Mobs should be added to biomes under the same mob category that the mob was registered as to prevent mob cap spawning issues.
[12Apr2026 16:31:44.418] [Server thread/WARN] [net.neoforged.neoforge.server.ServerLifecycleHooks/]: Detected quark:toretoise that was registered with CREATURE mob category but was added under MONSTER mob category for ae2:spatial_storage biome! Mobs should be added to biomes under the same mob category that the mob was registered as to prevent mob cap spawning issues.
[12Apr2026 16:31:44.418] [Server thread/WARN] [net.neoforged.neoforge.server.ServerLifecycleHooks/]: Detected quark:stoneling that was registered with CREATURE mob category but was added under MONSTER mob category for biomesoplenty:spider_nest biome! Mobs should be added to biomes under the same mob category that the mob was registered as to prevent mob cap spawning issues.
[12Apr2026 16:31:44.419] [Server thread/WARN] [net.neoforged.neoforge.server.ServerLifecycleHooks/]: Detected quark:toretoise that was registered with CREATURE mob category but was added under MONSTER mob category for biomesoplenty:spider_nest biome! Mobs should be added to biomes under the same mob category that the mob was registered as to prevent mob cap spawning issues.
[12Apr2026 16:31:44.419] [Server thread/WARN] [net.neoforged.neoforge.server.ServerLifecycleHooks/]: Detected quark:stoneling that was registered with CREATURE mob category but was added under MONSTER mob category for samurai_dynasty:spirit_blossom_forest biome! Mobs should be added to biomes under the same mob category that the mob was registered as to prevent mob cap spawning issues.
[12Apr2026 16:31:44.419] [Server thread/WARN] [net.neoforged.neoforge.server.ServerLifecycleHooks/]: Detected quark:toretoise that was registered with CREATURE mob category but was added under MONSTER mob category for samurai_dynasty:spirit_blossom_forest biome! Mobs should be added to biomes under the same mob category that the mob was registered as to prevent mob cap spawning issues.
[12Apr2026 16:31:44.419] [Server thread/WARN] [net.neoforged.neoforge.server.ServerLifecycleHooks/]: Detected quark:stoneling that was registered with CREATURE mob category but was added under MONSTER mob category for samurai_dynasty:spirit_wood_forest biome! Mobs should be added to biomes under the same mob category that the mob was registered as to prevent mob cap spawning issues.
[12Apr2026 16:31:44.419] [Server thread/WARN] [net.neoforged.neoforge.server.ServerLifecycleHooks/]: Detected quark:toretoise that was registered with CREATURE mob category but was added under MONSTER mob category for samurai_dynasty:spirit_wood_forest biome! Mobs should be added to biomes under the same mob category that the mob was registered as to prevent mob cap spawning issues.
[12Apr2026 16:31:44.420] [Server thread/WARN] [net.neoforged.neoforge.server.ServerLifecycleHooks/]: Detected quark:stoneling that was registered with CREATURE mob category but was added under MONSTER mob category for minecraft:stony_peaks biome! Mobs should be added to biomes under the same mob category that the mob was registered as to prevent mob cap spawning issues.
[12Apr2026 16:31:44.420] [Server thread/WARN] [net.neoforged.neoforge.server.ServerLifecycleHooks/]: Detected quark:toretoise that was registered with CREATURE mob category but was added under MONSTER mob category for minecraft:stony_peaks biome! Mobs should be added to biomes under the same mob category that the mob was registered as to prevent mob cap spawning issues.
[12Apr2026 16:31:44.420] [Server thread/WARN] [net.neoforged.neoforge.server.ServerLifecycleHooks/]: Detected quark:stoneling that was registered with CREATURE mob category but was added under MONSTER mob category for minecraft:stony_shore biome! Mobs should be added to biomes under the same mob category that the mob was registered as to prevent mob cap spawning issues.
[12Apr2026 16:31:44.420] [Server thread/WARN] [net.neoforged.neoforge.server.ServerLifecycleHooks/]: Detected quark:toretoise that was registered with CREATURE mob category but was added under MONSTER mob category for minecraft:stony_shore biome! Mobs should be added to biomes under the same mob category that the mob was registered as to prevent mob cap spawning issues.
[12Apr2026 16:31:44.421] [Server thread/WARN] [net.neoforged.neoforge.server.ServerLifecycleHooks/]: Detected quark:stoneling that was registered with CREATURE mob category but was added under MONSTER mob category for the_bumblezone:sugar_water_floor biome! Mobs should be added to biomes under the same mob category that the mob was registered as to prevent mob cap spawning issues.
[12Apr2026 16:31:44.421] [Server thread/WARN] [net.neoforged.neoforge.server.ServerLifecycleHooks/]: Detected quark:toretoise that was registered with CREATURE mob category but was added under MONSTER mob category for the_bumblezone:sugar_water_floor biome! Mobs should be added to biomes under the same mob category that the mob was registered as to prevent mob cap spawning issues.
[12Apr2026 16:31:44.421] [Server thread/WARN] [net.neoforged.neoforge.server.ServerLifecycleHooks/]: Detected quark:stoneling that was registered with CREATURE mob category but was added under MONSTER mob category for minecraft:sunflower_plains biome! Mobs should be added to biomes under the same mob category that the mob was registered as to prevent mob cap spawning issues.
[12Apr2026 16:31:44.421] [Server thread/WARN] [net.neoforged.neoforge.server.ServerLifecycleHooks/]: Detected quark:toretoise that was registered with CREATURE mob category but was added under MONSTER mob category for minecraft:sunflower_plains biome! Mobs should be added to biomes under the same mob category that the mob was registered as to prevent mob cap spawning issues.
[12Apr2026 16:31:44.421] [Server thread/WARN] [net.neoforged.neoforge.server.ServerLifecycleHooks/]: Detected quark:stoneling that was registered with CREATURE mob category but was added under MONSTER mob category for minecraft:swamp biome! Mobs should be added to biomes under the same mob category that the mob was registered as to prevent mob cap spawning issues.
[12Apr2026 16:31:44.421] [Server thread/WARN] [net.neoforged.neoforge.server.ServerLifecycleHooks/]: Detected quark:toretoise that was registered with CREATURE mob category but was added under MONSTER mob category for minecraft:swamp biome! Mobs should be added to biomes under the same mob category that the mob was registered as to prevent mob cap spawning issues.
[12Apr2026 16:31:44.422] [Server thread/WARN] [net.neoforged.neoforge.server.ServerLifecycleHooks/]: Detected quark:stoneling that was registered with CREATURE mob category but was added under MONSTER mob category for minecraft:taiga biome! Mobs should be added to biomes under the same mob category that the mob was registered as to prevent mob cap spawning issues.
[12Apr2026 16:31:44.422] [Server thread/WARN] [net.neoforged.neoforge.server.ServerLifecycleHooks/]: Detected quark:toretoise that was registered with CREATURE mob category but was added under MONSTER mob category for minecraft:taiga biome! Mobs should be added to biomes under the same mob category that the mob was registered as to prevent mob cap spawning issues.
[12Apr2026 16:31:44.422] [Server thread/WARN] [net.neoforged.neoforge.server.ServerLifecycleHooks/]: Detected quark:stoneling that was registered with CREATURE mob category but was added under MONSTER mob category for biomesoplenty:tropics biome! Mobs should be added to biomes under the same mob category that the mob was registered as to prevent mob cap spawning issues.
[12Apr2026 16:31:44.422] [Server thread/WARN] [net.neoforged.neoforge.server.ServerLifecycleHooks/]: Detected quark:toretoise that was registered with CREATURE mob category but was added under MONSTER mob category for biomesoplenty:tropics biome! Mobs should be added to biomes under the same mob category that the mob was registered as to prevent mob cap spawning issues.
[12Apr2026 16:31:44.423] [Server thread/WARN] [net.neoforged.neoforge.server.ServerLifecycleHooks/]: Detected quark:stoneling that was registered with CREATURE mob category but was added under MONSTER mob category for biomesoplenty:tundra biome! Mobs should be added to biomes under the same mob category that the mob was registered as to prevent mob cap spawning issues.
[12Apr2026 16:31:44.423] [Server thread/WARN] [net.neoforged.neoforge.server.ServerLifecycleHooks/]: Detected quark:toretoise that was registered with CREATURE mob category but was added under MONSTER mob category for biomesoplenty:tundra biome! Mobs should be added to biomes under the same mob category that the mob was registered as to prevent mob cap spawning issues.
[12Apr2026 16:31:44.423] [Server thread/WARN] [net.neoforged.neoforge.server.ServerLifecycleHooks/]: Detected quark:stoneling that was registered with CREATURE mob category but was added under MONSTER mob category for biomesoplenty:volcanic_plains biome! Mobs should be added to biomes under the same mob category that the mob was registered as to prevent mob cap spawning issues.
[12Apr2026 16:31:44.424] [Server thread/WARN] [net.neoforged.neoforge.server.ServerLifecycleHooks/]: Detected quark:toretoise that was registered with CREATURE mob category but was added under MONSTER mob category for biomesoplenty:volcanic_plains biome! Mobs should be added to biomes under the same mob category that the mob was registered as to prevent mob cap spawning issues.
[12Apr2026 16:31:44.424] [Server thread/WARN] [net.neoforged.neoforge.server.ServerLifecycleHooks/]: Detected quark:stoneling that was registered with CREATURE mob category but was added under MONSTER mob category for biomesoplenty:volcano biome! Mobs should be added to biomes under the same mob category that the mob was registered as to prevent mob cap spawning issues.
[12Apr2026 16:31:44.424] [Server thread/WARN] [net.neoforged.neoforge.server.ServerLifecycleHooks/]: Detected quark:toretoise that was registered with CREATURE mob category but was added under MONSTER mob category for biomesoplenty:volcano biome! Mobs should be added to biomes under the same mob category that the mob was registered as to prevent mob cap spawning issues.
[12Apr2026 16:31:44.424] [Server thread/WARN] [net.neoforged.neoforge.server.ServerLifecycleHooks/]: Detected quark:stoneling that was registered with CREATURE mob category but was added under MONSTER mob category for minecraft:warm_ocean biome! Mobs should be added to biomes under the same mob category that the mob was registered as to prevent mob cap spawning issues.
[12Apr2026 16:31:44.424] [Server thread/WARN] [net.neoforged.neoforge.server.ServerLifecycleHooks/]: Detected quark:toretoise that was registered with CREATURE mob category but was added under MONSTER mob category for minecraft:warm_ocean biome! Mobs should be added to biomes under the same mob category that the mob was registered as to prevent mob cap spawning issues.
[12Apr2026 16:31:44.425] [Server thread/WARN] [net.neoforged.neoforge.server.ServerLifecycleHooks/]: Detected quark:stoneling that was registered with CREATURE mob category but was added under MONSTER mob category for biomesoplenty:wasteland biome! Mobs should be added to biomes under the same mob category that the mob was registered as to prevent mob cap spawning issues.
[12Apr2026 16:31:44.425] [Server thread/WARN] [net.neoforged.neoforge.server.ServerLifecycleHooks/]: Detected quark:toretoise that was registered with CREATURE mob category but was added under MONSTER mob category for biomesoplenty:wasteland biome! Mobs should be added to biomes under the same mob category that the mob was registered as to prevent mob cap spawning issues.
[12Apr2026 16:31:44.425] [Server thread/WARN] [net.neoforged.neoforge.server.ServerLifecycleHooks/]: Detected quark:stoneling that was registered with CREATURE mob category but was added under MONSTER mob category for biomesoplenty:wasteland_steppe biome! Mobs should be added to biomes under the same mob category that the mob was registered as to prevent mob cap spawning issues.
[12Apr2026 16:31:44.425] [Server thread/WARN] [net.neoforged.neoforge.server.ServerLifecycleHooks/]: Detected quark:toretoise that was registered with CREATURE mob category but was added under MONSTER mob category for biomesoplenty:wasteland_steppe biome! Mobs should be added to biomes under the same mob category that the mob was registered as to prevent mob cap spawning issues.
[12Apr2026 16:31:44.426] [Server thread/WARN] [net.neoforged.neoforge.server.ServerLifecycleHooks/]: Detected quark:stoneling that was registered with CREATURE mob category but was added under MONSTER mob category for biomesoplenty:wetland biome! Mobs should be added to biomes under the same mob category that the mob was registered as to prevent mob cap spawning issues.
[12Apr2026 16:31:44.426] [Server thread/WARN] [net.neoforged.neoforge.server.ServerLifecycleHooks/]: Detected quark:toretoise that was registered with CREATURE mob category but was added under MONSTER mob category for biomesoplenty:wetland biome! Mobs should be added to biomes under the same mob category that the mob was registered as to prevent mob cap spawning issues.
[12Apr2026 16:31:44.426] [Server thread/WARN] [net.neoforged.neoforge.server.ServerLifecycleHooks/]: Detected quark:stoneling that was registered with CREATURE mob category but was added under MONSTER mob category for minecraft:windswept_forest biome! Mobs should be added to biomes under the same mob category that the mob was registered as to prevent mob cap spawning issues.
[12Apr2026 16:31:44.426] [Server thread/WARN] [net.neoforged.neoforge.server.ServerLifecycleHooks/]: Detected quark:toretoise that was registered with CREATURE mob category but was added under MONSTER mob category for minecraft:windswept_forest biome! Mobs should be added to biomes under the same mob category that the mob was registered as to prevent mob cap spawning issues.
[12Apr2026 16:31:44.426] [Server thread/WARN] [net.neoforged.neoforge.server.ServerLifecycleHooks/]: Detected quark:stoneling that was registered with CREATURE mob category but was added under MONSTER mob category for minecraft:windswept_gravelly_hills biome! Mobs should be added to biomes under the same mob category that the mob was registered as to prevent mob cap spawning issues.
[12Apr2026 16:31:44.426] [Server thread/WARN] [net.neoforged.neoforge.server.ServerLifecycleHooks/]: Detected quark:toretoise that was registered with CREATURE mob category but was added under MONSTER mob category for minecraft:windswept_gravelly_hills biome! Mobs should be added to biomes under the same mob category that the mob was registered as to prevent mob cap spawning issues.
[12Apr2026 16:31:44.427] [Server thread/WARN] [net.neoforged.neoforge.server.ServerLifecycleHooks/]: Detected quark:stoneling that was registered with CREATURE mob category but was added under MONSTER mob category for minecraft:windswept_hills biome! Mobs should be added to biomes under the same mob category that the mob was registered as to prevent mob cap spawning issues.
[12Apr2026 16:31:44.427] [Server thread/WARN] [net.neoforged.neoforge.server.ServerLifecycleHooks/]: Detected quark:toretoise that was registered with CREATURE mob category but was added under MONSTER mob category for minecraft:windswept_hills biome! Mobs should be added to biomes under the same mob category that the mob was registered as to prevent mob cap spawning issues.
[12Apr2026 16:31:44.427] [Server thread/WARN] [net.neoforged.neoforge.server.ServerLifecycleHooks/]: Detected quark:stoneling that was registered with CREATURE mob category but was added under MONSTER mob category for minecraft:windswept_savanna biome! Mobs should be added to biomes under the same mob category that the mob was registered as to prevent mob cap spawning issues.
[12Apr2026 16:31:44.427] [Server thread/WARN] [net.neoforged.neoforge.server.ServerLifecycleHooks/]: Detected quark:toretoise that was registered with CREATURE mob category but was added under MONSTER mob category for minecraft:windswept_savanna biome! Mobs should be added to biomes under the same mob category that the mob was registered as to prevent mob cap spawning issues.
[12Apr2026 16:31:44.427] [Server thread/WARN] [net.neoforged.neoforge.server.ServerLifecycleHooks/]: Detected quark:stoneling that was registered with CREATURE mob category but was added under MONSTER mob category for biomesoplenty:wintry_origin_valley biome! Mobs should be added to biomes under the same mob category that the mob was registered as to prevent mob cap spawning issues.
[12Apr2026 16:31:44.427] [Server thread/WARN] [net.neoforged.neoforge.server.ServerLifecycleHooks/]: Detected quark:toretoise that was registered with CREATURE mob category but was added under MONSTER mob category for biomesoplenty:wintry_origin_valley biome! Mobs should be added to biomes under the same mob category that the mob was registered as to prevent mob cap spawning issues.
[12Apr2026 16:31:44.428] [Server thread/WARN] [net.neoforged.neoforge.server.ServerLifecycleHooks/]: Detected quark:stoneling that was registered with CREATURE mob category but was added under MONSTER mob category for minecraft:wooded_badlands biome! Mobs should be added to biomes under the same mob category that the mob was registered as to prevent mob cap spawning issues.
[12Apr2026 16:31:44.428] [Server thread/WARN] [net.neoforged.neoforge.server.ServerLifecycleHooks/]: Detected quark:toretoise that was registered with CREATURE mob category but was added under MONSTER mob category for minecraft:wooded_badlands biome! Mobs should be added to biomes under the same mob category that the mob was registered as to prevent mob cap spawning issues.
[12Apr2026 16:31:44.428] [Server thread/WARN] [net.neoforged.neoforge.server.ServerLifecycleHooks/]: Detected quark:stoneling that was registered with CREATURE mob category but was added under MONSTER mob category for biomesoplenty:woodland biome! Mobs should be added to biomes under the same mob category that the mob was registered as to prevent mob cap spawning issues.
[12Apr2026 16:31:44.428] [Server thread/WARN] [net.neoforged.neoforge.server.ServerLifecycleHooks/]: Detected quark:toretoise that was registered with CREATURE mob category but was added under MONSTER mob category for biomesoplenty:woodland biome! Mobs should be added to biomes under the same mob category that the mob was registered as to prevent mob cap spawning issues.
[12Apr2026 16:31:44.456] [Server thread/INFO] [zeta/]: Server starting, accepting filewatcher changes for zeta's config
[12Apr2026 16:31:44.456] [Server thread/INFO] [quark-zeta/]: Server starting, accepting filewatcher changes for quark's config
[12Apr2026 16:31:44.466] [Server thread/INFO] [terrablender/]: Initialized TerraBlender biomes for level stem minecraft:the_nether
[12Apr2026 16:31:44.943] [Server thread/INFO] [terrablender/]: Initialized TerraBlender biomes for level stem minecraft:overworld
[12Apr2026 16:31:44.943] [Server thread/INFO] [net.minecraft.server.dedicated.DedicatedServer/]: Preparing level "world"
[12Apr2026 16:31:45.327] [Server thread/INFO] [biolith/]: Ignoring world 'the_bumblezone:the_bumblezone'; unknown dimension type: the_bumblezone:the_bumblezone
[12Apr2026 16:31:45.338] [Server thread/INFO] [biolith/]: Ignoring world 'ae2:spatial_storage'; unknown dimension type: ae2:spatial_storage
[12Apr2026 16:31:45.339] [Server thread/INFO] [net.minecraft.server.MinecraftServer/]: Preparing start region for dimension minecraft:overworld
[12Apr2026 16:31:45.568] [Worker-Main-3/INFO] [net.minecraft.server.level.progress.LoggerChunkProgressListener/]: Preparing spawn area: 0%
[12Apr2026 16:31:45.655] [Server thread/INFO] [net.minecraft.server.level.progress.LoggerChunkProgressListener/]: Time elapsed: 316 ms
[12Apr2026 16:31:45.656] [Server thread/INFO] [net.minecraft.server.dedicated.DedicatedServer/]: Done (1.334s)! For help, type "help"
[12Apr2026 16:31:45.656] [Server thread/INFO] [net.minecraft.server.dedicated.DedicatedServer/]: Starting remote control listener
[12Apr2026 16:31:45.657] [Server thread/INFO] [net.minecraft.server.rcon.thread.GenericThread/]: Thread RCON Listener started
[12Apr2026 16:31:45.658] [Server thread/INFO] [net.minecraft.server.rcon.thread.RconThread/]: RCON running on 0.0.0.0:25575
[12Apr2026 16:31:45.768] [Server thread/INFO] [net.neoforged.neoforge.server.permission.PermissionAPI/]: Successfully initialized permission handler neoforge:default_handler
[12Apr2026 16:31:45.771] [Server thread/INFO] [net.architects.BigEndCitiesMod.BiggerBetterEndCities/]: HELLO from server starting
[12Apr2026 16:31:45.771] [Server thread/INFO] [com.iladrien.morebridges.MoreBridges/]: More Bridges mod loaded on server
[12Apr2026 16:31:45.773] [Server thread/INFO] [com.Pink_Cats.createschematicchecker.Createschematicchecker/]: [36m[CSC][32m   _____  _____  _____ [0m
[12Apr2026 16:31:45.773] [Server thread/INFO] [com.Pink_Cats.createschematicchecker.Createschematicchecker/]: [36m[CSC][32m  / ____|/ ____|/ ____|[0m
[12Apr2026 16:31:45.773] [Server thread/INFO] [com.Pink_Cats.createschematicchecker.Createschematicchecker/]: [36m[CSC][32m | |    | (___ | |        [CSC] Version: v0.21.18[0m
[12Apr2026 16:31:45.773] [Server thread/INFO] [com.Pink_Cats.createschematicchecker.Createschematicchecker/]: [36m[CSC][32m | |     \___ \| |        Minecraft Version: 1.21.1 forge[0m
[12Apr2026 16:31:45.773] [Server thread/INFO] [com.Pink_Cats.createschematicchecker.Createschematicchecker/]: [36m[CSC][32m | |____ ____) | |____    Problem/Feedback: Tencent QQ：1061133894[0m
[12Apr2026 16:31:45.773] [Server thread/INFO] [com.Pink_Cats.createschematicchecker.Createschematicchecker/]: [36m[CSC][32m  \_____|_____/ \_____|[0m
[12Apr2026 16:31:45.773] [Server thread/INFO] [com.Pink_Cats.createschematicchecker.Createschematicchecker/]: [36m[CSC][32m                       [0m
[12Apr2026 16:31:45.774] [Server thread/INFO] [net.veroxuniverse.samurai_dynasty.SamuraiDynastyMod/]: HELLO from server starting
[12Apr2026 16:31:45.778] [Advanced Display Data Manager/INFO] [de.mrjulsen.crn.CreateRailwaysNavigator/]: Advanced Display Data Manager has been started.
[12Apr2026 16:31:45.779] [Server thread/INFO] [DragonLib Networking System/]: Creating network thread pool with 3 threads.
[12Apr2026 16:31:45.780] [CRN Train Listener Launcher/INFO] [de.mrjulsen.crn.CreateRailwaysNavigator/]: Train listener has been started.
[12Apr2026 16:31:45.789] [Server thread/INFO] [FTB Ranks/]: Loaded 3 ranks
[12Apr2026 16:31:45.844] [Server thread/WARN] [biolith/]: More than one Overworld dimension world created; cowardly ignoring 'minecraft:server_faucet_test_level' in favor of 'minecraft:overworld'
[12Apr2026 16:31:53.226] [Server thread/WARN] [biolith/]: More than one Overworld dimension world created; cowardly ignoring 'minecraft:server_projectile_test_level' in favor of 'minecraft:overworld'
[12Apr2026 16:31:53.541] [Server thread/INFO] [gripe._90.megacells.misc.CompressionService/]: Initialised bulk compression. Gathered 127 compression chains, with 12 overrides.
[12Apr2026 16:31:53.552] [VoiceChatServerThread/INFO] [voicechat/]: [voicechat] Voice host is '156.155.250.19:24454'
[12Apr2026 16:31:53.552] [VoiceChatServerThread/INFO] [voicechat/]: [voicechat] Voice chat server started at port 24454
[12Apr2026 16:31:53.712] [Server thread/INFO] [immersiveengineering/]: Couldn't fully analyze 1 mekanism:free_runners_armored, missing knowledge for {1 mekanism:free_runners=1.0}
[12Apr2026 16:31:53.712] [Server thread/INFO] [immersiveengineering/]: Couldn't fully analyze 1 samurai_dynasty:light_samurai_helmet, missing knowledge for {1 samurai_dynasty:straw_hat=1.0}
[12Apr2026 16:31:53.712] [Server thread/INFO] [immersiveengineering/]: Finished recipe profiler for Arc Recycling, took 160 milliseconds
[12Apr2026 16:31:53.712] [Server thread/WARN] [ModernFix/]: Dedicated server took 50.906 seconds to load
[12Apr2026 16:31:53.725] [Server thread/WARN] [minecolonies/]: Starting Compat Discovery
[12Apr2026 16:31:57.255] [Server thread/INFO] [minecolonies/]: Finished discovering Ores 52 44
[12Apr2026 16:31:57.255] [Server thread/INFO] [minecolonies/]: Finished discovering saplings 42
[12Apr2026 16:31:57.255] [Server thread/INFO] [minecolonies/]: Finished discovering plantables 19
[12Apr2026 16:31:57.255] [Server thread/INFO] [minecolonies/]: Finished discovering food 302 340
[12Apr2026 16:31:57.255] [Server thread/INFO] [minecolonies/]: Finished discovering fuel 3802
[12Apr2026 16:31:57.255] [Server thread/INFO] [minecolonies/]: Finished discovering flowers 55
[12Apr2026 16:31:57.255] [Server thread/INFO] [minecolonies/]: Finished discovering items 18034
[12Apr2026 16:31:57.270] [Server thread/INFO] [minecolonies/]: Finished discovering compostables 542
[12Apr2026 16:31:58.507] [Server thread/WARN] [net.minecraft.server.MinecraftServer/]: Can't keep up! Is the server overloaded? Running 4743ms or 94 ticks behind
[12Apr2026 16:32:02.609] [User Authenticator #1/INFO] [net.minecraft.server.network.ServerLoginPacketListenerImpl/]: UUID of player Ring_Of_Fates is 9836e4e5-86fc-405b-9ec1-b6ca3d1a88ee
[12Apr2026 16:32:07.685] [Server thread/INFO] [net.minecraft.server.players.PlayerList/]: Ring_Of_Fates[/10.8.0.1:47582] logged in with entity id 84 at (2345.3573308336036, 66.0, -4988.715613776871)
[12Apr2026 16:32:07.740] [Server thread/INFO] [net.minecraft.server.MinecraftServer/]: Ring_Of_Fates joined the game
[12Apr2026 16:32:08.105] [Netty Epoll Server IO #1/INFO] [immersiveengineering/]: Recipes for potions: minecraft:strong_harming, minecraft:long_regeneration, minecraft:strong_strength, minecraft:infested, minersdelight:mining_fatigue, minecraft:long_strength, minecraft:strong_slowness, minecraft:long_swiftness, minecraft:slowness, minecraft:strong_poison, minecraft:weakness, quark:strong_resilience, minecraft:long_leaping, minecraft:strength, minecraft:strong_leaping, minecraft:regeneration, minecraft:long_turtle_master, minecraft:water_breathing, quark:resilience, minecraft:oozing, minecraft:leaping, minecraft:long_water_breathing, minecraft:long_weakness, minecraft:strong_swiftness, minersdelight:long_mining_fatigue, minecraft:turtle_master, minecraft:healing, the_bumblezone:neurotoxin, minecraft:strong_turtle_master, minersdelight:strong_mining_fatigue, minecraft:long_slowness, the_bumblezone:long_neurotoxin, minecraft:weaving, minecraft:long_fire_resistance, minecraft:water, minecraft:night_vision, minersdelight:haste, minecraft:awkward, minecraft:strong_regeneration, minecraft:strong_healing, minecraft:wind_charged, minecraft:long_night_vision, minecraft:long_slow_falling, quark:long_resilience, minecraft:swiftness, minecraft:poison, minecraft:long_poison, minersdelight:strong_haste, minersdelight:long_haste, minecraft:fire_resistance, minecraft:harming, minecraft:slow_falling, minecraft:luck, minecraft:long_invisibility, minecraft:invisibility
[12Apr2026 16:32:08.583] [Server thread/INFO] [com.davenonymous.bonsaitrees.BonsaiTrees/]: Received sapling ack message from client
[12Apr2026 16:32:08.608] [Server thread/INFO] [voicechat/]: [voicechat] Received secret request of Ring_Of_Fates (20)
[12Apr2026 16:32:08.615] [Server thread/INFO] [voicechat/]: [voicechat] Sent secret to Ring_Of_Fates
[12Apr2026 16:32:12.784] [VoiceChatPacketProcessingThread/INFO] [voicechat/]: [voicechat] Successfully authenticated player 9836e4e5-86fc-405b-9ec1-b6ca3d1a88ee
[12Apr2026 16:32:13.783] [VoiceChatPacketProcessingThread/INFO] [voicechat/]: [voicechat] Successfully validated connection of player 9836e4e5-86fc-405b-9ec1-b6ca3d1a88ee
[12Apr2026 16:32:13.788] [VoiceChatPacketProcessingThread/INFO] [voicechat/]: [voicechat] Player Ring_Of_Fates (9836e4e5-86fc-405b-9ec1-b6ca3d1a88ee) successfully connected to voice chat
[12Apr2026 16:32:40.796] [User Authenticator #2/INFO] [net.minecraft.server.network.ServerLoginPacketListenerImpl/]: UUID of player Starbot67 is 4e35a71a-619e-420b-971b-376a653c73f8
[12Apr2026 16:32:44.835] [Server thread/INFO] [net.minecraft.server.players.PlayerList/]: Starbot67[/10.8.0.1:63171] logged in with entity id 392 at (-102.23327167713633, 48.0, 378.41404254939056)
[12Apr2026 16:32:44.843] [Server thread/INFO] [net.minecraft.server.MinecraftServer/]: Starbot67 joined the game
[12Apr2026 16:32:44.895] [Server thread/WARN] [net.minecraft.server.MinecraftServer/]: Can't keep up! Is the server overloaded? Running 2031ms or 40 ticks behind
[12Apr2026 16:32:45.734] [Server thread/INFO] [com.davenonymous.bonsaitrees.BonsaiTrees/]: Received sapling ack message from client
[12Apr2026 16:32:45.736] [Server thread/INFO] [voicechat/]: [voicechat] Received secret request of Starbot67 (20)
[12Apr2026 16:32:45.736] [Server thread/INFO] [voicechat/]: [voicechat] Sent secret to Starbot67
[12Apr2026 16:32:50.971] [VoiceChatPacketProcessingThread/INFO] [voicechat/]: [voicechat] Successfully authenticated player 4e35a71a-619e-420b-971b-376a653c73f8
[12Apr2026 16:32:51.972] [VoiceChatPacketProcessingThread/INFO] [voicechat/]: [voicechat] Successfully validated connection of player 4e35a71a-619e-420b-971b-376a653c73f8
[12Apr2026 16:32:51.972] [VoiceChatPacketProcessingThread/INFO] [voicechat/]: [voicechat] Player Starbot67 (4e35a71a-619e-420b-971b-376a653c73f8) successfully connected to voice chat
[12Apr2026 16:32:56.416] [Server thread/INFO] [net.minecraft.server.MinecraftServer/]: <Ring_Of_Fates> voice werk nou
[12Apr2026 16:33:04.951] [Server thread/INFO] [net.minecraft.server.MinecraftServer/]: <Starbot67> join group
[12Apr2026 16:33:16.651] [Server thread/INFO] [net.minecraft.server.MinecraftServer/]: <Ring_Of_Fates> group?
[12Apr2026 16:34:16.341] [Server thread/INFO] [net.minecraft.server.network.ServerGamePacketListenerImpl/]: Ring_Of_Fates lost connection: Disconnected
[12Apr2026 16:34:16.341] [Server thread/INFO] [net.minecraft.server.MinecraftServer/]: Ring_Of_Fates left the game
[12Apr2026 16:34:16.349] [Server thread/INFO] [voicechat/]: [voicechat] Disconnecting client Ring_Of_Fates
[12Apr2026 16:35:20.323] [User Authenticator #3/INFO] [net.minecraft.server.network.ServerLoginPacketListenerImpl/]: UUID of player Dragonborndude05 is 4bae6612-dc44-4d24-9852-1d242b4541fd
[12Apr2026 16:35:24.478] [Server thread/INFO] [net.minecraft.server.players.PlayerList/]: Dragonborndude05[/10.8.0.1:52854] logged in with entity id 2237 at (90.23429349131405, 87.0, 91.12253210859721)
[12Apr2026 16:35:24.482] [Server thread/INFO] [net.minecraft.server.MinecraftServer/]: Dragonborndude05 joined the game
[12Apr2026 16:35:24.517] [Server thread/WARN] [net.minecraft.server.MinecraftServer/]: Can't keep up! Is the server overloaded? Running 2603ms or 52 ticks behind
[12Apr2026 16:35:24.555] [Server thread/WARN] [net.minecraft.server.network.ServerGamePacketListenerImpl/]: Oak Boat (vehicle of Starbot67) moved too quickly! 9.32531581586847,0.0,-4.5462405630852345
[12Apr2026 16:35:24.555] [Server thread/WARN] [net.minecraft.server.network.ServerGamePacketListenerImpl/]: Oak Boat (vehicle of Starbot67) moved too quickly! 9.689567586227312,0.0,-4.709752149313772
[12Apr2026 16:35:24.556] [Server thread/WARN] [net.minecraft.server.network.ServerGamePacketListenerImpl/]: Oak Boat (vehicle of Starbot67) moved too quickly! 10.05483130808216,0.0,-4.871000182036454
[12Apr2026 16:35:24.556] [Server thread/WARN] [net.minecraft.server.network.ServerGamePacketListenerImpl/]: Oak Boat (vehicle of Starbot67) moved too quickly! 10.421063543160075,0.0,-5.030056559602798
[12Apr2026 16:35:24.556] [Server thread/WARN] [net.minecraft.server.network.ServerGamePacketListenerImpl/]: Oak Boat (vehicle of Starbot67) moved too quickly! 10.788217955052106,0.0,-5.1870037536411076
[12Apr2026 16:35:24.556] [Server thread/WARN] [net.minecraft.server.network.ServerGamePacketListenerImpl/]: Oak Boat (vehicle of Starbot67) moved too quickly! 11.156247096593662,0.0,-5.341930222017822
[12Apr2026 16:35:24.556] [Server thread/WARN] [net.minecraft.server.network.ServerGamePacketListenerImpl/]: Oak Boat (vehicle of Starbot67) moved too quickly! 11.525103970078026,0.0,-5.49492625628659
[12Apr2026 16:35:24.557] [Server thread/WARN] [net.minecraft.server.network.ServerGamePacketListenerImpl/]: Oak Boat (vehicle of Starbot67) moved too quickly! 11.894742075442823,0.0,-5.646083832778402
[12Apr2026 16:35:24.557] [Server thread/WARN] [net.minecraft.server.network.ServerGamePacketListenerImpl/]: Oak Boat (vehicle of Starbot67) moved too quickly! 12.265115446187236,0.0,-5.79549647765154
[12Apr2026 16:35:24.557] [Server thread/WARN] [net.minecraft.server.network.ServerGamePacketListenerImpl/]: Oak Boat (vehicle of Starbot67) moved too quickly! 12.63617994829623,0.0,-5.943255521660149
[12Apr2026 16:35:24.557] [Server thread/WARN] [net.minecraft.server.network.ServerGamePacketListenerImpl/]: Oak Boat (vehicle of Starbot67) moved too quickly! 13.007891875096702,0.0,-6.0894539574407816
[12Apr2026 16:35:24.558] [Server thread/WARN] [net.minecraft.server.network.ServerGamePacketListenerImpl/]: Oak Boat (vehicle of Starbot67) moved too quickly! 13.380210493600044,0.0,-6.234179050917504
[12Apr2026 16:35:24.558] [Server thread/WARN] [net.minecraft.server.network.ServerGamePacketListenerImpl/]: Oak Boat (vehicle of Starbot67) moved too quickly! 13.753095258639698,0.0,-6.377520169907456
[12Apr2026 16:35:24.558] [Server thread/WARN] [net.minecraft.server.network.ServerGamePacketListenerImpl/]: Oak Boat (vehicle of Starbot67) moved too quickly! 14.126508338462218,0.0,-6.5195613403490995
[12Apr2026 16:35:24.558] [Server thread/WARN] [net.minecraft.server.network.ServerGamePacketListenerImpl/]: Oak Boat (vehicle of Starbot67) moved too quickly! 14.500413117765392,0.0,-6.660385414510841
[12Apr2026 16:35:24.559] [Server thread/WARN] [net.minecraft.server.network.ServerGamePacketListenerImpl/]: Oak Boat (vehicle of Starbot67) moved too quickly! 14.874775342651786,0.0,-6.80007056737594
[12Apr2026 16:35:24.559] [Server thread/WARN] [net.minecraft.server.network.ServerGamePacketListenerImpl/]: Oak Boat (vehicle of Starbot67) moved too quickly! 15.249562899389373,0.0,-6.9386907690277155
[12Apr2026 16:35:24.559] [Server thread/WARN] [net.minecraft.server.network.ServerGamePacketListenerImpl/]: Oak Boat (vehicle of Starbot67) moved too quickly! 15.62474560784552,0.0,-7.076316208864995
[12Apr2026 16:35:24.559] [Server thread/WARN] [net.minecraft.server.network.ServerGamePacketListenerImpl/]: Oak Boat (vehicle of Starbot67) moved too quickly! 16.000295039302884,0.0,-7.213013678327172
[12Apr2026 16:35:24.560] [Server thread/WARN] [net.minecraft.server.network.ServerGamePacketListenerImpl/]: Oak Boat (vehicle of Starbot67) moved too quickly! 16.376184356218985,0.0,-7.348846912552943
[12Apr2026 16:35:24.560] [Server thread/WARN] [net.minecraft.server.network.ServerGamePacketListenerImpl/]: Oak Boat (vehicle of Starbot67) moved too quickly! 16.75238815310869,0.0,-7.483876900667042
[12Apr2026 16:35:24.560] [Server thread/WARN] [net.minecraft.server.network.ServerGamePacketListenerImpl/]: Oak Boat (vehicle of Starbot67) moved too quickly! 17.12888232823962,0.0,-7.618162161313023
[12Apr2026 16:35:24.560] [Server thread/WARN] [net.minecraft.server.network.ServerGamePacketListenerImpl/]: Oak Boat (vehicle of Starbot67) moved too quickly! 17.505645178877316,0.0,-7.751755358474725
[12Apr2026 16:35:24.561] [Server thread/WARN] [net.minecraft.server.network.ServerGamePacketListenerImpl/]: Oak Boat (vehicle of Starbot67) moved too quickly! 17.882655939490206,0.0,-7.884707520031725
[12Apr2026 16:35:24.561] [Server thread/WARN] [net.minecraft.server.network.ServerGamePacketListenerImpl/]: Oak Boat (vehicle of Starbot67) moved too quickly! 18.259895909924502,0.0,-8.017064568280489
[12Apr2026 16:35:24.561] [Server thread/WARN] [net.minecraft.server.network.ServerGamePacketListenerImpl/]: Oak Boat (vehicle of Starbot67) moved too quickly! 18.637119922098677,0.0,-8.149531435080092
[12Apr2026 16:35:25.056] [Server thread/WARN] [net.minecraft.server.network.ServerGamePacketListenerImpl/]: Oak Boat (vehicle of Starbot67) moved too quickly! 10.052002944865096,0.0,-3.902272783320626
[12Apr2026 16:35:25.057] [Server thread/WARN] [net.minecraft.server.network.ServerGamePacketListenerImpl/]: Oak Boat (vehicle of Starbot67) moved too quickly! 10.428606513543103,0.0,-4.036539797802533
[12Apr2026 16:35:25.057] [Server thread/WARN] [net.minecraft.server.network.ServerGamePacketListenerImpl/]: Oak Boat (vehicle of Starbot67) moved too quickly! 10.804669987848504,0.0,-4.1722826322851745
[12Apr2026 16:35:25.057] [Server thread/WARN] [net.minecraft.server.network.ServerGamePacketListenerImpl/]: Oak Boat (vehicle of Starbot67) moved too quickly! 11.180077880248144,0.0,-4.309769145382091
[12Apr2026 16:35:25.057] [Server thread/WARN] [net.minecraft.server.network.ServerGamePacketListenerImpl/]: Oak Boat (vehicle of Starbot67) moved too quickly! 11.554739677911178,0.0,-4.4491961608408985
[12Apr2026 16:35:25.058] [Server thread/WARN] [net.minecraft.server.network.ServerGamePacketListenerImpl/]: Oak Boat (vehicle of Starbot67) moved too quickly! 11.928587106819657,0.0,-4.590700585031897
[12Apr2026 16:35:25.058] [Server thread/WARN] [net.minecraft.server.network.ServerGamePacketListenerImpl/]: Oak Boat (vehicle of Starbot67) moved too quickly! 12.301569836625307,0.0,-4.73437282877876
[12Apr2026 16:35:25.058] [Server thread/WARN] [net.minecraft.server.network.ServerGamePacketListenerImpl/]: Oak Boat (vehicle of Starbot67) moved too quickly! 12.673652874168843,0.0,-4.880265264160897
[12Apr2026 16:35:25.058] [Server thread/WARN] [net.minecraft.server.network.ServerGamePacketListenerImpl/]: Oak Boat (vehicle of Starbot67) moved too quickly! 13.044815663060062,0.0,-5.028396294747125
[12Apr2026 16:35:25.059] [Server thread/WARN] [net.minecraft.server.network.ServerGamePacketListenerImpl/]: Oak Boat (vehicle of Starbot67) moved too quickly! 13.415049563391692,0.0,-5.178757464699316
[12Apr2026 16:35:25.059] [Server thread/WARN] [net.minecraft.server.network.ServerGamePacketListenerImpl/]: Oak Boat (vehicle of Starbot67) moved too quickly! 13.784355438195595,0.0,-5.331319801086124
[12Apr2026 16:35:25.059] [Server thread/WARN] [net.minecraft.server.network.ServerGamePacketListenerImpl/]: Oak Boat (vehicle of Starbot67) moved too quickly! 14.152743042150048,0.0,-5.486036018329713
[12Apr2026 16:35:25.060] [Server thread/INFO] [com.davenonymous.bonsaitrees.BonsaiTrees/]: Received sapling ack message from client
[12Apr2026 16:35:25.061] [Server thread/INFO] [voicechat/]: [voicechat] Received secret request of Dragonborndude05 (20)
[12Apr2026 16:35:25.062] [Server thread/INFO] [voicechat/]: [voicechat] Sent secret to Dragonborndude05
[12Apr2026 16:35:25.241] [Server thread/WARN] [net.minecraft.server.network.ServerGamePacketListenerImpl/]: Oak Boat (vehicle of Starbot67) moved too quickly! 14.520228757782762,0.0,-5.642845933200107
[12Apr2026 16:35:25.241] [Server thread/WARN] [net.minecraft.server.network.ServerGamePacketListenerImpl/]: Oak Boat (vehicle of Starbot67) moved too quickly! 14.886833450020253,0.0,-5.8016813029197465
[12Apr2026 16:35:25.241] [Server thread/WARN] [net.minecraft.server.network.ServerGamePacketListenerImpl/]: Oak Boat (vehicle of Starbot67) moved too quickly! 15.252583891768863,0.0,-5.962463272769185
[12Apr2026 16:35:25.241] [Server thread/WARN] [net.minecraft.server.network.ServerGamePacketListenerImpl/]: Oak Boat (vehicle of Starbot67) moved too quickly! 15.617508917212922,0.0,-6.1251103774973785
[12Apr2026 16:35:28.805] [VoiceChatPacketProcessingThread/INFO] [voicechat/]: [voicechat] Successfully authenticated player 4bae6612-dc44-4d24-9852-1d242b4541fd
[12Apr2026 16:35:29.805] [VoiceChatPacketProcessingThread/INFO] [voicechat/]: [voicechat] Successfully validated connection of player 4bae6612-dc44-4d24-9852-1d242b4541fd
[12Apr2026 16:35:29.805] [VoiceChatPacketProcessingThread/INFO] [voicechat/]: [voicechat] Player Dragonborndude05 (4bae6612-dc44-4d24-9852-1d242b4541fd) successfully connected to voice chat
[12Apr2026 16:35:40.546] [Server thread/INFO] [net.minecraft.server.MinecraftServer/]: <Starbot67> voice chat working finally
[12Apr2026 16:36:43.061] [Server thread/INFO] [net.minecraft.server.MinecraftServer/]: <Starbot67> heyo
[12Apr2026 16:37:09.187] [Server thread/INFO] [net.minecraft.server.MinecraftServer/]: <Dragonborndude05> don't hear anything
[12Apr2026 16:37:28.196] [Server thread/INFO] [net.minecraft.server.MinecraftServer/]: <Starbot67> press v then you have to change your settings
[12Apr2026 16:37:43.844] [Server thread/INFO] [net.minecraft.server.MinecraftServer/]: <Starbot67> probs input and output gonna be wrong
[12Apr2026 16:42:44.905] [Server thread/ERROR] [net.minecraft.world.item.ItemStack/]: Tried to load invalid item: 'No component with type: 'cold_sweat:armor_insulation'; No component with type: 'cold_sweat:armor_insulation' missed input: {"cold_sweat:armor_insulation":{insulation:[]}}'
[12Apr2026 16:42:44.905] [Server thread/ERROR] [net.minecraft.world.item.ItemStack/]: Tried to load invalid item: 'No component with type: 'cold_sweat:armor_insulation'; No component with type: 'cold_sweat:armor_insulation' missed input: {"cold_sweat:armor_insulation":{insulation:[]}}'
[12Apr2026 16:42:44.905] [Server thread/ERROR] [net.minecraft.world.item.ItemStack/]: Tried to load invalid item: 'No component with type: 'cold_sweat:armor_insulation'; No component with type: 'cold_sweat:armor_insulation' missed input: {"cold_sweat:armor_insulation":{insulation:[]}}'
[12Apr2026 16:46:33.632] [Server thread/ERROR] [net.minecraft.world.item.ItemStack/]: Tried to load invalid item: 'No component with type: 'cold_sweat:armor_insulation'; No component with type: 'cold_sweat:armor_insulation' missed input: {"cold_sweat:armor_insulation":{insulation:[]}}'
[12Apr2026 16:46:33.632] [Server thread/ERROR] [net.minecraft.world.item.ItemStack/]: Tried to load invalid item: 'No component with type: 'cold_sweat:armor_insulation'; No component with type: 'cold_sweat:armor_insulation' missed input: {"cold_sweat:armor_insulation":{insulation:[]}}'
[12Apr2026 16:46:33.632] [Server thread/ERROR] [net.minecraft.world.item.ItemStack/]: Tried to load invalid item: 'No component with type: 'cold_sweat:armor_insulation'; No component with type: 'cold_sweat:armor_insulation' missed input: {"cold_sweat:armor_insulation":{insulation:[]}}'
[12Apr2026 16:47:20.002] [Server thread/INFO] [net.minecraft.server.MinecraftServer/]: Dragonborndude05 has made the advancement [Mine Turtle!]
[12Apr2026 16:48:39.607] [Server thread/ERROR] [net.minecraft.world.item.ItemStack/]: Tried to load invalid item: 'No component with type: 'cold_sweat:armor_insulation'; No component with type: 'cold_sweat:armor_insulation' missed input: {"cold_sweat:armor_insulation":{insulation:[]}}'
[12Apr2026 16:48:39.607] [Server thread/ERROR] [net.minecraft.world.item.ItemStack/]: Tried to load invalid item: 'No component with type: 'cold_sweat:armor_insulation'; No component with type: 'cold_sweat:armor_insulation' missed input: {"cold_sweat:armor_insulation":{insulation:[]}}'
[12Apr2026 16:48:39.607] [Server thread/ERROR] [net.minecraft.world.item.ItemStack/]: Tried to load invalid item: 'No component with type: 'cold_sweat:armor_insulation'; No component with type: 'cold_sweat:armor_insulation' missed input: {"cold_sweat:armor_insulation":{insulation:[]}}'
[12Apr2026 16:48:39.607] [Server thread/ERROR] [net.minecraft.world.item.ItemStack/]: Tried to load invalid item: 'No component with type: 'cold_sweat:armor_insulation'; No component with type: 'cold_sweat:armor_insulation' missed input: {"cold_sweat:armor_insulation":{insulation:[]}}'
[12Apr2026 16:53:46.560] [Server thread/ERROR] [net.neoforged.neoforge.attachment.AttachmentHolder/]: Encountered unknown or non-serializable data attachment cold_sweat:shearable_fur. Skipping.
[12Apr2026 16:53:58.183] [Server thread/WARN] [net.minecraft.server.network.ServerGamePacketListenerImpl/]: Starbot67 moved too quickly! -4.0765155004364715,0.0,-9.344174050750054
[12Apr2026 16:54:48.071] [Server thread/WARN] [net.minecraft.server.network.ServerGamePacketListenerImpl/]: Starbot67 moved too quickly! 4.583674309707476,-3.9215999984741217,-8.352159694797336
[12Apr2026 17:15:16.945] [Server thread/INFO] [net.minecraft.server.network.ServerGamePacketListenerImpl/]: Starbot67 lost connection: Disconnected
[12Apr2026 17:15:16.946] [Server thread/INFO] [net.minecraft.server.MinecraftServer/]: Starbot67 left the game
[12Apr2026 17:15:16.948] [Server thread/INFO] [voicechat/]: [voicechat] Disconnecting client Starbot67
[12Apr2026 17:15:24.459] [User Authenticator #4/INFO] [net.minecraft.server.network.ServerLoginPacketListenerImpl/]: UUID of player Starbot67 is 4e35a71a-619e-420b-971b-376a653c73f8
[12Apr2026 17:15:31.076] [Server thread/INFO] [net.minecraft.server.players.PlayerList/]: Starbot67[/10.8.0.1:60883] logged in with entity id 27789 at (-113.15028269776018, 48.0, 391.69999998807907)
[12Apr2026 17:15:31.088] [Server thread/INFO] [net.minecraft.server.MinecraftServer/]: Starbot67 joined the game
[12Apr2026 17:15:31.123] [Server thread/WARN] [net.minecraft.server.MinecraftServer/]: Can't keep up! Is the server overloaded? Running 2159ms or 43 ticks behind
[12Apr2026 17:15:31.746] [Server thread/INFO] [com.davenonymous.bonsaitrees.BonsaiTrees/]: Received sapling ack message from client
[12Apr2026 17:15:31.747] [Server thread/INFO] [voicechat/]: [voicechat] Received secret request of Starbot67 (20)
[12Apr2026 17:15:31.748] [Server thread/INFO] [voicechat/]: [voicechat] Sent secret to Starbot67
[12Apr2026 17:15:39.714] [VoiceChatPacketProcessingThread/INFO] [voicechat/]: [voicechat] Successfully authenticated player 4e35a71a-619e-420b-971b-376a653c73f8
[12Apr2026 17:15:40.714] [VoiceChatPacketProcessingThread/INFO] [voicechat/]: [voicechat] Successfully validated connection of player 4e35a71a-619e-420b-971b-376a653c73f8
[12Apr2026 17:15:40.714] [VoiceChatPacketProcessingThread/INFO] [voicechat/]: [voicechat] Player Starbot67 (4e35a71a-619e-420b-971b-376a653c73f8) successfully connected to voice chat
[12Apr2026 17:21:12.945] [Server thread/INFO] [net.minecraft.server.MinecraftServer/]: Starbot67 has made the advancement [Bonk!]
[12Apr2026 17:45:28.005] [Server thread/INFO] [net.minecraft.server.MinecraftServer/]: Dragonborndude05 has made the advancement [Industrial Revolution]
[12Apr2026 18:01:43.026] [Server thread/INFO] [net.minecraft.world.entity.npc.Villager/]: Villager Villager['Unemployed'/40269, l='ServerLevel[world]', x=-176.30, y=73.00, z=363.70] died, message: 'Unemployed was slain by Zombie'
[12Apr2026 18:02:47.225] [Server thread/INFO] [net.minecraft.world.entity.npc.Villager/]: Villager Villager['Weaponsmith'/40276, l='ServerLevel[world]', x=-196.40, y=73.00, z=367.30] died, message: 'Weaponsmith was slain by Zombie'
[12Apr2026 18:17:03.982] [Server thread/INFO] [net.minecraft.server.MinecraftServer/]: <Dragonborndude05> brb
[12Apr2026 18:17:08.747] [Server thread/INFO] [net.minecraft.server.network.ServerGamePacketListenerImpl/]: Dragonborndude05 lost connection: Disconnected
[12Apr2026 18:17:08.747] [Server thread/INFO] [net.minecraft.server.MinecraftServer/]: Dragonborndude05 left the game
[12Apr2026 18:17:08.748] [Server thread/INFO] [voicechat/]: [voicechat] Disconnecting client Dragonborndude05
[12Apr2026 19:04:36.650] [Server thread/ERROR] [net.minecraft.world.level.chunk.storage.ChunkSerializer/]: Recoverable errors when loading section [0, 2, 3]: (Unknown registry key in ResourceKey[minecraft:root / minecraft:block]: cold_sweat:soul_stalk -> using default); (Unknown registry key in ResourceKey[minecraft:root / minecraft:block]: cold_sweat:soul_stalk -> using default); (Unknown registry key in ResourceKey[minecraft:root / minecraft:block]: cold_sweat:soul_stalk -> using default); (Unknown registry key in ResourceKey[minecraft:root / minecraft:block]: cold_sweat:soul_stalk -> using default); (Unknown registry key in ResourceKey[minecraft:root / minecraft:block]: cold_sweat:soul_stalk -> using default)
[12Apr2026 19:04:36.650] [Server thread/ERROR] [net.minecraft.world.level.chunk.storage.ChunkSerializer/]: Recoverable errors when loading section [0, 3, 3]: (Unknown registry key in ResourceKey[minecraft:root / minecraft:block]: cold_sweat:soul_stalk -> using default); (Unknown registry key in ResourceKey[minecraft:root / minecraft:block]: cold_sweat:soul_stalk -> using default); (Unknown registry key in ResourceKey[minecraft:root / minecraft:block]: cold_sweat:soul_stalk -> using default); (Unknown registry key in ResourceKey[minecraft:root / minecraft:block]: cold_sweat:soul_stalk -> using default)
[12Apr2026 19:04:36.651] [Server thread/ERROR] [net.minecraft.world.level.chunk.storage.ChunkSerializer/]: Recoverable errors when loading section [0, 5, 3]: (Unknown registry key in ResourceKey[minecraft:root / minecraft:block]: cold_sweat:soul_stalk -> using default); (Unknown registry key in ResourceKey[minecraft:root / minecraft:block]: cold_sweat:soul_stalk -> using default); (Unknown registry key in ResourceKey[minecraft:root / minecraft:block]: cold_sweat:soul_stalk -> using default)
[12Apr2026 19:04:36.651] [Server thread/ERROR] [net.minecraft.world.level.chunk.storage.ChunkSerializer/]: Recoverable errors when loading section [0, 6, 3]: (Unknown registry key in ResourceKey[minecraft:root / minecraft:block]: cold_sweat:soul_stalk -> using default); (Unknown registry key in ResourceKey[minecraft:root / minecraft:block]: cold_sweat:soul_stalk -> using default)
[12Apr2026 19:04:36.668] [Server thread/ERROR] [net.minecraft.world.level.chunk.storage.ChunkSerializer/]: Recoverable errors when loading section [1, 6, 3]: (Unknown registry key in ResourceKey[minecraft:root / minecraft:block]: cold_sweat:soul_stalk -> using default); (Unknown registry key in ResourceKey[minecraft:root / minecraft:block]: cold_sweat:soul_stalk -> using default); (Unknown registry key in ResourceKey[minecraft:root / minecraft:block]: cold_sweat:soul_stalk -> using default); (Unknown registry key in ResourceKey[minecraft:root / minecraft:block]: cold_sweat:soul_stalk -> using default)
[12Apr2026 19:04:36.670] [Server thread/ERROR] [net.minecraft.world.level.chunk.storage.ChunkSerializer/]: Recoverable errors when loading section [0, 2, 4]: (Unknown registry key in ResourceKey[minecraft:root / minecraft:block]: cold_sweat:soul_stalk -> using default); (Unknown registry key in ResourceKey[minecraft:root / minecraft:block]: cold_sweat:soul_stalk -> using default); (Unknown registry key in ResourceKey[minecraft:root / minecraft:block]: cold_sweat:soul_stalk -> using default)
[12Apr2026 19:04:36.670] [Server thread/ERROR] [net.minecraft.world.level.chunk.storage.ChunkSerializer/]: Recoverable errors when loading section [0, 3, 4]: (Unknown registry key in ResourceKey[minecraft:root / minecraft:block]: cold_sweat:soul_stalk -> using default)
[12Apr2026 19:04:36.672] [Server thread/ERROR] [net.minecraft.world.level.chunk.storage.ChunkSerializer/]: Recoverable errors when loading section [-4, 2, -1]: (Unknown registry key in ResourceKey[minecraft:root / minecraft:block]: cold_sweat:soul_stalk -> using default); (Unknown registry key in ResourceKey[minecraft:root / minecraft:block]: cold_sweat:soul_stalk -> using default); (Unknown registry key in ResourceKey[minecraft:root / minecraft:block]: cold_sweat:soul_stalk -> using default); (Unknown registry key in ResourceKey[minecraft:root / minecraft:block]: cold_sweat:soul_stalk -> using default)
[12Apr2026 19:04:36.675] [Server thread/ERROR] [net.minecraft.world.level.chunk.storage.ChunkSerializer/]: Recoverable errors when loading section [-3, 2, -1]: (Unknown registry key in ResourceKey[minecraft:root / minecraft:block]: cold_sweat:soul_stalk -> using default); (Unknown registry key in ResourceKey[minecraft:root / minecraft:block]: cold_sweat:soul_stalk -> using default); (Unknown registry key in ResourceKey[minecraft:root / minecraft:block]: cold_sweat:soul_stalk -> using default); (Unknown registry key in ResourceKey[minecraft:root / minecraft:block]: cold_sweat:soul_stalk -> using default); (Unknown registry key in ResourceKey[minecraft:root / minecraft:block]: cold_sweat:soul_stalk -> using default)
[12Apr2026 19:04:36.766] [Server thread/ERROR] [net.minecraft.world.level.chunk.storage.ChunkSerializer/]: Recoverable errors when loading section [-1, 3, 5]: (Unknown registry key in ResourceKey[minecraft:root / minecraft:block]: cold_sweat:soul_stalk -> using default); (Unknown registry key in ResourceKey[minecraft:root / minecraft:block]: cold_sweat:soul_stalk -> using default); (Unknown registry key in ResourceKey[minecraft:root / minecraft:block]: cold_sweat:soul_stalk -> using default)
[12Apr2026 19:04:36.767] [Server thread/ERROR] [net.minecraft.world.level.chunk.storage.ChunkSerializer/]: Recoverable errors when loading section [2, 2, 5]: (Unknown registry key in ResourceKey[minecraft:root / minecraft:block]: cold_sweat:soul_stalk -> using default); (Unknown registry key in ResourceKey[minecraft:root / minecraft:block]: cold_sweat:soul_stalk -> using default)
[12Apr2026 19:04:36.767] [Server thread/ERROR] [net.minecraft.world.level.chunk.storage.ChunkSerializer/]: Recoverable errors when loading section [2, 3, 5]: (Unknown registry key in ResourceKey[minecraft:root / minecraft:block]: cold_sweat:soul_stalk -> using default); (Unknown registry key in ResourceKey[minecraft:root / minecraft:block]: cold_sweat:soul_stalk -> using default)
[12Apr2026 19:04:36.773] [Server thread/ERROR] [net.minecraft.world.level.chunk.storage.ChunkSerializer/]: Recoverable errors when loading section [-2, 5, 6]: (Unknown registry key in ResourceKey[minecraft:root / minecraft:block]: cold_sweat:soul_stalk -> using default); (Unknown registry key in ResourceKey[minecraft:root / minecraft:block]: cold_sweat:soul_stalk -> using default); (Unknown registry key in ResourceKey[minecraft:root / minecraft:block]: cold_sweat:soul_stalk -> using default); (Unknown registry key in ResourceKey[minecraft:root / minecraft:block]: cold_sweat:soul_stalk -> using default)
[12Apr2026 19:04:36.779] [Server thread/ERROR] [net.minecraft.world.level.chunk.storage.ChunkSerializer/]: Recoverable errors when loading section [2, 2, 6]: (Unknown registry key in ResourceKey[minecraft:root / minecraft:block]: cold_sweat:soul_stalk -> using default); (Unknown registry key in ResourceKey[minecraft:root / minecraft:block]: cold_sweat:soul_stalk -> using default); (Unknown registry key in ResourceKey[minecraft:root / minecraft:block]: cold_sweat:soul_stalk -> using default)
[12Apr2026 19:04:36.783] [Server thread/ERROR] [net.minecraft.world.level.chunk.storage.ChunkSerializer/]: Recoverable errors when loading section [-4, 3, 6]: (Unknown registry key in ResourceKey[minecraft:root / minecraft:block]: cold_sweat:soul_stalk -> using default); (Unknown registry key in ResourceKey[minecraft:root / minecraft:block]: cold_sweat:soul_stalk -> using default); (Unknown registry key in ResourceKey[minecraft:root / minecraft:block]: cold_sweat:soul_stalk -> using default)
[12Apr2026 19:04:36.783] [Server thread/ERROR] [net.minecraft.world.level.chunk.storage.ChunkSerializer/]: Recoverable errors when loading section [-4, 4, 6]: (Unknown registry key in ResourceKey[minecraft:root / minecraft:block]: cold_sweat:soul_stalk -> using default); (Unknown registry key in ResourceKey[minecraft:root / minecraft:block]: cold_sweat:soul_stalk -> using default); (Unknown registry key in ResourceKey[minecraft:root / minecraft:block]: cold_sweat:soul_stalk -> using default); (Unknown registry key in ResourceKey[minecraft:root / minecraft:block]: cold_sweat:soul_stalk -> using default); (Unknown registry key in ResourceKey[minecraft:root / minecraft:block]: cold_sweat:soul_stalk -> using default); (Unknown registry key in ResourceKey[minecraft:root / minecraft:block]: cold_sweat:soul_stalk -> using default)
[12Apr2026 19:04:36.784] [Server thread/ERROR] [net.minecraft.world.level.chunk.storage.ChunkSerializer/]: Recoverable errors when loading section [-4, 5, 6]: (Unknown registry key in ResourceKey[minecraft:root / minecraft:block]: cold_sweat:soul_stalk -> using default); (Unknown registry key in ResourceKey[minecraft:root / minecraft:block]: cold_sweat:soul_stalk -> using default); (Unknown registry key in ResourceKey[minecraft:root / minecraft:block]: cold_sweat:soul_stalk -> using default); (Unknown registry key in ResourceKey[minecraft:root / minecraft:block]: cold_sweat:soul_stalk -> using default); (Unknown registry key in ResourceKey[minecraft:root / minecraft:block]: cold_sweat:soul_stalk -> using default)
[12Apr2026 19:07:43.731] [Server thread/INFO] [net.minecraft.server.network.ServerGamePacketListenerImpl/]: Starbot67 lost connection: Disconnected
[12Apr2026 19:07:43.732] [Server thread/INFO] [net.minecraft.server.MinecraftServer/]: Starbot67 left the game
[12Apr2026 19:07:43.734] [Server thread/INFO] [voicechat/]: [voicechat] Disconnecting client Starbot67
[12Apr2026 19:08:29.633] [User Authenticator #5/INFO] [net.minecraft.server.network.ServerLoginPacketListenerImpl/]: UUID of player ThebigbossofDan is 4a8f499a-ccb0-46d5-bfd9-1363c255bfb3
[12Apr2026 19:08:30.023] [Server thread/INFO] [net.minecraft.server.network.ServerConfigurationPacketListenerImpl/]: com.mojang.authlib.GameProfile@60e5fb88[id=4a8f499a-ccb0-46d5-bfd9-1363c255bfb3,name=ThebigbossofDan,properties={textures=[Property[name=textures, value=ewogICJ0aW1lc3RhbXAiIDogMTc3NjAxMzcwODcyNywKICAicHJvZmlsZUlkIiA6ICI0YThmNDk5YWNjYjA0NmQ1YmZkOTEzNjNjMjU1YmZiMyIsCiAgInByb2ZpbGVOYW1lIiA6ICJUaGViaWdib3Nzb2ZEYW4iLAogICJzaWduYXR1cmVSZXF1aXJlZCIgOiB0cnVlLAogICJ0ZXh0dXJlcyIgOiB7CiAgICAiU0tJTiIgOiB7CiAgICAgICJ1cmwiIDogImh0dHA6Ly90ZXh0dXJlcy5taW5lY3JhZnQubmV0L3RleHR1cmUvYjBkY2YxZmM5ZmEwODE2YmIyODRkYjY2ODZjZmYyMjlmOTZlN2ViMTg1YTg5MGFhYmM1YmZhNzU0ZDlhZWNjMyIKICAgIH0sCiAgICAiQ0FQRSIgOiB7CiAgICAgICJ1cmwiIDogImh0dHA6Ly90ZXh0dXJlcy5taW5lY3JhZnQubmV0L3RleHR1cmUvMjhkZTRhODE2ODhhZDE4YjQ5ZTczNWEyNzNlMDg2YzE4ZjFlMzk2Njk1NjEyM2NjYjU3NDAzNGMwNmY1ZDMzNiIKICAgIH0KICB9Cn0=, signature=rumF2Fk1I7IVqSZHJqDLFseR8vhRmlFyfix2wAsh3wcPMrBWF10T5Ly2oByESDwV+FTnx+9gDJl5Qj784hc7sYaxqxL7G0PSMKkosnwx+oQBjQw3Ixr2jzbQJY3vfzwZoitoW/CIgNOUqxzEJIZHYuK383xzSDVSZ7FjZ0yUeS8hawNyLzSDgBs0pYMmWuZAqj+q6/9BPVAGQtlZ1BBoqYNXsi61XluNimkp+Ss7zx1JBFrCjMDtNpJ+c2iPYwqF6TII71USfu+GgXABAsr/WYJ967jLfFu5McbqP7W+yIjwF5PvVbaltCr5uhEpO3/gALtUDJzoTMxp1ghlN11/4AIPH5YeQvpsoM69EJa0790X2husFgK4JpDgKINIoJdLiec1fgJREblt9PuJq/a4lWw1vqtQ8e4vqTLntqkbDAj2e1/+GbbAEdM2YE5eG9xBEPjonpgPD/zMNqLH7E+LTJ1xTvqW18Y4a0m1HI06fqj7oyvQtI7/IZPfixiT8YeRxinF3hFrYRcPdlAZfw7XHzaZuJl5OsBx4kyhX7iel1/LpONIs0k9fppqaupSLXXzoY4ZlP8TT/akAH9n/cM6HLTFJDt1DJdjSy0YckRKiAjW/4iRYLHSoC4L7OvkBctWrGi83cJRxMfYoZYRf7Ry9TY1Cqxg/DoXwvzY+TmNDRo=]]}] lost connection: Incompatible client! Please use NeoForge 21.1.226
[12Apr2026 19:08:30.064] [Server thread/WARN] [net.minecraft.network.Connection/]: handleDisconnection() called twice
[12Apr2026 19:13:48.934] [User Authenticator #6/INFO] [net.minecraft.server.network.ServerLoginPacketListenerImpl/]: UUID of player ThebigbossofDan is 4a8f499a-ccb0-46d5-bfd9-1363c255bfb3
[12Apr2026 19:14:00.151] [Server thread/ERROR] [net.neoforged.neoforge.attachment.AttachmentHolder/]: Encountered unknown or non-serializable data attachment cold_sweat:entity_temperature. Skipping.
[12Apr2026 19:14:00.151] [Server thread/WARN] [net.minecraft.world.entity.ai.attributes.AttributeMap/]: Ignoring unknown attribute 'cold_sweat:base_temperature'
[12Apr2026 19:14:00.151] [Server thread/WARN] [net.minecraft.world.entity.ai.attributes.AttributeMap/]: Ignoring unknown attribute 'cold_sweat:cold_resistance'
[12Apr2026 19:14:00.151] [Server thread/WARN] [net.minecraft.world.entity.ai.attributes.AttributeMap/]: Ignoring unknown attribute 'cold_sweat:temperature_rate'
[12Apr2026 19:14:00.151] [Server thread/WARN] [net.minecraft.world.entity.ai.attributes.AttributeMap/]: Ignoring unknown attribute 'cold_sweat:world_temperature'
[12Apr2026 19:14:00.151] [Server thread/WARN] [net.minecraft.world.entity.ai.attributes.AttributeMap/]: Ignoring unknown attribute 'cold_sweat:burning_point'
[12Apr2026 19:14:00.152] [Server thread/WARN] [net.minecraft.world.entity.ai.attributes.AttributeMap/]: Ignoring unknown attribute 'cold_sweat:heat_resistance'
[12Apr2026 19:14:00.152] [Server thread/WARN] [net.minecraft.world.entity.ai.attributes.AttributeMap/]: Ignoring unknown attribute 'cold_sweat:freezing_point'
[12Apr2026 19:14:00.152] [Server thread/WARN] [net.minecraft.world.entity.ai.attributes.AttributeMap/]: Ignoring unknown attribute 'cold_sweat:cold_dampening'
[12Apr2026 19:14:00.152] [Server thread/WARN] [net.minecraft.world.entity.ai.attributes.AttributeMap/]: Ignoring unknown attribute 'cold_sweat:heat_dampening'
[12Apr2026 19:14:00.152] [Server thread/ERROR] [net.minecraft.world.item.ItemStack/]: Tried to load invalid item: 'No component with type: 'cold_sweat:armor_insulation'; No component with type: 'cold_sweat:armor_insulation' missed input: {"cold_sweat:armor_insulation":{insulation:[]}}'
[12Apr2026 19:14:00.152] [Server thread/ERROR] [net.minecraft.world.item.ItemStack/]: Tried to load invalid item: 'No component with type: 'cold_sweat:armor_insulation'; No component with type: 'cold_sweat:armor_insulation' missed input: {"cold_sweat:armor_insulation":{insulation:[]}}'
[12Apr2026 19:14:00.153] [Server thread/ERROR] [net.minecraft.world.item.ItemStack/]: Tried to load invalid item: 'No component with type: 'cold_sweat:armor_insulation'; No component with type: 'cold_sweat:armor_insulation' missed input: {"cold_sweat:armor_insulation":{insulation:[]}}'
[12Apr2026 19:14:00.153] [Server thread/ERROR] [net.minecraft.world.item.ItemStack/]: Tried to load invalid item: 'No component with type: 'cold_sweat:armor_insulation'; No component with type: 'cold_sweat:armor_insulation' missed input: {"cold_sweat:armor_insulation":{insulation:[]}}'
[12Apr2026 19:14:00.174] [Server thread/INFO] [net.minecraft.server.players.PlayerList/]: ThebigbossofDan[/10.8.0.1:50594] logged in with entity id 52718 at (-1665.5502214086746, 76.5, -1570.319834359189)
[12Apr2026 19:14:00.187] [Server thread/INFO] [net.minecraft.server.MinecraftServer/]: ThebigbossofDan joined the game
[12Apr2026 19:14:00.243] [Server thread/WARN] [net.minecraft.server.MinecraftServer/]: Can't keep up! Is the server overloaded? Running 2228ms or 44 ticks behind
[12Apr2026 19:14:00.955] [Server thread/INFO] [com.davenonymous.bonsaitrees.BonsaiTrees/]: Received sapling ack message from client
[12Apr2026 19:14:00.958] [Server thread/INFO] [voicechat/]: [voicechat] Received secret request of ThebigbossofDan (20)
[12Apr2026 19:14:00.958] [Server thread/INFO] [voicechat/]: [voicechat] Sent secret to ThebigbossofDan
[12Apr2026 19:14:17.518] [VoiceChatPacketProcessingThread/INFO] [voicechat/]: [voicechat] Successfully authenticated player 4a8f499a-ccb0-46d5-bfd9-1363c255bfb3
[12Apr2026 19:14:18.530] [VoiceChatPacketProcessingThread/INFO] [voicechat/]: [voicechat] Successfully validated connection of player 4a8f499a-ccb0-46d5-bfd9-1363c255bfb3
[12Apr2026 19:14:18.531] [VoiceChatPacketProcessingThread/INFO] [voicechat/]: [voicechat] Player ThebigbossofDan (4a8f499a-ccb0-46d5-bfd9-1363c255bfb3) successfully connected to voice chat
[12Apr2026 19:14:29.352] [Server thread/INFO] [net.minecraft.server.MinecraftServer/]: <ThebigbossofDan> e
[12Apr2026 19:14:45.679] [Server thread/INFO] [net.minecraft.server.MinecraftServer/]: <ThebigbossofDan> e?
[12Apr2026 19:24:54.239] [Server thread/INFO] [net.minecraft.server.MinecraftServer/]: ThebigbossofDan has made the advancement [Voluntary Exile]
[12Apr2026 19:27:53.563] [Server thread/INFO] [net.minecraft.server.MinecraftServer/]: <ThebigbossofDan> e
[12Apr2026 19:33:49.124] [Server thread/INFO] [net.minecraft.server.MinecraftServer/]: ThebigbossofDan has made the advancement [The Centerpiece]
[12Apr2026 19:38:10.785] [Server thread/WARN] [minecolonies/]: Handling Survival Placement in Colony
[12Apr2026 20:06:25.008] [Netty Epoll Server IO #1/ERROR] [net.minecraft.network.PacketEncoder/]: Error sending packet clientbound/minecraft:disconnect
io.netty.handler.codec.EncoderException: Sending unknown packet 'clientbound/minecraft:disconnect'
	at TRANSFORMER/minecraft@1.21.1/net.minecraft.network.codec.IdDispatchCodec.encode(IdDispatchCodec.java:47) ~[server-1.21.1-20240808.144430-srg.jar%23276!/:?]
	at TRANSFORMER/minecraft@1.21.1/net.minecraft.network.codec.IdDispatchCodec.encode(IdDispatchCodec.java:14) ~[server-1.21.1-20240808.144430-srg.jar%23276!/:?]
	at TRANSFORMER/minecraft@1.21.1/net.minecraft.network.PacketEncoder.encode(PacketEncoder.java:24) ~[server-1.21.1-20240808.144430-srg.jar%23276!/:?]
	at TRANSFORMER/minecraft@1.21.1/net.minecraft.network.PacketEncoder.encode(PacketEncoder.java:12) ~[server-1.21.1-20240808.144430-srg.jar%23276!/:?]
	at MC-BOOTSTRAP/io.netty.codec@4.1.97.Final/io.netty.handler.codec.MessageToByteEncoder.write(MessageToByteEncoder.java:107) ~[netty-codec-4.1.97.Final.jar%23102!/:4.1.97.Final]
	at MC-BOOTSTRAP/io.netty.transport@4.1.97.Final/io.netty.channel.AbstractChannelHandlerContext.invokeWrite0(AbstractChannelHandlerContext.java:881) ~[netty-transport-4.1.97.Final.jar%23106!/:4.1.97.Final]
	at MC-BOOTSTRAP/io.netty.transport@4.1.97.Final/io.netty.channel.AbstractChannelHandlerContext.invokeWrite(AbstractChannelHandlerContext.java:863) ~[netty-transport-4.1.97.Final.jar%23106!/:4.1.97.Final]
	at MC-BOOTSTRAP/io.netty.transport@4.1.97.Final/io.netty.channel.AbstractChannelHandlerContext.write(AbstractChannelHandlerContext.java:968) ~[netty-transport-4.1.97.Final.jar%23106!/:4.1.97.Final]
	at MC-BOOTSTRAP/io.netty.transport@4.1.97.Final/io.netty.channel.AbstractChannelHandlerContext.write(AbstractChannelHandlerContext.java:856) ~[netty-transport-4.1.97.Final.jar%23106!/:4.1.97.Final]
	at MC-BOOTSTRAP/io.netty.transport@4.1.97.Final/io.netty.channel.ChannelOutboundHandlerAdapter.write(ChannelOutboundHandlerAdapter.java:113) ~[netty-transport-4.1.97.Final.jar%23106!/:4.1.97.Final]
	at TRANSFORMER/minecraft@1.21.1/net.minecraft.network.Connection$2.write(Connection.java:528) ~[server-1.21.1-20240808.144430-srg.jar%23276!/:?]
	at MC-BOOTSTRAP/io.netty.transport@4.1.97.Final/io.netty.channel.AbstractChannelHandlerContext.invokeWrite0(AbstractChannelHandlerContext.java:881) ~[netty-transport-4.1.97.Final.jar%23106!/:4.1.97.Final]
	at MC-BOOTSTRAP/io.netty.transport@4.1.97.Final/io.netty.channel.AbstractChannelHandlerContext.invokeWriteAndFlush(AbstractChannelHandlerContext.java:940) ~[netty-transport-4.1.97.Final.jar%23106!/:4.1.97.Final]
	at MC-BOOTSTRAP/io.netty.transport@4.1.97.Final/io.netty.channel.AbstractChannelHandlerContext.write(AbstractChannelHandlerContext.java:966) ~[netty-transport-4.1.97.Final.jar%23106!/:4.1.97.Final]
	at MC-BOOTSTRAP/io.netty.transport@4.1.97.Final/io.netty.channel.AbstractChannelHandlerContext.writeAndFlush(AbstractChannelHandlerContext.java:934) ~[netty-transport-4.1.97.Final.jar%23106!/:4.1.97.Final]
	at MC-BOOTSTRAP/io.netty.transport@4.1.97.Final/io.netty.channel.AbstractChannelHandlerContext.writeAndFlush(AbstractChannelHandlerContext.java:984) ~[netty-transport-4.1.97.Final.jar%23106!/:4.1.97.Final]
	at MC-BOOTSTRAP/io.netty.transport@4.1.97.Final/io.netty.channel.DefaultChannelPipeline.writeAndFlush(DefaultChannelPipeline.java:1025) ~[netty-transport-4.1.97.Final.jar%23106!/:4.1.97.Final]
	at MC-BOOTSTRAP/io.netty.transport@4.1.97.Final/io.netty.channel.AbstractChannel.writeAndFlush(AbstractChannel.java:306) ~[netty-transport-4.1.97.Final.jar%23106!/:4.1.97.Final]
	at TRANSFORMER/minecraft@1.21.1/net.minecraft.network.Connection.doSendPacket$mixinextras$wrapped$77(Connection.java:364) ~[server-1.21.1-20240808.144430-srg.jar%23276!/:?]
	at TRANSFORMER/minecraft@1.21.1/net.minecraft.network.Connection.mixinextras$bridge$doSendPacket$mixinextras$wrapped$77$78(Connection.java) ~[server-1.21.1-20240808.144430-srg.jar%23276!/:?]
	at TRANSFORMER/minecraft@1.21.1/net.minecraft.network.Connection.wrapMethod$zbj000$modernfix$checkClientPresence(Connection.java:750) ~[server-1.21.1-20240808.144430-srg.jar%23276!/:?]
	at TRANSFORMER/minecraft@1.21.1/net.minecraft.network.Connection.doSendPacket(Connection.java) ~[server-1.21.1-20240808.144430-srg.jar%23276!/:?]
	at TRANSFORMER/minecraft@1.21.1/net.minecraft.network.Connection.sendPacket(Connection.java:357) ~[server-1.21.1-20240808.144430-srg.jar%23276!/:?]
	at TRANSFORMER/minecraft@1.21.1/net.minecraft.network.Connection.send(Connection.java:339) ~[server-1.21.1-20240808.144430-srg.jar%23276!/:?]
	at TRANSFORMER/minecraft@1.21.1/net.minecraft.network.Connection.send(Connection.java:333) ~[server-1.21.1-20240808.144430-srg.jar%23276!/:?]
	at TRANSFORMER/minecraft@1.21.1/net.minecraft.network.Connection.exceptionCaught(Connection.java:168) ~[server-1.21.1-20240808.144430-srg.jar%23276!/:?]
	at MC-BOOTSTRAP/io.netty.transport@4.1.97.Final/io.netty.channel.AbstractChannelHandlerContext.invokeExceptionCaught(AbstractChannelHandlerContext.java:346) ~[netty-transport-4.1.97.Final.jar%23106!/:4.1.97.Final]
	at MC-BOOTSTRAP/io.netty.transport@4.1.97.Final/io.netty.channel.AbstractChannelHandlerContext.invokeExceptionCaught(AbstractChannelHandlerContext.java:325) ~[netty-transport-4.1.97.Final.jar%23106!/:4.1.97.Final]
	at MC-BOOTSTRAP/io.netty.transport@4.1.97.Final/io.netty.channel.AbstractChannelHandlerContext.fireExceptionCaught(AbstractChannelHandlerContext.java:317) ~[netty-transport-4.1.97.Final.jar%23106!/:4.1.97.Final]
	at MC-BOOTSTRAP/io.netty.transport@4.1.97.Final/io.netty.channel.DefaultChannelPipeline$HeadContext.exceptionCaught(DefaultChannelPipeline.java:1377) ~[netty-transport-4.1.97.Final.jar%23106!/:4.1.97.Final]
	at MC-BOOTSTRAP/io.netty.transport@4.1.97.Final/io.netty.channel.AbstractChannelHandlerContext.invokeExceptionCaught(AbstractChannelHandlerContext.java:346) ~[netty-transport-4.1.97.Final.jar%23106!/:4.1.97.Final]
	at MC-BOOTSTRAP/io.netty.transport@4.1.97.Final/io.netty.channel.AbstractChannelHandlerContext.invokeExceptionCaught(AbstractChannelHandlerContext.java:325) ~[netty-transport-4.1.97.Final.jar%23106!/:4.1.97.Final]
	at MC-BOOTSTRAP/io.netty.transport@4.1.97.Final/io.netty.channel.DefaultChannelPipeline.fireExceptionCaught(DefaultChannelPipeline.java:907) ~[netty-transport-4.1.97.Final.jar%23106!/:4.1.97.Final]
	at MC-BOOTSTRAP/io.netty.transport.classes.epoll@4.1.97.Final/io.netty.channel.epoll.AbstractEpollStreamChannel$EpollStreamUnsafe.handleReadException(AbstractEpollStreamChannel.java:728) ~[netty-transport-classes-epoll-4.1.97.Final.jar%23107!/:4.1.97.Final]
	at MC-BOOTSTRAP/io.netty.transport.classes.epoll@4.1.97.Final/io.netty.channel.epoll.AbstractEpollStreamChannel$EpollStreamUnsafe.epollInReady(AbstractEpollStreamChannel.java:826) ~[netty-transport-classes-epoll-4.1.97.Final.jar%23107!/:4.1.97.Final]
	at MC-BOOTSTRAP/io.netty.transport.classes.epoll@4.1.97.Final/io.netty.channel.epoll.EpollEventLoop.processReady(EpollEventLoop.java:509) ~[netty-transport-classes-epoll-4.1.97.Final.jar%23107!/:4.1.97.Final]
	at MC-BOOTSTRAP/io.netty.transport.classes.epoll@4.1.97.Final/io.netty.channel.epoll.EpollEventLoop.run(EpollEventLoop.java:407) ~[netty-transport-classes-epoll-4.1.97.Final.jar%23107!/:4.1.97.Final]
	at MC-BOOTSTRAP/io.netty.common@4.1.97.Final/io.netty.util.concurrent.SingleThreadEventExecutor$4.run(SingleThreadEventExecutor.java:997) ~[netty-common-4.1.97.Final.jar%23103!/:4.1.97.Final]
	at MC-BOOTSTRAP/io.netty.common@4.1.97.Final/io.netty.util.internal.ThreadExecutorMap$2.run(ThreadExecutorMap.java:74) ~[netty-common-4.1.97.Final.jar%23103!/:4.1.97.Final]
	at java.base/java.lang.Thread.run(Unknown Source) [?:?]
[12Apr2026 20:09:19.333] [Server thread/INFO] [net.minecraft.server.network.ServerGamePacketListenerImpl/]: ThebigbossofDan lost connection: Disconnected
[12Apr2026 20:09:19.334] [Server thread/INFO] [net.minecraft.server.MinecraftServer/]: ThebigbossofDan left the game
[12Apr2026 20:09:19.336] [Server thread/INFO] [voicechat/]: [voicechat] Disconnecting client ThebigbossofDan
[12Apr2026 20:20:20.217] [Netty Epoll Server IO #4/ERROR] [net.minecraft.network.PacketEncoder/]: Error sending packet clientbound/minecraft:disconnect
io.netty.handler.codec.EncoderException: Sending unknown packet 'clientbound/minecraft:disconnect'
	at TRANSFORMER/minecraft@1.21.1/net.minecraft.network.codec.IdDispatchCodec.encode(IdDispatchCodec.java:47) ~[server-1.21.1-20240808.144430-srg.jar%23276!/:?]
	at TRANSFORMER/minecraft@1.21.1/net.minecraft.network.codec.IdDispatchCodec.encode(IdDispatchCodec.java:14) ~[server-1.21.1-20240808.144430-srg.jar%23276!/:?]
	at TRANSFORMER/minecraft@1.21.1/net.minecraft.network.PacketEncoder.encode(PacketEncoder.java:24) ~[server-1.21.1-20240808.144430-srg.jar%23276!/:?]
	at TRANSFORMER/minecraft@1.21.1/net.minecraft.network.PacketEncoder.encode(PacketEncoder.java:12) ~[server-1.21.1-20240808.144430-srg.jar%23276!/:?]
	at MC-BOOTSTRAP/io.netty.codec@4.1.97.Final/io.netty.handler.codec.MessageToByteEncoder.write(MessageToByteEncoder.java:107) ~[netty-codec-4.1.97.Final.jar%23102!/:4.1.97.Final]
	at MC-BOOTSTRAP/io.netty.transport@4.1.97.Final/io.netty.channel.AbstractChannelHandlerContext.invokeWrite0(AbstractChannelHandlerContext.java:881) ~[netty-transport-4.1.97.Final.jar%23106!/:4.1.97.Final]
	at MC-BOOTSTRAP/io.netty.transport@4.1.97.Final/io.netty.channel.AbstractChannelHandlerContext.invokeWrite(AbstractChannelHandlerContext.java:863) ~[netty-transport-4.1.97.Final.jar%23106!/:4.1.97.Final]
	at MC-BOOTSTRAP/io.netty.transport@4.1.97.Final/io.netty.channel.AbstractChannelHandlerContext.write(AbstractChannelHandlerContext.java:968) ~[netty-transport-4.1.97.Final.jar%23106!/:4.1.97.Final]
	at MC-BOOTSTRAP/io.netty.transport@4.1.97.Final/io.netty.channel.AbstractChannelHandlerContext.write(AbstractChannelHandlerContext.java:856) ~[netty-transport-4.1.97.Final.jar%23106!/:4.1.97.Final]
	at MC-BOOTSTRAP/io.netty.transport@4.1.97.Final/io.netty.channel.ChannelOutboundHandlerAdapter.write(ChannelOutboundHandlerAdapter.java:113) ~[netty-transport-4.1.97.Final.jar%23106!/:4.1.97.Final]
	at TRANSFORMER/minecraft@1.21.1/net.minecraft.network.Connection$2.write(Connection.java:528) ~[server-1.21.1-20240808.144430-srg.jar%23276!/:?]
	at MC-BOOTSTRAP/io.netty.transport@4.1.97.Final/io.netty.channel.AbstractChannelHandlerContext.invokeWrite0(AbstractChannelHandlerContext.java:881) ~[netty-transport-4.1.97.Final.jar%23106!/:4.1.97.Final]
	at MC-BOOTSTRAP/io.netty.transport@4.1.97.Final/io.netty.channel.AbstractChannelHandlerContext.invokeWriteAndFlush(AbstractChannelHandlerContext.java:940) ~[netty-transport-4.1.97.Final.jar%23106!/:4.1.97.Final]
	at MC-BOOTSTRAP/io.netty.transport@4.1.97.Final/io.netty.channel.AbstractChannelHandlerContext.write(AbstractChannelHandlerContext.java:966) ~[netty-transport-4.1.97.Final.jar%23106!/:4.1.97.Final]
	at MC-BOOTSTRAP/io.netty.transport@4.1.97.Final/io.netty.channel.AbstractChannelHandlerContext.writeAndFlush(AbstractChannelHandlerContext.java:934) ~[netty-transport-4.1.97.Final.jar%23106!/:4.1.97.Final]
	at MC-BOOTSTRAP/io.netty.transport@4.1.97.Final/io.netty.channel.AbstractChannelHandlerContext.writeAndFlush(AbstractChannelHandlerContext.java:984) ~[netty-transport-4.1.97.Final.jar%23106!/:4.1.97.Final]
	at MC-BOOTSTRAP/io.netty.transport@4.1.97.Final/io.netty.channel.DefaultChannelPipeline.writeAndFlush(DefaultChannelPipeline.java:1025) ~[netty-transport-4.1.97.Final.jar%23106!/:4.1.97.Final]
	at MC-BOOTSTRAP/io.netty.transport@4.1.97.Final/io.netty.channel.AbstractChannel.writeAndFlush(AbstractChannel.java:306) ~[netty-transport-4.1.97.Final.jar%23106!/:4.1.97.Final]
	at TRANSFORMER/minecraft@1.21.1/net.minecraft.network.Connection.doSendPacket$mixinextras$wrapped$77(Connection.java:364) ~[server-1.21.1-20240808.144430-srg.jar%23276!/:?]
	at TRANSFORMER/minecraft@1.21.1/net.minecraft.network.Connection.mixinextras$bridge$doSendPacket$mixinextras$wrapped$77$78(Connection.java) ~[server-1.21.1-20240808.144430-srg.jar%23276!/:?]
	at TRANSFORMER/minecraft@1.21.1/net.minecraft.network.Connection.wrapMethod$zbj000$modernfix$checkClientPresence(Connection.java:750) ~[server-1.21.1-20240808.144430-srg.jar%23276!/:?]
	at TRANSFORMER/minecraft@1.21.1/net.minecraft.network.Connection.doSendPacket(Connection.java) ~[server-1.21.1-20240808.144430-srg.jar%23276!/:?]
	at TRANSFORMER/minecraft@1.21.1/net.minecraft.network.Connection.sendPacket(Connection.java:357) ~[server-1.21.1-20240808.144430-srg.jar%23276!/:?]
	at TRANSFORMER/minecraft@1.21.1/net.minecraft.network.Connection.send(Connection.java:339) ~[server-1.21.1-20240808.144430-srg.jar%23276!/:?]
	at TRANSFORMER/minecraft@1.21.1/net.minecraft.network.Connection.send(Connection.java:333) ~[server-1.21.1-20240808.144430-srg.jar%23276!/:?]
	at TRANSFORMER/minecraft@1.21.1/net.minecraft.network.Connection.exceptionCaught(Connection.java:168) ~[server-1.21.1-20240808.144430-srg.jar%23276!/:?]
	at MC-BOOTSTRAP/io.netty.transport@4.1.97.Final/io.netty.channel.AbstractChannelHandlerContext.invokeExceptionCaught(AbstractChannelHandlerContext.java:346) ~[netty-transport-4.1.97.Final.jar%23106!/:4.1.97.Final]
	at MC-BOOTSTRAP/io.netty.transport@4.1.97.Final/io.netty.channel.AbstractChannelHandlerContext.invokeExceptionCaught(AbstractChannelHandlerContext.java:325) ~[netty-transport-4.1.97.Final.jar%23106!/:4.1.97.Final]
	at MC-BOOTSTRAP/io.netty.transport@4.1.97.Final/io.netty.channel.AbstractChannelHandlerContext.fireExceptionCaught(AbstractChannelHandlerContext.java:317) ~[netty-transport-4.1.97.Final.jar%23106!/:4.1.97.Final]
	at MC-BOOTSTRAP/io.netty.transport@4.1.97.Final/io.netty.channel.DefaultChannelPipeline$HeadContext.exceptionCaught(DefaultChannelPipeline.java:1377) ~[netty-transport-4.1.97.Final.jar%23106!/:4.1.97.Final]
	at MC-BOOTSTRAP/io.netty.transport@4.1.97.Final/io.netty.channel.AbstractChannelHandlerContext.invokeExceptionCaught(AbstractChannelHandlerContext.java:346) ~[netty-transport-4.1.97.Final.jar%23106!/:4.1.97.Final]
	at MC-BOOTSTRAP/io.netty.transport@4.1.97.Final/io.netty.channel.AbstractChannelHandlerContext.invokeExceptionCaught(AbstractChannelHandlerContext.java:325) ~[netty-transport-4.1.97.Final.jar%23106!/:4.1.97.Final]
	at MC-BOOTSTRAP/io.netty.transport@4.1.97.Final/io.netty.channel.DefaultChannelPipeline.fireExceptionCaught(DefaultChannelPipeline.java:907) ~[netty-transport-4.1.97.Final.jar%23106!/:4.1.97.Final]
	at MC-BOOTSTRAP/io.netty.transport.classes.epoll@4.1.97.Final/io.netty.channel.epoll.AbstractEpollStreamChannel$EpollStreamUnsafe.handleReadException(AbstractEpollStreamChannel.java:728) ~[netty-transport-classes-epoll-4.1.97.Final.jar%23107!/:4.1.97.Final]
	at MC-BOOTSTRAP/io.netty.transport.classes.epoll@4.1.97.Final/io.netty.channel.epoll.AbstractEpollStreamChannel$EpollStreamUnsafe.epollInReady(AbstractEpollStreamChannel.java:826) ~[netty-transport-classes-epoll-4.1.97.Final.jar%23107!/:4.1.97.Final]
	at MC-BOOTSTRAP/io.netty.transport.classes.epoll@4.1.97.Final/io.netty.channel.epoll.EpollEventLoop.processReady(EpollEventLoop.java:509) ~[netty-transport-classes-epoll-4.1.97.Final.jar%23107!/:4.1.97.Final]
	at MC-BOOTSTRAP/io.netty.transport.classes.epoll@4.1.97.Final/io.netty.channel.epoll.EpollEventLoop.run(EpollEventLoop.java:407) ~[netty-transport-classes-epoll-4.1.97.Final.jar%23107!/:4.1.97.Final]
	at MC-BOOTSTRAP/io.netty.common@4.1.97.Final/io.netty.util.concurrent.SingleThreadEventExecutor$4.run(SingleThreadEventExecutor.java:997) ~[netty-common-4.1.97.Final.jar%23103!/:4.1.97.Final]
	at MC-BOOTSTRAP/io.netty.common@4.1.97.Final/io.netty.util.internal.ThreadExecutorMap$2.run(ThreadExecutorMap.java:74) ~[netty-common-4.1.97.Final.jar%23103!/:4.1.97.Final]
	at java.base/java.lang.Thread.run(Unknown Source) [?:?]
[12Apr2026 20:31:15.667] [User Authenticator #7/INFO] [net.minecraft.server.network.ServerLoginPacketListenerImpl/]: UUID of player Starbot67 is 4e35a71a-619e-420b-971b-376a653c73f8
[12Apr2026 20:31:25.514] [Server thread/INFO] [net.minecraft.server.players.PlayerList/]: Starbot67[/10.8.0.1:60589] logged in with entity id 62470 at (-94.10169354843141, 48.0, 377.52498924109597)
[12Apr2026 20:31:25.518] [Server thread/INFO] [net.minecraft.server.MinecraftServer/]: Starbot67 joined the game
[12Apr2026 20:31:25.544] [Server thread/WARN] [net.minecraft.server.MinecraftServer/]: Can't keep up! Is the server overloaded? Running 2080ms or 41 ticks behind
[12Apr2026 20:31:25.925] [Server thread/INFO] [voicechat/]: [voicechat] Received secret request of Starbot67 (20)
[12Apr2026 20:31:25.925] [Server thread/INFO] [voicechat/]: [voicechat] Sent secret to Starbot67
[12Apr2026 20:31:26.070] [Server thread/INFO] [com.davenonymous.bonsaitrees.BonsaiTrees/]: Received sapling ack message from client
[12Apr2026 20:31:40.953] [VoiceChatPacketProcessingThread/INFO] [voicechat/]: [voicechat] Successfully authenticated player 4e35a71a-619e-420b-971b-376a653c73f8
[12Apr2026 20:31:41.960] [VoiceChatPacketProcessingThread/INFO] [voicechat/]: [voicechat] Successfully validated connection of player 4e35a71a-619e-420b-971b-376a653c73f8
[12Apr2026 20:31:41.960] [VoiceChatPacketProcessingThread/INFO] [voicechat/]: [voicechat] Player Starbot67 (4e35a71a-619e-420b-971b-376a653c73f8) successfully connected to voice chat
[12Apr2026 20:41:55.080] [Server thread/INFO] [net.minecraft.server.MinecraftServer/]: Starbot67 was slain by Oretoise
[12Apr2026 20:41:55.098] [Server thread/INFO] [gravestone/]: The death ID of player Starbot67 is cec5a62c-a419-4401-8b89-bf37a38cdee0
[12Apr2026 20:42:05.755] [User Authenticator #8/INFO] [net.minecraft.server.network.ServerLoginPacketListenerImpl/]: UUID of player JaguarX_4 is fa7b7727-6c7f-48cb-b253-5410beaaa10c
[12Apr2026 20:42:07.901] [Server thread/INFO] [net.minecraft.server.players.PlayerList/]: JaguarX_4[/10.8.0.1:13874] logged in with entity id 64418 at (-1.5, 87.0, -4.5)
[12Apr2026 20:42:07.905] [Server thread/INFO] [net.minecraft.server.MinecraftServer/]: JaguarX_4 joined the game
[12Apr2026 20:42:07.911] [Server thread/INFO] [net.minecraft.server.MinecraftServer/]: JaguarX_4 has made the advancement [Welcome To Dusty Decorations!]
[12Apr2026 20:42:11.455] [Server thread/WARN] [net.minecraft.server.MinecraftServer/]: Can't keep up! Is the server overloaded? Running 3591ms or 71 ticks behind
[12Apr2026 20:42:11.464] [Server thread/INFO] [net.minecraft.server.MinecraftServer/]: JaguarX_4 has made the advancement [More Pylons]
[12Apr2026 20:42:11.475] [Server thread/INFO] [com.davenonymous.bonsaitrees.BonsaiTrees/]: Received sapling ack message from client
[12Apr2026 20:42:11.478] [Server thread/INFO] [voicechat/]: [voicechat] Received secret request of JaguarX_4 (20)
[12Apr2026 20:42:11.479] [Server thread/INFO] [voicechat/]: [voicechat] Sent secret to JaguarX_4
[12Apr2026 20:42:12.136] [Server thread/INFO] [net.minecraft.server.MinecraftServer/]: <Starbot67> heyo
[12Apr2026 20:42:13.448] [VoiceChatPacketProcessingThread/INFO] [voicechat/]: [voicechat] Successfully authenticated player fa7b7727-6c7f-48cb-b253-5410beaaa10c
[12Apr2026 20:42:14.483] [VoiceChatPacketProcessingThread/INFO] [voicechat/]: [voicechat] Successfully validated connection of player fa7b7727-6c7f-48cb-b253-5410beaaa10c
[12Apr2026 20:42:14.483] [VoiceChatPacketProcessingThread/INFO] [voicechat/]: [voicechat] Player JaguarX_4 (fa7b7727-6c7f-48cb-b253-5410beaaa10c) successfully connected to voice chat
[12Apr2026 20:43:55.443] [Server thread/INFO] [net.minecraft.server.MinecraftServer/]: JaguarX_4 has made the advancement [Stone Age]
[12Apr2026 20:44:14.608] [Server thread/INFO] [net.minecraft.server.MinecraftServer/]: JaguarX_4 has made the advancement [Getting an Upgrade]
[12Apr2026 20:45:37.191] [Server thread/INFO] [net.minecraft.server.MinecraftServer/]: JaguarX_4 has made the advancement [Monster Hunter]
[12Apr2026 20:48:47.937] [Server thread/INFO] [net.minecraft.server.MinecraftServer/]: JaguarX_4 was slain by Zombie
[12Apr2026 20:48:47.941] [Server thread/INFO] [gravestone/]: The death ID of player JaguarX_4 is b0305c6d-6701-4c95-a455-e88c93ad3c65
[12Apr2026 20:49:49.385] [Server thread/INFO] [net.minecraft.server.MinecraftServer/]: JaguarX_4 was slain by Zombie
[12Apr2026 20:49:49.388] [Server thread/INFO] [gravestone/]: The death ID of player JaguarX_4 is 74810894-e0ff-4423-b3ad-a2152ac45af1
[12Apr2026 20:49:54.654] [Server thread/INFO] [net.minecraft.server.MinecraftServer/]: <Starbot67> rip
[12Apr2026 20:50:04.776] [Server thread/INFO] [net.minecraft.server.MinecraftServer/]: JaguarX_4 was blown up by Creeper
[12Apr2026 20:50:04.778] [Server thread/INFO] [gravestone/]: The death ID of player JaguarX_4 is e640adab-c757-4eb5-b0df-6c40c2df3e9f
[12Apr2026 20:51:38.806] [Server thread/INFO] [net.minecraft.server.MinecraftServer/]: Starbot67 has made the advancement [A Metallur-what?]
[12Apr2026 20:52:57.252] [Server thread/INFO] [net.minecraft.server.MinecraftServer/]: Starbot67 has made the advancement [Tricking a Rock Into Thinking]
[12Apr2026 20:54:30.125] [Server thread/ERROR] [net.neoforged.neoforge.attachment.AttachmentHolder/]: Encountered unknown or non-serializable data attachment cold_sweat:shearable_fur. Skipping.
[12Apr2026 20:54:30.127] [Server thread/ERROR] [net.neoforged.neoforge.attachment.AttachmentHolder/]: Encountered unknown or non-serializable data attachment cold_sweat:shearable_fur. Skipping.
[12Apr2026 20:57:15.951] [Server thread/INFO] [net.minecraft.server.MinecraftServer/]: Starbot67 has made the advancement [The Perfect Foundation]
[12Apr2026 20:57:54.101] [Server thread/INFO] [net.minecraft.server.network.ServerGamePacketListenerImpl/]: JaguarX_4 lost connection: Disconnected
[12Apr2026 20:57:54.101] [Server thread/INFO] [net.minecraft.server.MinecraftServer/]: JaguarX_4 left the game
[12Apr2026 20:57:54.102] [Server thread/INFO] [voicechat/]: [voicechat] Disconnecting client JaguarX_4
[12Apr2026 21:12:15.543] [Server thread/INFO] [net.minecraft.server.MinecraftServer/]: Starbot67 has made the advancement [The Alloy That Started it All]
[12Apr2026 21:17:15.493] [Server thread/ERROR] [net.minecraft.world.level.chunk.storage.ChunkSerializer/]: Recoverable errors when loading section [-4, 3, 6]: (Unknown registry key in ResourceKey[minecraft:root / minecraft:block]: cold_sweat:soul_stalk -> using default); (Unknown registry key in ResourceKey[minecraft:root / minecraft:block]: cold_sweat:soul_stalk -> using default); (Unknown registry key in ResourceKey[minecraft:root / minecraft:block]: cold_sweat:soul_stalk -> using default)
[12Apr2026 21:17:15.493] [Server thread/ERROR] [net.minecraft.world.level.chunk.storage.ChunkSerializer/]: Recoverable errors when loading section [-4, 4, 6]: (Unknown registry key in ResourceKey[minecraft:root / minecraft:block]: cold_sweat:soul_stalk -> using default); (Unknown registry key in ResourceKey[minecraft:root / minecraft:block]: cold_sweat:soul_stalk -> using default); (Unknown registry key in ResourceKey[minecraft:root / minecraft:block]: cold_sweat:soul_stalk -> using default); (Unknown registry key in ResourceKey[minecraft:root / minecraft:block]: cold_sweat:soul_stalk -> using default); (Unknown registry key in ResourceKey[minecraft:root / minecraft:block]: cold_sweat:soul_stalk -> using default); (Unknown registry key in ResourceKey[minecraft:root / minecraft:block]: cold_sweat:soul_stalk -> using default)
[12Apr2026 21:17:15.494] [Server thread/ERROR] [net.minecraft.world.level.chunk.storage.ChunkSerializer/]: Recoverable errors when loading section [-4, 5, 6]: (Unknown registry key in ResourceKey[minecraft:root / minecraft:block]: cold_sweat:soul_stalk -> using default); (Unknown registry key in ResourceKey[minecraft:root / minecraft:block]: cold_sweat:soul_stalk -> using default); (Unknown registry key in ResourceKey[minecraft:root / minecraft:block]: cold_sweat:soul_stalk -> using default); (Unknown registry key in ResourceKey[minecraft:root / minecraft:block]: cold_sweat:soul_stalk -> using default); (Unknown registry key in ResourceKey[minecraft:root / minecraft:block]: cold_sweat:soul_stalk -> using default)
[12Apr2026 21:17:15.494] [Server thread/ERROR] [net.minecraft.world.level.chunk.storage.ChunkSerializer/]: Recoverable errors when loading section [-2, 5, 6]: (Unknown registry key in ResourceKey[minecraft:root / minecraft:block]: cold_sweat:soul_stalk -> using default); (Unknown registry key in ResourceKey[minecraft:root / minecraft:block]: cold_sweat:soul_stalk -> using default); (Unknown registry key in ResourceKey[minecraft:root / minecraft:block]: cold_sweat:soul_stalk -> using default); (Unknown registry key in ResourceKey[minecraft:root / minecraft:block]: cold_sweat:soul_stalk -> using default)
[12Apr2026 21:17:15.497] [Server thread/ERROR] [net.minecraft.world.level.chunk.storage.ChunkSerializer/]: Recoverable errors when loading section [2, 2, 6]: (Unknown registry key in ResourceKey[minecraft:root / minecraft:block]: cold_sweat:soul_stalk -> using default); (Unknown registry key in ResourceKey[minecraft:root / minecraft:block]: cold_sweat:soul_stalk -> using default); (Unknown registry key in ResourceKey[minecraft:root / minecraft:block]: cold_sweat:soul_stalk -> using default)
[12Apr2026 21:19:10.053] [Server thread/INFO] [net.minecraft.server.MinecraftServer/]: Starbot67 has made the advancement [Multi-Tool]
[12Apr2026 21:22:42.281] [Server thread/INFO] [net.minecraft.server.MinecraftServer/]: Starbot67 was slain by Zombie
[12Apr2026 21:22:42.290] [Server thread/INFO] [gravestone/]: The death ID of player Starbot67 is 37989457-c91a-4398-876b-128d9cf6a225
[12Apr2026 21:22:56.667] [Server thread/INFO] [net.minecraft.server.MinecraftServer/]: Starbot67 was slain by Zombie
[12Apr2026 21:22:56.671] [Server thread/INFO] [gravestone/]: The death ID of player Starbot67 is da97e9ef-22be-4380-ac4b-9bae7c2088b8
[12Apr2026 21:23:06.227] [Server thread/ERROR] [net.minecraft.world.level.chunk.storage.ChunkSerializer/]: Recoverable errors when loading section [-2, 5, 6]: (Unknown registry key in ResourceKey[minecraft:root / minecraft:block]: cold_sweat:soul_stalk -> using default); (Unknown registry key in ResourceKey[minecraft:root / minecraft:block]: cold_sweat:soul_stalk -> using default); (Unknown registry key in ResourceKey[minecraft:root / minecraft:block]: cold_sweat:soul_stalk -> using default); (Unknown registry key in ResourceKey[minecraft:root / minecraft:block]: cold_sweat:soul_stalk -> using default)
[12Apr2026 21:23:06.229] [Server thread/ERROR] [net.minecraft.world.level.chunk.storage.ChunkSerializer/]: Recoverable errors when loading section [2, 2, 6]: (Unknown registry key in ResourceKey[minecraft:root / minecraft:block]: cold_sweat:soul_stalk -> using default); (Unknown registry key in ResourceKey[minecraft:root / minecraft:block]: cold_sweat:soul_stalk -> using default); (Unknown registry key in ResourceKey[minecraft:root / minecraft:block]: cold_sweat:soul_stalk -> using default)
[12Apr2026 21:23:06.231] [Server thread/ERROR] [net.minecraft.world.level.chunk.storage.ChunkSerializer/]: Recoverable errors when loading section [-4, 3, 6]: (Unknown registry key in ResourceKey[minecraft:root / minecraft:block]: cold_sweat:soul_stalk -> using default); (Unknown registry key in ResourceKey[minecraft:root / minecraft:block]: cold_sweat:soul_stalk -> using default); (Unknown registry key in ResourceKey[minecraft:root / minecraft:block]: cold_sweat:soul_stalk -> using default)
[12Apr2026 21:23:06.232] [Server thread/ERROR] [net.minecraft.world.level.chunk.storage.ChunkSerializer/]: Recoverable errors when loading section [-4, 4, 6]: (Unknown registry key in ResourceKey[minecraft:root / minecraft:block]: cold_sweat:soul_stalk -> using default); (Unknown registry key in ResourceKey[minecraft:root / minecraft:block]: cold_sweat:soul_stalk -> using default); (Unknown registry key in ResourceKey[minecraft:root / minecraft:block]: cold_sweat:soul_stalk -> using default); (Unknown registry key in ResourceKey[minecraft:root / minecraft:block]: cold_sweat:soul_stalk -> using default); (Unknown registry key in ResourceKey[minecraft:root / minecraft:block]: cold_sweat:soul_stalk -> using default); (Unknown registry key in ResourceKey[minecraft:root / minecraft:block]: cold_sweat:soul_stalk -> using default)
[12Apr2026 21:23:06.232] [Server thread/ERROR] [net.minecraft.world.level.chunk.storage.ChunkSerializer/]: Recoverable errors when loading section [-4, 5, 6]: (Unknown registry key in ResourceKey[minecraft:root / minecraft:block]: cold_sweat:soul_stalk -> using default); (Unknown registry key in ResourceKey[minecraft:root / minecraft:block]: cold_sweat:soul_stalk -> using default); (Unknown registry key in ResourceKey[minecraft:root / minecraft:block]: cold_sweat:soul_stalk -> using default); (Unknown registry key in ResourceKey[minecraft:root / minecraft:block]: cold_sweat:soul_stalk -> using default); (Unknown registry key in ResourceKey[minecraft:root / minecraft:block]: cold_sweat:soul_stalk -> using default)
[12Apr2026 21:23:31.467] [Server thread/INFO] [net.minecraft.server.MinecraftServer/]: Starbot67 was slain by Zombie
[12Apr2026 21:23:31.472] [Server thread/INFO] [gravestone/]: The death ID of player Starbot67 is 34805ead-da30-4b14-a799-965e42c96cdd
[12Apr2026 21:23:44.124] [Server thread/ERROR] [net.minecraft.world.level.chunk.storage.ChunkSerializer/]: Recoverable errors when loading section [-4, 3, 6]: (Unknown registry key in ResourceKey[minecraft:root / minecraft:block]: cold_sweat:soul_stalk -> using default); (Unknown registry key in ResourceKey[minecraft:root / minecraft:block]: cold_sweat:soul_stalk -> using default); (Unknown registry key in ResourceKey[minecraft:root / minecraft:block]: cold_sweat:soul_stalk -> using default)
[12Apr2026 21:23:44.124] [Server thread/ERROR] [net.minecraft.world.level.chunk.storage.ChunkSerializer/]: Recoverable errors when loading section [-4, 4, 6]: (Unknown registry key in ResourceKey[minecraft:root / minecraft:block]: cold_sweat:soul_stalk -> using default); (Unknown registry key in ResourceKey[minecraft:root / minecraft:block]: cold_sweat:soul_stalk -> using default); (Unknown registry key in ResourceKey[minecraft:root / minecraft:block]: cold_sweat:soul_stalk -> using default); (Unknown registry key in ResourceKey[minecraft:root / minecraft:block]: cold_sweat:soul_stalk -> using default); (Unknown registry key in ResourceKey[minecraft:root / minecraft:block]: cold_sweat:soul_stalk -> using default); (Unknown registry key in ResourceKey[minecraft:root / minecraft:block]: cold_sweat:soul_stalk -> using default)
[12Apr2026 21:23:44.124] [Server thread/ERROR] [net.minecraft.world.level.chunk.storage.ChunkSerializer/]: Recoverable errors when loading section [-4, 5, 6]: (Unknown registry key in ResourceKey[minecraft:root / minecraft:block]: cold_sweat:soul_stalk -> using default); (Unknown registry key in ResourceKey[minecraft:root / minecraft:block]: cold_sweat:soul_stalk -> using default); (Unknown registry key in ResourceKey[minecraft:root / minecraft:block]: cold_sweat:soul_stalk -> using default); (Unknown registry key in ResourceKey[minecraft:root / minecraft:block]: cold_sweat:soul_stalk -> using default); (Unknown registry key in ResourceKey[minecraft:root / minecraft:block]: cold_sweat:soul_stalk -> using default)
[12Apr2026 21:23:44.125] [Server thread/ERROR] [net.minecraft.world.level.chunk.storage.ChunkSerializer/]: Recoverable errors when loading section [-2, 5, 6]: (Unknown registry key in ResourceKey[minecraft:root / minecraft:block]: cold_sweat:soul_stalk -> using default); (Unknown registry key in ResourceKey[minecraft:root / minecraft:block]: cold_sweat:soul_stalk -> using default); (Unknown registry key in ResourceKey[minecraft:root / minecraft:block]: cold_sweat:soul_stalk -> using default); (Unknown registry key in ResourceKey[minecraft:root / minecraft:block]: cold_sweat:soul_stalk -> using default)
[12Apr2026 21:23:44.126] [Server thread/ERROR] [net.minecraft.world.level.chunk.storage.ChunkSerializer/]: Recoverable errors when loading section [2, 2, 6]: (Unknown registry key in ResourceKey[minecraft:root / minecraft:block]: cold_sweat:soul_stalk -> using default); (Unknown registry key in ResourceKey[minecraft:root / minecraft:block]: cold_sweat:soul_stalk -> using default); (Unknown registry key in ResourceKey[minecraft:root / minecraft:block]: cold_sweat:soul_stalk -> using default)
[12Apr2026 21:23:55.174] [Server thread/INFO] [net.minecraft.server.MinecraftServer/]: Starbot67 was slain by Zombie
[12Apr2026 21:23:55.181] [Server thread/INFO] [gravestone/]: The death ID of player Starbot67 is fae4a2d8-57a0-483d-a9c9-6c5d463dbeda
[12Apr2026 21:24:06.629] [Server thread/ERROR] [net.minecraft.world.level.chunk.storage.ChunkSerializer/]: Recoverable errors when loading section [-4, 3, 6]: (Unknown registry key in ResourceKey[minecraft:root / minecraft:block]: cold_sweat:soul_stalk -> using default); (Unknown registry key in ResourceKey[minecraft:root / minecraft:block]: cold_sweat:soul_stalk -> using default); (Unknown registry key in ResourceKey[minecraft:root / minecraft:block]: cold_sweat:soul_stalk -> using default)
[12Apr2026 21:24:06.629] [Server thread/ERROR] [net.minecraft.world.level.chunk.storage.ChunkSerializer/]: Recoverable errors when loading section [-4, 4, 6]: (Unknown registry key in ResourceKey[minecraft:root / minecraft:block]: cold_sweat:soul_stalk -> using default); (Unknown registry key in ResourceKey[minecraft:root / minecraft:block]: cold_sweat:soul_stalk -> using default); (Unknown registry key in ResourceKey[minecraft:root / minecraft:block]: cold_sweat:soul_stalk -> using default); (Unknown registry key in ResourceKey[minecraft:root / minecraft:block]: cold_sweat:soul_stalk -> using default); (Unknown registry key in ResourceKey[minecraft:root / minecraft:block]: cold_sweat:soul_stalk -> using default); (Unknown registry key in ResourceKey[minecraft:root / minecraft:block]: cold_sweat:soul_stalk -> using default)
[12Apr2026 21:24:06.629] [Server thread/ERROR] [net.minecraft.world.level.chunk.storage.ChunkSerializer/]: Recoverable errors when loading section [-4, 5, 6]: (Unknown registry key in ResourceKey[minecraft:root / minecraft:block]: cold_sweat:soul_stalk -> using default); (Unknown registry key in ResourceKey[minecraft:root / minecraft:block]: cold_sweat:soul_stalk -> using default); (Unknown registry key in ResourceKey[minecraft:root / minecraft:block]: cold_sweat:soul_stalk -> using default); (Unknown registry key in ResourceKey[minecraft:root / minecraft:block]: cold_sweat:soul_stalk -> using default); (Unknown registry key in ResourceKey[minecraft:root / minecraft:block]: cold_sweat:soul_stalk -> using default)
[12Apr2026 21:24:06.631] [Server thread/ERROR] [net.minecraft.world.level.chunk.storage.ChunkSerializer/]: Recoverable errors when loading section [-2, 5, 6]: (Unknown registry key in ResourceKey[minecraft:root / minecraft:block]: cold_sweat:soul_stalk -> using default); (Unknown registry key in ResourceKey[minecraft:root / minecraft:block]: cold_sweat:soul_stalk -> using default); (Unknown registry key in ResourceKey[minecraft:root / minecraft:block]: cold_sweat:soul_stalk -> using default); (Unknown registry key in ResourceKey[minecraft:root / minecraft:block]: cold_sweat:soul_stalk -> using default)
[12Apr2026 21:24:06.632] [Server thread/ERROR] [net.minecraft.world.level.chunk.storage.ChunkSerializer/]: Recoverable errors when loading section [2, 2, 6]: (Unknown registry key in ResourceKey[minecraft:root / minecraft:block]: cold_sweat:soul_stalk -> using default); (Unknown registry key in ResourceKey[minecraft:root / minecraft:block]: cold_sweat:soul_stalk -> using default); (Unknown registry key in ResourceKey[minecraft:root / minecraft:block]: cold_sweat:soul_stalk -> using default)
[12Apr2026 21:24:27.089] [Server thread/INFO] [net.minecraft.server.MinecraftServer/]: Starbot67 was slain by Zombie
[12Apr2026 21:24:27.094] [Server thread/INFO] [gravestone/]: The death ID of player Starbot67 is 1f621b07-2145-4156-8502-886e03519679
[12Apr2026 21:24:37.664] [Server thread/ERROR] [net.minecraft.world.level.chunk.storage.ChunkSerializer/]: Recoverable errors when loading section [-4, 3, 6]: (Unknown registry key in ResourceKey[minecraft:root / minecraft:block]: cold_sweat:soul_stalk -> using default); (Unknown registry key in ResourceKey[minecraft:root / minecraft:block]: cold_sweat:soul_stalk -> using default); (Unknown registry key in ResourceKey[minecraft:root / minecraft:block]: cold_sweat:soul_stalk -> using default)
[12Apr2026 21:24:37.664] [Server thread/ERROR] [net.minecraft.world.level.chunk.storage.ChunkSerializer/]: Recoverable errors when loading section [-4, 4, 6]: (Unknown registry key in ResourceKey[minecraft:root / minecraft:block]: cold_sweat:soul_stalk -> using default); (Unknown registry key in ResourceKey[minecraft:root / minecraft:block]: cold_sweat:soul_stalk -> using default); (Unknown registry key in ResourceKey[minecraft:root / minecraft:block]: cold_sweat:soul_stalk -> using default); (Unknown registry key in ResourceKey[minecraft:root / minecraft:block]: cold_sweat:soul_stalk -> using default); (Unknown registry key in ResourceKey[minecraft:root / minecraft:block]: cold_sweat:soul_stalk -> using default); (Unknown registry key in ResourceKey[minecraft:root / minecraft:block]: cold_sweat:soul_stalk -> using default)
[12Apr2026 21:24:37.664] [Server thread/ERROR] [net.minecraft.world.level.chunk.storage.ChunkSerializer/]: Recoverable errors when loading section [-4, 5, 6]: (Unknown registry key in ResourceKey[minecraft:root / minecraft:block]: cold_sweat:soul_stalk -> using default); (Unknown registry key in ResourceKey[minecraft:root / minecraft:block]: cold_sweat:soul_stalk -> using default); (Unknown registry key in ResourceKey[minecraft:root / minecraft:block]: cold_sweat:soul_stalk -> using default); (Unknown registry key in ResourceKey[minecraft:root / minecraft:block]: cold_sweat:soul_stalk -> using default); (Unknown registry key in ResourceKey[minecraft:root / minecraft:block]: cold_sweat:soul_stalk -> using default)
[12Apr2026 21:24:37.665] [Server thread/ERROR] [net.minecraft.world.level.chunk.storage.ChunkSerializer/]: Recoverable errors when loading section [-2, 5, 6]: (Unknown registry key in ResourceKey[minecraft:root / minecraft:block]: cold_sweat:soul_stalk -> using default); (Unknown registry key in ResourceKey[minecraft:root / minecraft:block]: cold_sweat:soul_stalk -> using default); (Unknown registry key in ResourceKey[minecraft:root / minecraft:block]: cold_sweat:soul_stalk -> using default); (Unknown registry key in ResourceKey[minecraft:root / minecraft:block]: cold_sweat:soul_stalk -> using default)
[12Apr2026 21:24:37.667] [Server thread/ERROR] [net.minecraft.world.level.chunk.storage.ChunkSerializer/]: Recoverable errors when loading section [2, 2, 6]: (Unknown registry key in ResourceKey[minecraft:root / minecraft:block]: cold_sweat:soul_stalk -> using default); (Unknown registry key in ResourceKey[minecraft:root / minecraft:block]: cold_sweat:soul_stalk -> using default); (Unknown registry key in ResourceKey[minecraft:root / minecraft:block]: cold_sweat:soul_stalk -> using default)
[12Apr2026 21:25:18.273] [Server thread/INFO] [net.minecraft.server.MinecraftServer/]: Starbot67 was slain by Zombie
[12Apr2026 21:25:18.276] [Server thread/INFO] [gravestone/]: The death ID of player Starbot67 is c7a509ff-09e4-4c1a-830d-c41949f41f1c
[12Apr2026 21:25:28.625] [Server thread/ERROR] [net.minecraft.world.level.chunk.storage.ChunkSerializer/]: Recoverable errors when loading section [-2, 5, 6]: (Unknown registry key in ResourceKey[minecraft:root / minecraft:block]: cold_sweat:soul_stalk -> using default); (Unknown registry key in ResourceKey[minecraft:root / minecraft:block]: cold_sweat:soul_stalk -> using default); (Unknown registry key in ResourceKey[minecraft:root / minecraft:block]: cold_sweat:soul_stalk -> using default); (Unknown registry key in ResourceKey[minecraft:root / minecraft:block]: cold_sweat:soul_stalk -> using default)
[12Apr2026 21:25:28.627] [Server thread/ERROR] [net.minecraft.world.level.chunk.storage.ChunkSerializer/]: Recoverable errors when loading section [2, 2, 6]: (Unknown registry key in ResourceKey[minecraft:root / minecraft:block]: cold_sweat:soul_stalk -> using default); (Unknown registry key in ResourceKey[minecraft:root / minecraft:block]: cold_sweat:soul_stalk -> using default); (Unknown registry key in ResourceKey[minecraft:root / minecraft:block]: cold_sweat:soul_stalk -> using default)
[12Apr2026 21:25:28.630] [Server thread/ERROR] [net.minecraft.world.level.chunk.storage.ChunkSerializer/]: Recoverable errors when loading section [-4, 3, 6]: (Unknown registry key in ResourceKey[minecraft:root / minecraft:block]: cold_sweat:soul_stalk -> using default); (Unknown registry key in ResourceKey[minecraft:root / minecraft:block]: cold_sweat:soul_stalk -> using default); (Unknown registry key in ResourceKey[minecraft:root / minecraft:block]: cold_sweat:soul_stalk -> using default)
[12Apr2026 21:25:28.631] [Server thread/ERROR] [net.minecraft.world.level.chunk.storage.ChunkSerializer/]: Recoverable errors when loading section [-4, 4, 6]: (Unknown registry key in ResourceKey[minecraft:root / minecraft:block]: cold_sweat:soul_stalk -> using default); (Unknown registry key in ResourceKey[minecraft:root / minecraft:block]: cold_sweat:soul_stalk -> using default); (Unknown registry key in ResourceKey[minecraft:root / minecraft:block]: cold_sweat:soul_stalk -> using default); (Unknown registry key in ResourceKey[minecraft:root / minecraft:block]: cold_sweat:soul_stalk -> using default); (Unknown registry key in ResourceKey[minecraft:root / minecraft:block]: cold_sweat:soul_stalk -> using default); (Unknown registry key in ResourceKey[minecraft:root / minecraft:block]: cold_sweat:soul_stalk -> using default)
[12Apr2026 21:25:28.631] [Server thread/ERROR] [net.minecraft.world.level.chunk.storage.ChunkSerializer/]: Recoverable errors when loading section [-4, 5, 6]: (Unknown registry key in ResourceKey[minecraft:root / minecraft:block]: cold_sweat:soul_stalk -> using default); (Unknown registry key in ResourceKey[minecraft:root / minecraft:block]: cold_sweat:soul_stalk -> using default); (Unknown registry key in ResourceKey[minecraft:root / minecraft:block]: cold_sweat:soul_stalk -> using default); (Unknown registry key in ResourceKey[minecraft:root / minecraft:block]: cold_sweat:soul_stalk -> using default); (Unknown registry key in ResourceKey[minecraft:root / minecraft:block]: cold_sweat:soul_stalk -> using default)
[12Apr2026 21:38:11.815] [User Authenticator #9/INFO] [net.minecraft.server.network.ServerLoginPacketListenerImpl/]: UUID of player Leizest is 010edb7e-cf02-4495-9178-43cc22fff571
[12Apr2026 21:38:12.139] [Server thread/INFO] [net.minecraft.server.network.ServerConfigurationPacketListenerImpl/]: com.mojang.authlib.GameProfile@502037ca[id=010edb7e-cf02-4495-9178-43cc22fff571,name=Leizest,properties={textures=[Property[name=textures, value=ewogICJ0aW1lc3RhbXAiIDogMTc3NjAyMjY5MDc1OSwKICAicHJvZmlsZUlkIiA6ICIwMTBlZGI3ZWNmMDI0NDk1OTE3ODQzY2MyMmZmZjU3MSIsCiAgInByb2ZpbGVOYW1lIiA6ICJMZWl6ZXN0IiwKICAic2lnbmF0dXJlUmVxdWlyZWQiIDogdHJ1ZSwKICAidGV4dHVyZXMiIDogewogICAgIlNLSU4iIDogewogICAgICAidXJsIiA6ICJodHRwOi8vdGV4dHVyZXMubWluZWNyYWZ0Lm5ldC90ZXh0dXJlLzY4YTk1NDg5MzMxMzc1OTdiNjY1N2M2N2MzNGZlYjBmMTgwZWI3NTY3MWZmMTEzOTFhNzNjNDQ5OTRhNDMwOWYiCiAgICB9CiAgfQp9, signature=cpkIws+x3527vMRddRY6byOwumWmJX0XG+9u7/rbB9hTomIJhqbo0k8i6FTkInGRoQdiuqVkVZ5BCtLdd0zbFAPHMt1YhSfw7Fvw41oFneupj0Je8yBMy2dXHQ7K8aFEx5Ll1uixacKyC6HS1YVKgSGbKysD34NcLYNUkny6y5FWVORXKBROtqv4qU2CmMfslNAqTPtGaS1Lzx+Z6vB72qQGMHNl4wWePHcerx0JAfGvXoXN1zB+xl1mTW4trH2IeLGlgL6AWtr6tkd9IAZt4Q3jpEB4OmzE94YtUEodZPnuORIaqKum95dO82owmj2N/m2B32EfGkicS+ZkQSQdQampHdyVwLGVLNKibdZLLMrJY8QL80XqNerHr2C98iF2g8t4EXxu1SFxqSPhG6QmvpdwPavbXXQkXrT0oFKee0xZNG3dl1kSWeFO1EuAk3f++/qXBMSoHzH/RShXO1wO+g4H00Vcdjb4jC0bj15kGjqMVlhF3KqMdz+5yiqiQl3pewR3dTCXmheaTEzf/+KIsKzRE3LRI6OGrJwP3H9F1PTlOLNuIUo/RdRekbhwud72JDZ9DCDxea0LD2mQpXGVoC/La5sCKnSXyGcuc+yzjxkm0AbjcvY3qQzikR+rBHllkYwket/EhDr6bRS1jd2gF7Ph5Z1GnKZ0mFAAIxd0UTg=]]}] lost connection: Incompatible client! Please use NeoForge 21.1.226
[12Apr2026 21:38:12.140] [Server thread/WARN] [net.minecraft.network.Connection/]: handleDisconnection() called twice
[12Apr2026 21:38:18.269] [User Authenticator #10/INFO] [net.minecraft.server.network.ServerLoginPacketListenerImpl/]: UUID of player Leizest is 010edb7e-cf02-4495-9178-43cc22fff571
[12Apr2026 21:38:18.486] [Server thread/INFO] [net.minecraft.server.network.ServerConfigurationPacketListenerImpl/]: com.mojang.authlib.GameProfile@435c0767[id=010edb7e-cf02-4495-9178-43cc22fff571,name=Leizest,properties={textures=[Property[name=textures, value=ewogICJ0aW1lc3RhbXAiIDogMTc3NjAyMjY5NzQwMiwKICAicHJvZmlsZUlkIiA6ICIwMTBlZGI3ZWNmMDI0NDk1OTE3ODQzY2MyMmZmZjU3MSIsCiAgInByb2ZpbGVOYW1lIiA6ICJMZWl6ZXN0IiwKICAic2lnbmF0dXJlUmVxdWlyZWQiIDogdHJ1ZSwKICAidGV4dHVyZXMiIDogewogICAgIlNLSU4iIDogewogICAgICAidXJsIiA6ICJodHRwOi8vdGV4dHVyZXMubWluZWNyYWZ0Lm5ldC90ZXh0dXJlLzY4YTk1NDg5MzMxMzc1OTdiNjY1N2M2N2MzNGZlYjBmMTgwZWI3NTY3MWZmMTEzOTFhNzNjNDQ5OTRhNDMwOWYiCiAgICB9CiAgfQp9, signature=OHdgsaUJE3DB4pxdvcwBpO7bIrB1B3PaQNjj9usCEVTXYlByxRNYT6HsJLRKH8YVghrOn/rPF0xYl0HZ56C21AODd7fnjX+WD0y4+otcEl72VVk/nkYA5wBY+fLjsiNVxjZvhc5cFpHQ1hFMpfG+dLMEs9i2CrZl5M3F3ceUYKz7u5D5zknh7FAkDWuZNezqKqu6THfisK3TpxLKDfYpBiHz2QbEdym4hGZhadjiQ4HYI/Fynex3QIkFpbdP0rhTUG2BdOaNlvJpvQLMeGPuw19tP1SRsvIGPqpt+TslnJvfpTto3aL9Y2k0jeStHODPpNwO3gS8MkbTYJ9vGbEvkbjU+eph2U4+YFL6w0mz0vRHqvMWWIZ5EQa+XyOmo+/SLWjON5t3scgESh7bOXP/8VQ4IUk06zM94OdSG/u1CwUEpu41ps9LyVDvJMJmECMKQOeTpnI74Xe7WET69G+WhqU5mehVX3c3hVa0WkuQzFKBNHrMb3GKTrmCnexFYN4UZXPh4I+DxqN++qQA59uOfPbuMKglcIjDBRKLZwWGRBO1/NXTanRSTZZLt+viMz8Iat9m0Qy7bp5NNrEvr0ZPoJuKnLNyQjZU3yX+e1XCgFu8kkohLxF994OKqevwzWxT4a55YxZObH/529N8s5hwNlESuzEGfD20r+dNpPyzZfg=]]}] lost connection: Incompatible client! Please use NeoForge 21.1.226
[12Apr2026 21:38:18.531] [Server thread/WARN] [net.minecraft.network.Connection/]: handleDisconnection() called twice
[12Apr2026 21:41:42.882] [Server thread/INFO] [net.minecraft.server.network.ServerGamePacketListenerImpl/]: Starbot67 lost connection: Disconnected
[12Apr2026 21:41:42.883] [Server thread/INFO] [net.minecraft.server.MinecraftServer/]: Starbot67 left the game
[12Apr2026 21:41:42.884] [Server thread/INFO] [voicechat/]: [voicechat] Disconnecting client Starbot67
[12Apr2026 22:00:01.313] [User Authenticator #11/INFO] [net.minecraft.server.network.ServerLoginPacketListenerImpl/]: UUID of player Starbot67 is 4e35a71a-619e-420b-971b-376a653c73f8
[12Apr2026 22:00:06.962] [Server thread/INFO] [net.minecraft.server.players.PlayerList/]: Starbot67[/10.8.0.1:53142] logged in with entity id 78857 at (-102.74640181076566, 48.0, 377.25307652862875)
[12Apr2026 22:00:06.966] [Server thread/INFO] [net.minecraft.server.MinecraftServer/]: Starbot67 joined the game
[12Apr2026 22:00:06.991] [Server thread/WARN] [net.minecraft.server.MinecraftServer/]: Can't keep up! Is the server overloaded? Running 2027ms or 40 ticks behind
[12Apr2026 22:00:07.328] [Server thread/INFO] [voicechat/]: [voicechat] Received secret request of Starbot67 (20)
[12Apr2026 22:00:07.328] [Server thread/INFO] [voicechat/]: [voicechat] Sent secret to Starbot67
[12Apr2026 22:00:07.328] [Server thread/INFO] [com.davenonymous.bonsaitrees.BonsaiTrees/]: Received sapling ack message from client
[12Apr2026 22:00:16.529] [VoiceChatPacketProcessingThread/INFO] [voicechat/]: [voicechat] Successfully authenticated player 4e35a71a-619e-420b-971b-376a653c73f8
[12Apr2026 22:00:17.529] [VoiceChatPacketProcessingThread/INFO] [voicechat/]: [voicechat] Successfully validated connection of player 4e35a71a-619e-420b-971b-376a653c73f8
[12Apr2026 22:00:17.530] [VoiceChatPacketProcessingThread/INFO] [voicechat/]: [voicechat] Player Starbot67 (4e35a71a-619e-420b-971b-376a653c73f8) successfully connected to voice chat
[12Apr2026 22:19:04.851] [User Authenticator #12/INFO] [net.minecraft.server.network.ServerLoginPacketListenerImpl/]: UUID of player Ring_Of_Fates is 9836e4e5-86fc-405b-9ec1-b6ca3d1a88ee
[12Apr2026 22:19:05.079] [Server thread/INFO] [net.minecraft.server.network.ServerConfigurationPacketListenerImpl/]: com.mojang.authlib.GameProfile@69582f9b[id=9836e4e5-86fc-405b-9ec1-b6ca3d1a88ee,name=Ring_Of_Fates,properties={textures=[Property[name=textures, value=ewogICJ0aW1lc3RhbXAiIDogMTc3NjAyNTE0Mzc5MiwKICAicHJvZmlsZUlkIiA6ICI5ODM2ZTRlNTg2ZmM0MDViOWVjMWI2Y2EzZDFhODhlZSIsCiAgInByb2ZpbGVOYW1lIiA6ICJSaW5nX09mX0ZhdGVzIiwKICAic2lnbmF0dXJlUmVxdWlyZWQiIDogdHJ1ZSwKICAidGV4dHVyZXMiIDogewogICAgIlNLSU4iIDogewogICAgICAidXJsIiA6ICJodHRwOi8vdGV4dHVyZXMubWluZWNyYWZ0Lm5ldC90ZXh0dXJlLzhlZDRjZTU5ZTgwODRkOTY1MzY4YWRkNzZmYjY5OTVlMzMyZDU4NzM4NGExZTQwMmRlMDg5MzVhM2E4ZDkwM2QiCiAgICB9LAogICAgIkNBUEUiIDogewogICAgICAidXJsIiA6ICJodHRwOi8vdGV4dHVyZXMubWluZWNyYWZ0Lm5ldC90ZXh0dXJlLzIzNDBjMGUwM2RkMjRhMTFiMTVhOGIzM2MyYTdlOWUzMmFiYjIwNTFiMjQ4MWQwYmE3ZGVmZDYzNWNhN2E5MzMiCiAgICB9CiAgfQp9, signature=GaQyqK85yzwX6AbhVL/j+1ZoupoYBE67KfqcQNH79CMOIMuBK2sDJbEgriUe/z/3KT26KAJL0tHxhf0u6qQ8NeAm7HeeyRWqYNRe/P8cQ15WsopDwlXk7ANWlsQadVVyKyci5IFQfmM6jOo/jBTlBDescZT3BMaFDCk3QZDV90dGc30QL7fZAIqARSbM/K0M6g+L1xfxbOWxBkFTEGX+oYtgWn2ZNAC+3g0WqpOlrAkOBI57xlXybD9/ZCMqkyUmYMlLTs6XcdRQGZjUmdsvb1VBtL6jzyAYXzkjM5qzd3dW0nbM4koeb6jQ/8VTQQ5jbPpN6PmhKAzczRszCsPU9tE5PKwrFJMPJPzAWuDTQmtSGnLajP6NE0yiZRePMjuG+3G1p6RJa3qlV0V0SbelWE/dGp57Gsmi/EAJNBWZM2TL3P4ogCDNeFelDg2LljmTID108mDsf82hff1+FjbPvGNNLhuwfSyL/wpdtE2GOO4aIPtbRVpkcARDEpswl7L1YV6qOiE+892mmQF7GAuLb2ngMAgYASCRuhRRvQZ+/HLJAbm3IWfLbyJzqGbr+lWqlXNL7SX+BG8lSipc1IAJycx6jNSLahJRSY3QBb8j+8OD97Orq9WOVoo+EGHgzeUl7tZC+GlaidU4uq5AD1aFtlUZ+l1HtX7DJvCLT/sM6ps=]]}] lost connection: Incompatible client! Please use NeoForge 21.1.226
[12Apr2026 22:19:05.079] [Server thread/WARN] [net.minecraft.network.Connection/]: handleDisconnection() called twice
[12Apr2026 22:28:01.326] [Server thread/ERROR] [net.minecraft.world.level.chunk.storage.ChunkSerializer/]: Recoverable errors when loading section [-4, 3, 6]: (Unknown registry key in ResourceKey[minecraft:root / minecraft:block]: cold_sweat:soul_stalk -> using default); (Unknown registry key in ResourceKey[minecraft:root / minecraft:block]: cold_sweat:soul_stalk -> using default); (Unknown registry key in ResourceKey[minecraft:root / minecraft:block]: cold_sweat:soul_stalk -> using default)
[12Apr2026 22:28:01.327] [Server thread/ERROR] [net.minecraft.world.level.chunk.storage.ChunkSerializer/]: Recoverable errors when loading section [-4, 4, 6]: (Unknown registry key in ResourceKey[minecraft:root / minecraft:block]: cold_sweat:soul_stalk -> using default); (Unknown registry key in ResourceKey[minecraft:root / minecraft:block]: cold_sweat:soul_stalk -> using default); (Unknown registry key in ResourceKey[minecraft:root / minecraft:block]: cold_sweat:soul_stalk -> using default); (Unknown registry key in ResourceKey[minecraft:root / minecraft:block]: cold_sweat:soul_stalk -> using default); (Unknown registry key in ResourceKey[minecraft:root / minecraft:block]: cold_sweat:soul_stalk -> using default); (Unknown registry key in ResourceKey[minecraft:root / minecraft:block]: cold_sweat:soul_stalk -> using default)
[12Apr2026 22:28:01.327] [Server thread/ERROR] [net.minecraft.world.level.chunk.storage.ChunkSerializer/]: Recoverable errors when loading section [-4, 5, 6]: (Unknown registry key in ResourceKey[minecraft:root / minecraft:block]: cold_sweat:soul_stalk -> using default); (Unknown registry key in ResourceKey[minecraft:root / minecraft:block]: cold_sweat:soul_stalk -> using default); (Unknown registry key in ResourceKey[minecraft:root / minecraft:block]: cold_sweat:soul_stalk -> using default); (Unknown registry key in ResourceKey[minecraft:root / minecraft:block]: cold_sweat:soul_stalk -> using default); (Unknown registry key in ResourceKey[minecraft:root / minecraft:block]: cold_sweat:soul_stalk -> using default)
[12Apr2026 22:28:01.328] [Server thread/ERROR] [net.minecraft.world.level.chunk.storage.ChunkSerializer/]: Recoverable errors when loading section [-2, 5, 6]: (Unknown registry key in ResourceKey[minecraft:root / minecraft:block]: cold_sweat:soul_stalk -> using default); (Unknown registry key in ResourceKey[minecraft:root / minecraft:block]: cold_sweat:soul_stalk -> using default); (Unknown registry key in ResourceKey[minecraft:root / minecraft:block]: cold_sweat:soul_stalk -> using default); (Unknown registry key in ResourceKey[minecraft:root / minecraft:block]: cold_sweat:soul_stalk -> using default)
[12Apr2026 22:28:01.331] [Server thread/ERROR] [net.minecraft.world.level.chunk.storage.ChunkSerializer/]: Recoverable errors when loading section [2, 2, 6]: (Unknown registry key in ResourceKey[minecraft:root / minecraft:block]: cold_sweat:soul_stalk -> using default); (Unknown registry key in ResourceKey[minecraft:root / minecraft:block]: cold_sweat:soul_stalk -> using default); (Unknown registry key in ResourceKey[minecraft:root / minecraft:block]: cold_sweat:soul_stalk -> using default)
[12Apr2026 22:30:10.023] [Server thread/INFO] [net.minecraft.world.entity.npc.Villager/]: Villager Villager['Nitwit'/83049, l='ServerLevel[world]', x=-177.87, y=67.00, z=363.42] died, message: 'Nitwit hit the ground too hard while trying to escape Zombie'
[12Apr2026 22:31:12.588] [Server thread/ERROR] [net.minecraft.world.level.chunk.storage.ChunkSerializer/]: Recoverable errors when loading section [-4, 3, 6]: (Unknown registry key in ResourceKey[minecraft:root / minecraft:block]: cold_sweat:soul_stalk -> using default); (Unknown registry key in ResourceKey[minecraft:root / minecraft:block]: cold_sweat:soul_stalk -> using default); (Unknown registry key in ResourceKey[minecraft:root / minecraft:block]: cold_sweat:soul_stalk -> using default)
[12Apr2026 22:31:12.588] [Server thread/ERROR] [net.minecraft.world.level.chunk.storage.ChunkSerializer/]: Recoverable errors when loading section [-4, 4, 6]: (Unknown registry key in ResourceKey[minecraft:root / minecraft:block]: cold_sweat:soul_stalk -> using default); (Unknown registry key in ResourceKey[minecraft:root / minecraft:block]: cold_sweat:soul_stalk -> using default); (Unknown registry key in ResourceKey[minecraft:root / minecraft:block]: cold_sweat:soul_stalk -> using default); (Unknown registry key in ResourceKey[minecraft:root / minecraft:block]: cold_sweat:soul_stalk -> using default); (Unknown registry key in ResourceKey[minecraft:root / minecraft:block]: cold_sweat:soul_stalk -> using default); (Unknown registry key in ResourceKey[minecraft:root / minecraft:block]: cold_sweat:soul_stalk -> using default)
[12Apr2026 22:31:12.588] [Server thread/ERROR] [net.minecraft.world.level.chunk.storage.ChunkSerializer/]: Recoverable errors when loading section [-4, 5, 6]: (Unknown registry key in ResourceKey[minecraft:root / minecraft:block]: cold_sweat:soul_stalk -> using default); (Unknown registry key in ResourceKey[minecraft:root / minecraft:block]: cold_sweat:soul_stalk -> using default); (Unknown registry key in ResourceKey[minecraft:root / minecraft:block]: cold_sweat:soul_stalk -> using default); (Unknown registry key in ResourceKey[minecraft:root / minecraft:block]: cold_sweat:soul_stalk -> using default); (Unknown registry key in ResourceKey[minecraft:root / minecraft:block]: cold_sweat:soul_stalk -> using default)
[12Apr2026 22:31:12.589] [Server thread/ERROR] [net.minecraft.world.level.chunk.storage.ChunkSerializer/]: Recoverable errors when loading section [-2, 5, 6]: (Unknown registry key in ResourceKey[minecraft:root / minecraft:block]: cold_sweat:soul_stalk -> using default); (Unknown registry key in ResourceKey[minecraft:root / minecraft:block]: cold_sweat:soul_stalk -> using default); (Unknown registry key in ResourceKey[minecraft:root / minecraft:block]: cold_sweat:soul_stalk -> using default); (Unknown registry key in ResourceKey[minecraft:root / minecraft:block]: cold_sweat:soul_stalk -> using default)
[12Apr2026 22:31:12.594] [Server thread/ERROR] [net.minecraft.world.level.chunk.storage.ChunkSerializer/]: Recoverable errors when loading section [2, 2, 6]: (Unknown registry key in ResourceKey[minecraft:root / minecraft:block]: cold_sweat:soul_stalk -> using default); (Unknown registry key in ResourceKey[minecraft:root / minecraft:block]: cold_sweat:soul_stalk -> using default); (Unknown registry key in ResourceKey[minecraft:root / minecraft:block]: cold_sweat:soul_stalk -> using default)
[12Apr2026 22:31:12.597] [Server thread/ERROR] [net.minecraft.world.level.chunk.storage.ChunkSerializer/]: Recoverable errors when loading section [-7, 6, 24]: (Unknown registry key in ResourceKey[minecraft:root / minecraft:block]: cold_sweat:soul_stalk -> using default); (Unknown registry key in ResourceKey[minecraft:root / minecraft:block]: cold_sweat:soul_stalk -> using default); (Unknown registry key in ResourceKey[minecraft:root / minecraft:block]: cold_sweat:soul_stalk -> using default); (Unknown registry key in ResourceKey[minecraft:root / minecraft:block]: cold_sweat:soul_stalk -> using default)
[12Apr2026 22:31:12.628] [Server thread/ERROR] [net.minecraft.world.level.chunk.storage.ChunkSerializer/]: Recoverable errors when loading section [-6, 6, 1]: (Unknown registry key in ResourceKey[minecraft:root / minecraft:block]: cold_sweat:soul_stalk -> using default); (Unknown registry key in ResourceKey[minecraft:root / minecraft:block]: cold_sweat:soul_stalk -> using default); (Unknown registry key in ResourceKey[minecraft:root / minecraft:block]: cold_sweat:soul_stalk -> using default); (Unknown registry key in ResourceKey[minecraft:root / minecraft:block]: cold_sweat:soul_stalk -> using default); (Unknown registry key in ResourceKey[minecraft:root / minecraft:block]: cold_sweat:soul_stalk -> using default)
[12Apr2026 22:31:12.635] [Server thread/ERROR] [net.minecraft.world.level.chunk.storage.ChunkSerializer/]: Recoverable errors when loading section [2, 2, 7]: (Unknown registry key in ResourceKey[minecraft:root / minecraft:block]: cold_sweat:soul_stalk -> using default); (Unknown registry key in ResourceKey[minecraft:root / minecraft:block]: cold_sweat:soul_stalk -> using default)
[12Apr2026 22:31:12.640] [Server thread/ERROR] [net.minecraft.world.item.ItemStack/]: Tried to load invalid item: 'No component with type: 'cold_sweat:armor_insulation'; No component with type: 'cold_sweat:armor_insulation' missed input: {"cold_sweat:armor_insulation":{insulation:[]}}'
[12Apr2026 22:31:12.640] [Server thread/ERROR] [net.minecraft.world.item.ItemStack/]: Tried to load invalid item: 'No component with type: 'cold_sweat:armor_insulation'; No component with type: 'cold_sweat:armor_insulation' missed input: {"cold_sweat:armor_insulation":{insulation:[]}}'
[12Apr2026 22:31:12.640] [Server thread/ERROR] [net.minecraft.world.item.ItemStack/]: Tried to load invalid item: 'No component with type: 'cold_sweat:armor_insulation'; No component with type: 'cold_sweat:armor_insulation' missed input: {"cold_sweat:armor_insulation":{insulation:[]}}'
[12Apr2026 22:31:12.707] [Server thread/ERROR] [net.minecraft.world.level.chunk.storage.ChunkSerializer/]: Recoverable errors when loading section [4, 5, -2]: (Unknown registry key in ResourceKey[minecraft:root / minecraft:block]: cold_sweat:soul_stalk -> using default); (Unknown registry key in ResourceKey[minecraft:root / minecraft:block]: cold_sweat:soul_stalk -> using default); (Unknown registry key in ResourceKey[minecraft:root / minecraft:block]: cold_sweat:soul_stalk -> using default)
[12Apr2026 22:31:12.708] [Server thread/ERROR] [net.minecraft.world.level.chunk.storage.ChunkSerializer/]: Recoverable errors when loading section [4, 6, -2]: (Unknown registry key in ResourceKey[minecraft:root / minecraft:block]: cold_sweat:soul_stalk -> using default); (Unknown registry key in ResourceKey[minecraft:root / minecraft:block]: cold_sweat:soul_stalk -> using default)
[12Apr2026 22:31:12.709] [Server thread/ERROR] [net.minecraft.world.level.chunk.storage.ChunkSerializer/]: Recoverable errors when loading section [-6, 5, -2]: (Unknown registry key in ResourceKey[minecraft:root / minecraft:block]: cold_sweat:soul_stalk -> using default); (Unknown registry key in ResourceKey[minecraft:root / minecraft:block]: cold_sweat:soul_stalk -> using default); (Unknown registry key in ResourceKey[minecraft:root / minecraft:block]: cold_sweat:soul_stalk -> using default); (Unknown registry key in ResourceKey[minecraft:root / minecraft:block]: cold_sweat:soul_stalk -> using default)
[12Apr2026 22:31:12.709] [Server thread/ERROR] [net.minecraft.world.level.chunk.storage.ChunkSerializer/]: Recoverable errors when loading section [-6, 6, -2]: (Unknown registry key in ResourceKey[minecraft:root / minecraft:block]: cold_sweat:soul_stalk -> using default); (Unknown registry key in ResourceKey[minecraft:root / minecraft:block]: cold_sweat:soul_stalk -> using default); (Unknown registry key in ResourceKey[minecraft:root / minecraft:block]: cold_sweat:soul_stalk -> using default); (Unknown registry key in ResourceKey[minecraft:root / minecraft:block]: cold_sweat:soul_stalk -> using default)
[12Apr2026 22:31:12.709] [Server thread/ERROR] [net.minecraft.world.level.chunk.storage.ChunkSerializer/]: Recoverable errors when loading section [-6, 7, -2]: (Unknown registry key in ResourceKey[minecraft:root / minecraft:block]: cold_sweat:soul_stalk -> using default); (Unknown registry key in ResourceKey[minecraft:root / minecraft:block]: cold_sweat:soul_stalk -> using default)
[12Apr2026 22:31:12.717] [Server thread/ERROR] [net.minecraft.world.level.chunk.storage.ChunkSerializer/]: Recoverable errors when loading section [-7, 2, -2]: (Unknown registry key in ResourceKey[minecraft:root / minecraft:block]: cold_sweat:soul_stalk -> using default); (Unknown registry key in ResourceKey[minecraft:root / minecraft:block]: cold_sweat:soul_stalk -> using default); (Unknown registry key in ResourceKey[minecraft:root / minecraft:block]: cold_sweat:soul_stalk -> using default); (Unknown registry key in ResourceKey[minecraft:root / minecraft:block]: cold_sweat:soul_stalk -> using default)
[12Apr2026 22:31:12.747] [Server thread/ERROR] [net.minecraft.world.level.chunk.storage.ChunkSerializer/]: Recoverable errors when loading section [1, 2, -5]: (Unknown registry key in ResourceKey[minecraft:root / minecraft:block]: cold_sweat:soul_stalk -> using default); (Unknown registry key in ResourceKey[minecraft:root / minecraft:block]: cold_sweat:soul_stalk -> using default); (Unknown registry key in ResourceKey[minecraft:root / minecraft:block]: cold_sweat:soul_stalk -> using default); (Unknown registry key in ResourceKey[minecraft:root / minecraft:block]: cold_sweat:soul_stalk -> using default); (Unknown registry key in ResourceKey[minecraft:root / minecraft:block]: cold_sweat:soul_stalk -> using default)
[12Apr2026 22:31:12.753] [Server thread/ERROR] [net.minecraft.world.level.chunk.storage.ChunkSerializer/]: Recoverable errors when loading section [-8, 4, 0]: (Unknown registry key in ResourceKey[minecraft:root / minecraft:block]: cold_sweat:soul_stalk -> using default); (Unknown registry key in ResourceKey[minecraft:root / minecraft:block]: cold_sweat:soul_stalk -> using default); (Unknown registry key in ResourceKey[minecraft:root / minecraft:block]: cold_sweat:soul_stalk -> using default); (Unknown registry key in ResourceKey[minecraft:root / minecraft:block]: cold_sweat:soul_stalk -> using default)
[12Apr2026 22:31:12.753] [Server thread/ERROR] [net.minecraft.world.level.chunk.storage.ChunkSerializer/]: Recoverable errors when loading section [-8, 5, 0]: (Unknown registry key in ResourceKey[minecraft:root / minecraft:block]: cold_sweat:soul_stalk -> using default); (Unknown registry key in ResourceKey[minecraft:root / minecraft:block]: cold_sweat:soul_stalk -> using default)
[12Apr2026 22:31:12.759] [Server thread/ERROR] [net.minecraft.world.item.ItemStack/]: Tried to load invalid item: 'No component with type: 'cold_sweat:armor_insulation'; No component with type: 'cold_sweat:armor_insulation' missed input: {"cold_sweat:armor_insulation":{insulation:[]}}'
[12Apr2026 22:31:12.759] [Server thread/ERROR] [net.minecraft.world.item.ItemStack/]: Tried to load invalid item: 'No component with type: 'cold_sweat:armor_insulation'; No component with type: 'cold_sweat:armor_insulation' missed input: {"cold_sweat:armor_insulation":{insulation:[]}}'
[12Apr2026 22:31:12.759] [Server thread/ERROR] [net.minecraft.world.item.ItemStack/]: Tried to load invalid item: 'No component with type: 'cold_sweat:armor_insulation'; No component with type: 'cold_sweat:armor_insulation' missed input: {"cold_sweat:armor_insulation":{insulation:[]}}'
[12Apr2026 22:31:12.764] [Server thread/ERROR] [net.minecraft.world.item.ItemStack/]: Tried to load invalid item: 'No component with type: 'cold_sweat:armor_insulation'; No component with type: 'cold_sweat:armor_insulation' missed input: {"cold_sweat:armor_insulation":{insulation:[]}}'
[12Apr2026 22:31:12.764] [Server thread/ERROR] [net.minecraft.world.item.ItemStack/]: Tried to load invalid item: 'No component with type: 'cold_sweat:armor_insulation'; No component with type: 'cold_sweat:armor_insulation' missed input: {"cold_sweat:armor_insulation":{insulation:[]}}'
[12Apr2026 22:31:12.764] [Server thread/ERROR] [net.minecraft.world.item.ItemStack/]: Tried to load invalid item: 'No component with type: 'cold_sweat:armor_insulation'; No component with type: 'cold_sweat:armor_insulation' missed input: {"cold_sweat:armor_insulation":{insulation:[]}}'
[12Apr2026 22:31:12.779] [Server thread/ERROR] [net.minecraft.world.level.chunk.storage.ChunkSerializer/]: Recoverable errors when loading section [7, 5, -3]: (Unknown registry key in ResourceKey[minecraft:root / minecraft:block]: cold_sweat:soul_stalk -> using default); (Unknown registry key in ResourceKey[minecraft:root / minecraft:block]: cold_sweat:soul_stalk -> using default); (Unknown registry key in ResourceKey[minecraft:root / minecraft:block]: cold_sweat:soul_stalk -> using default); (Unknown registry key in ResourceKey[minecraft:root / minecraft:block]: cold_sweat:soul_stalk -> using default); (Unknown registry key in ResourceKey[minecraft:root / minecraft:block]: cold_sweat:soul_stalk -> using default); (Unknown registry key in ResourceKey[minecraft:root / minecraft:block]: cold_sweat:soul_stalk -> using default)
[12Apr2026 22:31:12.785] [Server thread/ERROR] [net.minecraft.world.level.chunk.storage.ChunkSerializer/]: Recoverable errors when loading section [-9, 4, 0]: (Unknown registry key in ResourceKey[minecraft:root / minecraft:block]: cold_sweat:soul_stalk -> using default); (Unknown registry key in ResourceKey[minecraft:root / minecraft:block]: cold_sweat:soul_stalk -> using default); (Unknown registry key in ResourceKey[minecraft:root / minecraft:block]: cold_sweat:soul_stalk -> using default); (Unknown registry key in ResourceKey[minecraft:root / minecraft:block]: cold_sweat:soul_stalk -> using default)
[12Apr2026 22:31:12.794] [Server thread/ERROR] [net.minecraft.world.level.chunk.storage.ChunkSerializer/]: Recoverable errors when loading section [7, 6, 8]: (Unknown registry key in ResourceKey[minecraft:root / minecraft:block]: cold_sweat:soul_stalk -> using default); (Unknown registry key in ResourceKey[minecraft:root / minecraft:block]: cold_sweat:soul_stalk -> using default); (Unknown registry key in ResourceKey[minecraft:root / minecraft:block]: cold_sweat:soul_stalk -> using default)
[12Apr2026 22:31:12.795] [Server thread/ERROR] [net.minecraft.world.level.chunk.storage.ChunkSerializer/]: Recoverable errors when loading section [7, 7, 8]: (Unknown registry key in ResourceKey[minecraft:root / minecraft:block]: cold_sweat:soul_stalk -> using default)
[12Apr2026 22:31:12.811] [Server thread/ERROR] [net.minecraft.world.level.chunk.storage.ChunkSerializer/]: Recoverable errors when loading section [-10, 4, 0]: (Unknown registry key in ResourceKey[minecraft:root / minecraft:block]: cold_sweat:soul_stalk -> using default); (Unknown registry key in ResourceKey[minecraft:root / minecraft:block]: cold_sweat:soul_stalk -> using default); (Unknown registry key in ResourceKey[minecraft:root / minecraft:block]: cold_sweat:soul_stalk -> using default); (Unknown registry key in ResourceKey[minecraft:root / minecraft:block]: cold_sweat:soul_stalk -> using default)
[12Apr2026 22:31:12.813] [Server thread/ERROR] [net.minecraft.world.level.chunk.storage.ChunkSerializer/]: Recoverable errors when loading section [-10, 4, -5]: (Unknown registry key in ResourceKey[minecraft:root / minecraft:block]: cold_sweat:soul_stalk -> using default); (Unknown registry key in ResourceKey[minecraft:root / minecraft:block]: cold_sweat:soul_stalk -> using default); (Unknown registry key in ResourceKey[minecraft:root / minecraft:block]: cold_sweat:soul_stalk -> using default); (Unknown registry key in ResourceKey[minecraft:root / minecraft:block]: cold_sweat:soul_stalk -> using default)
[12Apr2026 22:31:12.836] [Server thread/ERROR] [net.minecraft.world.level.chunk.storage.ChunkSerializer/]: Recoverable errors when loading section [8, 4, -3]: (Unknown registry key in ResourceKey[minecraft:root / minecraft:block]: cold_sweat:soul_stalk -> using default); (Unknown registry key in ResourceKey[minecraft:root / minecraft:block]: cold_sweat:soul_stalk -> using default); (Unknown registry key in ResourceKey[minecraft:root / minecraft:block]: cold_sweat:soul_stalk -> using default); (Unknown registry key in ResourceKey[minecraft:root / minecraft:block]: cold_sweat:soul_stalk -> using default); (Unknown registry key in ResourceKey[minecraft:root / minecraft:block]: cold_sweat:soul_stalk -> using default)
[12Apr2026 22:31:12.840] [Server thread/ERROR] [net.minecraft.world.level.chunk.storage.ChunkSerializer/]: Recoverable errors when loading section [-10, 2, 9]: (Unknown registry key in ResourceKey[minecraft:root / minecraft:block]: cold_sweat:soul_stalk -> using default); (Unknown registry key in ResourceKey[minecraft:root / minecraft:block]: cold_sweat:soul_stalk -> using default); (Unknown registry key in ResourceKey[minecraft:root / minecraft:block]: cold_sweat:soul_stalk -> using default); (Unknown registry key in ResourceKey[minecraft:root / minecraft:block]: cold_sweat:soul_stalk -> using default)
[12Apr2026 22:31:12.845] [Server thread/ERROR] [net.minecraft.world.level.chunk.storage.ChunkSerializer/]: Recoverable errors when loading section [8, 6, 8]: (Unknown registry key in ResourceKey[minecraft:root / minecraft:block]: cold_sweat:soul_stalk -> using default); (Unknown registry key in ResourceKey[minecraft:root / minecraft:block]: cold_sweat:soul_stalk -> using default); (Unknown registry key in ResourceKey[minecraft:root / minecraft:block]: cold_sweat:soul_stalk -> using default); (Unknown registry key in ResourceKey[minecraft:root / minecraft:block]: cold_sweat:soul_stalk -> using default); (Unknown registry key in ResourceKey[minecraft:root / minecraft:block]: cold_sweat:soul_stalk -> using default)
[12Apr2026 22:31:12.851] [Server thread/ERROR] [net.minecraft.world.level.chunk.storage.ChunkSerializer/]: Recoverable errors when loading section [-4, 3, 12]: (Unknown registry key in ResourceKey[minecraft:root / minecraft:block]: cold_sweat:soul_stalk -> using default); (Unknown registry key in ResourceKey[minecraft:root / minecraft:block]: cold_sweat:soul_stalk -> using default); (Unknown registry key in ResourceKey[minecraft:root / minecraft:block]: cold_sweat:soul_stalk -> using default); (Unknown registry key in ResourceKey[minecraft:root / minecraft:block]: cold_sweat:soul_stalk -> using default)
[12Apr2026 22:31:12.851] [Server thread/ERROR] [net.minecraft.world.level.chunk.storage.ChunkSerializer/]: Recoverable errors when loading section [-4, 4, 12]: (Unknown registry key in ResourceKey[minecraft:root / minecraft:block]: cold_sweat:soul_stalk -> using default); (Unknown registry key in ResourceKey[minecraft:root / minecraft:block]: cold_sweat:soul_stalk -> using default); (Unknown registry key in ResourceKey[minecraft:root / minecraft:block]: cold_sweat:soul_stalk -> using default)
[12Apr2026 22:31:12.854] [Server thread/ERROR] [net.minecraft.world.level.chunk.storage.ChunkSerializer/]: Recoverable errors when loading section [-1, 2, -8]: (Unknown registry key in ResourceKey[minecraft:root / minecraft:block]: cold_sweat:soul_stalk -> using default); (Unknown registry key in ResourceKey[minecraft:root / minecraft:block]: cold_sweat:soul_stalk -> using default); (Unknown registry key in ResourceKey[minecraft:root / minecraft:block]: cold_sweat:soul_stalk -> using default); (Unknown registry key in ResourceKey[minecraft:root / minecraft:block]: cold_sweat:soul_stalk -> using default)
[12Apr2026 22:31:12.858] [Server thread/ERROR] [net.minecraft.world.level.chunk.storage.ChunkSerializer/]: Recoverable errors when loading section [4, 5, 12]: (Unknown registry key in ResourceKey[minecraft:root / minecraft:block]: cold_sweat:soul_stalk -> using default); (Unknown registry key in ResourceKey[minecraft:root / minecraft:block]: cold_sweat:soul_stalk -> using default); (Unknown registry key in ResourceKey[minecraft:root / minecraft:block]: cold_sweat:soul_stalk -> using default); (Unknown registry key in ResourceKey[minecraft:root / minecraft:block]: cold_sweat:soul_stalk -> using default)
[12Apr2026 22:31:12.860] [Server thread/ERROR] [net.minecraft.world.level.chunk.storage.ChunkSerializer/]: Recoverable errors when loading section [8, 2, 12]: (Unknown registry key in ResourceKey[minecraft:root / minecraft:block]: cold_sweat:soul_stalk -> using default); (Unknown registry key in ResourceKey[minecraft:root / minecraft:block]: cold_sweat:soul_stalk -> using default)
[12Apr2026 22:31:12.860] [Server thread/ERROR] [net.minecraft.world.level.chunk.storage.ChunkSerializer/]: Recoverable errors when loading section [8, 3, 12]: (Unknown registry key in ResourceKey[minecraft:root / minecraft:block]: cold_sweat:soul_stalk -> using default); (Unknown registry key in ResourceKey[minecraft:root / minecraft:block]: cold_sweat:soul_stalk -> using default)
[12Apr2026 22:31:12.864] [Server thread/ERROR] [net.minecraft.world.level.chunk.storage.ChunkSerializer/]: Recoverable errors when loading section [-2, 2, -8]: (Unknown registry key in ResourceKey[minecraft:root / minecraft:block]: cold_sweat:soul_stalk -> using default); (Unknown registry key in ResourceKey[minecraft:root / minecraft:block]: cold_sweat:soul_stalk -> using default); (Unknown registry key in ResourceKey[minecraft:root / minecraft:block]: cold_sweat:soul_stalk -> using default); (Unknown registry key in ResourceKey[minecraft:root / minecraft:block]: cold_sweat:soul_stalk -> using default)
[12Apr2026 22:31:12.866] [Server thread/ERROR] [net.minecraft.world.level.chunk.storage.ChunkSerializer/]: Recoverable errors when loading section [9, 7, -3]: (Unknown registry key in ResourceKey[minecraft:root / minecraft:block]: cold_sweat:soul_stalk -> using default); (Unknown registry key in ResourceKey[minecraft:root / minecraft:block]: cold_sweat:soul_stalk -> using default); (Unknown registry key in ResourceKey[minecraft:root / minecraft:block]: cold_sweat:soul_stalk -> using default); (Unknown registry key in ResourceKey[minecraft:root / minecraft:block]: cold_sweat:soul_stalk -> using default)
[12Apr2026 22:31:12.885] [Server thread/ERROR] [net.minecraft.world.item.ItemStack/]: Tried to load invalid item: 'No component with type: 'cold_sweat:armor_insulation'; No component with type: 'cold_sweat:armor_insulation' missed input: {"cold_sweat:armor_insulation":{insulation:[]}}'
[12Apr2026 22:31:12.885] [Server thread/ERROR] [net.minecraft.world.item.ItemStack/]: Tried to load invalid item: 'No component with type: 'cold_sweat:armor_insulation'; No component with type: 'cold_sweat:armor_insulation' missed input: {"cold_sweat:armor_insulation":{insulation:[]}}'
[12Apr2026 22:31:12.885] [Server thread/ERROR] [net.minecraft.world.item.ItemStack/]: Tried to load invalid item: 'No component with type: 'cold_sweat:armor_insulation'; No component with type: 'cold_sweat:armor_insulation' missed input: {"cold_sweat:armor_insulation":{insulation:[]}}'
[12Apr2026 22:31:12.885] [Server thread/ERROR] [net.minecraft.world.item.ItemStack/]: Tried to load invalid item: 'No component with type: 'cold_sweat:armor_insulation'; No component with type: 'cold_sweat:armor_insulation' missed input: {"cold_sweat:armor_insulation":{insulation:[]}}'
[12Apr2026 22:31:12.891] [Server thread/ERROR] [net.minecraft.world.level.chunk.storage.ChunkSerializer/]: Recoverable errors when loading section [9, 7, -4]: (Unknown registry key in ResourceKey[minecraft:root / minecraft:block]: cold_sweat:soul_stalk -> using default); (Unknown registry key in ResourceKey[minecraft:root / minecraft:block]: cold_sweat:soul_stalk -> using default); (Unknown registry key in ResourceKey[minecraft:root / minecraft:block]: cold_sweat:soul_stalk -> using default)
[12Apr2026 22:31:12.924] [Server thread/ERROR] [net.minecraft.world.level.chunk.storage.ChunkSerializer/]: Recoverable errors when loading section [-12, 3, -5]: (Unknown registry key in ResourceKey[minecraft:root / minecraft:block]: cold_sweat:soul_stalk -> using default); (Unknown registry key in ResourceKey[minecraft:root / minecraft:block]: cold_sweat:soul_stalk -> using default); (Unknown registry key in ResourceKey[minecraft:root / minecraft:block]: cold_sweat:soul_stalk -> using default); (Unknown registry key in ResourceKey[minecraft:root / minecraft:block]: cold_sweat:soul_stalk -> using default)
[12Apr2026 22:31:12.924] [Server thread/ERROR] [net.minecraft.world.level.chunk.storage.ChunkSerializer/]: Recoverable errors when loading section [-12, 4, -5]: (Unknown registry key in ResourceKey[minecraft:root / minecraft:block]: cold_sweat:soul_stalk -> using default); (Unknown registry key in ResourceKey[minecraft:root / minecraft:block]: cold_sweat:soul_stalk -> using default); (Unknown registry key in ResourceKey[minecraft:root / minecraft:block]: cold_sweat:soul_stalk -> using default); (Unknown registry key in ResourceKey[minecraft:root / minecraft:block]: cold_sweat:soul_stalk -> using default)
[12Apr2026 22:31:12.927] [Server thread/ERROR] [net.minecraft.world.level.chunk.storage.ChunkSerializer/]: Recoverable errors when loading section [-1, 2, -9]: (Unknown registry key in ResourceKey[minecraft:root / minecraft:block]: cold_sweat:soul_stalk -> using default); (Unknown registry key in ResourceKey[minecraft:root / minecraft:block]: cold_sweat:soul_stalk -> using default); (Unknown registry key in ResourceKey[minecraft:root / minecraft:block]: cold_sweat:soul_stalk -> using default)
[12Apr2026 22:31:12.928] [Server thread/ERROR] [net.minecraft.world.level.chunk.storage.ChunkSerializer/]: Recoverable errors when loading section [-4, 2, -9]: (Unknown registry key in ResourceKey[minecraft:root / minecraft:block]: cold_sweat:soul_stalk -> using default); (Unknown registry key in ResourceKey[minecraft:root / minecraft:block]: cold_sweat:soul_stalk -> using default); (Unknown registry key in ResourceKey[minecraft:root / minecraft:block]: cold_sweat:soul_stalk -> using default); (Unknown registry key in ResourceKey[minecraft:root / minecraft:block]: cold_sweat:soul_stalk -> using default)
[12Apr2026 22:31:12.952] [Server thread/ERROR] [net.minecraft.world.item.ItemStack/]: Tried to load invalid item: 'No component with type: 'cold_sweat:armor_insulation'; No component with type: 'cold_sweat:armor_insulation' missed input: {"cold_sweat:armor_insulation":{insulation:[]}}'
[12Apr2026 22:31:12.952] [Server thread/ERROR] [net.minecraft.world.item.ItemStack/]: Tried to load invalid item: 'No component with type: 'cold_sweat:armor_insulation'; No component with type: 'cold_sweat:armor_insulation' missed input: {"cold_sweat:armor_insulation":{insulation:[]}}'
[12Apr2026 22:31:12.952] [Server thread/ERROR] [net.minecraft.world.item.ItemStack/]: Tried to load invalid item: 'No component with type: 'cold_sweat:armor_insulation'; No component with type: 'cold_sweat:armor_insulation' missed input: {"cold_sweat:armor_insulation":{insulation:[]}}'
[12Apr2026 22:31:12.952] [Server thread/ERROR] [net.minecraft.world.item.ItemStack/]: Tried to load invalid item: 'No component with type: 'cold_sweat:armor_insulation'; No component with type: 'cold_sweat:armor_insulation' missed input: {"cold_sweat:armor_insulation":{insulation:[]}}'
[12Apr2026 22:31:12.955] [Server thread/ERROR] [net.minecraft.world.level.chunk.storage.ChunkSerializer/]: Recoverable errors when loading section [-5, 5, 13]: (Unknown registry key in ResourceKey[minecraft:root / minecraft:block]: cold_sweat:soul_stalk -> using default); (Unknown registry key in ResourceKey[minecraft:root / minecraft:block]: cold_sweat:soul_stalk -> using default); (Unknown registry key in ResourceKey[minecraft:root / minecraft:block]: cold_sweat:soul_stalk -> using default); (Unknown registry key in ResourceKey[minecraft:root / minecraft:block]: cold_sweat:soul_stalk -> using default)
[12Apr2026 22:31:12.989] [Server thread/ERROR] [net.minecraft.world.level.chunk.storage.ChunkSerializer/]: Recoverable errors when loading section [-12, 6, 5]: (Unknown registry key in ResourceKey[minecraft:root / minecraft:block]: cold_sweat:soul_stalk -> using default); (Unknown registry key in ResourceKey[minecraft:root / minecraft:block]: cold_sweat:soul_stalk -> using default); (Unknown registry key in ResourceKey[minecraft:root / minecraft:block]: cold_sweat:soul_stalk -> using default); (Unknown registry key in ResourceKey[minecraft:root / minecraft:block]: cold_sweat:soul_stalk -> using default)
[12Apr2026 22:31:37.300] [Server thread/ERROR] [net.minecraft.world.level.chunk.storage.ChunkSerializer/]: Recoverable errors when loading section [-13, 6, 5]: (Unknown registry key in ResourceKey[minecraft:root / minecraft:block]: cold_sweat:soul_stalk -> using default); (Unknown registry key in ResourceKey[minecraft:root / minecraft:block]: cold_sweat:soul_stalk -> using default); (Unknown registry key in ResourceKey[minecraft:root / minecraft:block]: cold_sweat:soul_stalk -> using default); (Unknown registry key in ResourceKey[minecraft:root / minecraft:block]: cold_sweat:soul_stalk -> using default)
[12Apr2026 22:31:37.428] [Server thread/ERROR] [net.minecraft.world.level.chunk.storage.ChunkSerializer/]: Recoverable errors when loading section [-8, 6, 24]: (Unknown registry key in ResourceKey[minecraft:root / minecraft:block]: cold_sweat:soul_stalk -> using default); (Unknown registry key in ResourceKey[minecraft:root / minecraft:block]: cold_sweat:soul_stalk -> using default); (Unknown registry key in ResourceKey[minecraft:root / minecraft:block]: cold_sweat:soul_stalk -> using default); (Unknown registry key in ResourceKey[minecraft:root / minecraft:block]: cold_sweat:soul_stalk -> using default)
[12Apr2026 22:31:37.428] [Server thread/ERROR] [net.minecraft.world.level.chunk.storage.ChunkSerializer/]: Recoverable errors when loading section [-7, 5, 15]: (Unknown registry key in ResourceKey[minecraft:root / minecraft:block]: cold_sweat:soul_stalk -> using default); (Unknown registry key in ResourceKey[minecraft:root / minecraft:block]: cold_sweat:soul_stalk -> using default); (Unknown registry key in ResourceKey[minecraft:root / minecraft:block]: cold_sweat:soul_stalk -> using default); (Unknown registry key in ResourceKey[minecraft:root / minecraft:block]: cold_sweat:soul_stalk -> using default)
[12Apr2026 22:31:37.440] [Server thread/ERROR] [net.minecraft.world.level.chunk.storage.ChunkSerializer/]: Recoverable errors when loading section [-4, 3, 22]: (Unknown registry key in ResourceKey[minecraft:root / minecraft:block]: cold_sweat:soul_stalk -> using default); (Unknown registry key in ResourceKey[minecraft:root / minecraft:block]: cold_sweat:soul_stalk -> using default); (Unknown registry key in ResourceKey[minecraft:root / minecraft:block]: cold_sweat:soul_stalk -> using default); (Unknown registry key in ResourceKey[minecraft:root / minecraft:block]: cold_sweat:soul_stalk -> using default)
[12Apr2026 22:31:37.443] [Server thread/ERROR] [net.minecraft.world.level.chunk.storage.ChunkSerializer/]: Recoverable errors when loading section [-3, 4, 21]: (Unknown registry key in ResourceKey[minecraft:root / minecraft:block]: cold_sweat:soul_stalk -> using default); (Unknown registry key in ResourceKey[minecraft:root / minecraft:block]: cold_sweat:soul_stalk -> using default); (Unknown registry key in ResourceKey[minecraft:root / minecraft:block]: cold_sweat:soul_stalk -> using default); (Unknown registry key in ResourceKey[minecraft:root / minecraft:block]: cold_sweat:soul_stalk -> using default)
[12Apr2026 22:31:37.443] [Server thread/ERROR] [net.minecraft.world.level.chunk.storage.ChunkSerializer/]: Recoverable errors when loading section [-3, 5, 21]: (Unknown registry key in ResourceKey[minecraft:root / minecraft:block]: cold_sweat:soul_stalk -> using default); (Unknown registry key in ResourceKey[minecraft:root / minecraft:block]: cold_sweat:soul_stalk -> using default); (Unknown registry key in ResourceKey[minecraft:root / minecraft:block]: cold_sweat:soul_stalk -> using default)
[12Apr2026 22:31:37.444] [Server thread/ERROR] [net.minecraft.world.level.chunk.storage.ChunkSerializer/]: Recoverable errors when loading section [-3, 3, 22]: (Unknown registry key in ResourceKey[minecraft:root / minecraft:block]: cold_sweat:soul_stalk -> using default)
[12Apr2026 22:31:37.444] [Server thread/ERROR] [net.minecraft.world.level.chunk.storage.ChunkSerializer/]: Recoverable errors when loading section [-3, 4, 22]: (Unknown registry key in ResourceKey[minecraft:root / minecraft:block]: cold_sweat:soul_stalk -> using default); (Unknown registry key in ResourceKey[minecraft:root / minecraft:block]: cold_sweat:soul_stalk -> using default); (Unknown registry key in ResourceKey[minecraft:root / minecraft:block]: cold_sweat:soul_stalk -> using default)
[12Apr2026 22:31:37.449] [Server thread/ERROR] [net.minecraft.world.level.chunk.storage.ChunkSerializer/]: Recoverable errors when loading section [-2, 4, 21]: (Unknown registry key in ResourceKey[minecraft:root / minecraft:block]: cold_sweat:soul_stalk -> using default)
[12Apr2026 22:31:37.449] [Server thread/ERROR] [net.minecraft.world.level.chunk.storage.ChunkSerializer/]: Recoverable errors when loading section [-2, 5, 21]: (Unknown registry key in ResourceKey[minecraft:root / minecraft:block]: cold_sweat:soul_stalk -> using default); (Unknown registry key in ResourceKey[minecraft:root / minecraft:block]: cold_sweat:soul_stalk -> using default); (Unknown registry key in ResourceKey[minecraft:root / minecraft:block]: cold_sweat:soul_stalk -> using default)
[12Apr2026 22:31:37.457] [Server thread/ERROR] [net.minecraft.world.level.chunk.storage.ChunkSerializer/]: Recoverable errors when loading section [0, 4, 20]: (Unknown registry key in ResourceKey[minecraft:root / minecraft:block]: cold_sweat:soul_stalk -> using default); (Unknown registry key in ResourceKey[minecraft:root / minecraft:block]: cold_sweat:soul_stalk -> using default); (Unknown registry key in ResourceKey[minecraft:root / minecraft:block]: cold_sweat:soul_stalk -> using default); (Unknown registry key in ResourceKey[minecraft:root / minecraft:block]: cold_sweat:soul_stalk -> using default)
[12Apr2026 22:31:37.457] [Server thread/ERROR] [net.minecraft.world.level.chunk.storage.ChunkSerializer/]: Recoverable errors when loading section [0, 5, 20]: (Unknown registry key in ResourceKey[minecraft:root / minecraft:block]: cold_sweat:soul_stalk -> using default); (Unknown registry key in ResourceKey[minecraft:root / minecraft:block]: cold_sweat:soul_stalk -> using default); (Unknown registry key in ResourceKey[minecraft:root / minecraft:block]: cold_sweat:soul_stalk -> using default)
[12Apr2026 22:31:44.991] [Server thread/ERROR] [net.minecraft.world.level.chunk.storage.ChunkSerializer/]: Recoverable errors when loading section [12, 3, 2]: (Unknown registry key in ResourceKey[minecraft:root / minecraft:block]: cold_sweat:soul_stalk -> using default); (Unknown registry key in ResourceKey[minecraft:root / minecraft:block]: cold_sweat:soul_stalk -> using default); (Unknown registry key in ResourceKey[minecraft:root / minecraft:block]: cold_sweat:soul_stalk -> using default); (Unknown registry key in ResourceKey[minecraft:root / minecraft:block]: cold_sweat:soul_stalk -> using default)
[12Apr2026 22:31:44.999] [Server thread/ERROR] [net.minecraft.world.item.ItemStack/]: Tried to load invalid item: 'No component with type: 'cold_sweat:armor_insulation'; No component with type: 'cold_sweat:armor_insulation' missed input: {"cold_sweat:armor_insulation":{insulation:[]}}'
[12Apr2026 22:31:44.999] [Server thread/ERROR] [net.minecraft.world.item.ItemStack/]: Tried to load invalid item: 'No component with type: 'cold_sweat:armor_insulation'; No component with type: 'cold_sweat:armor_insulation' missed input: {"cold_sweat:armor_insulation":{insulation:[]}}'
[12Apr2026 22:31:45.000] [Server thread/ERROR] [net.minecraft.world.item.ItemStack/]: Tried to load invalid item: 'No component with type: 'cold_sweat:armor_insulation'; No component with type: 'cold_sweat:armor_insulation' missed input: {"cold_sweat:armor_insulation":{insulation:[]}}'
[12Apr2026 22:31:51.303] [Server thread/ERROR] [net.minecraft.world.level.chunk.storage.ChunkSerializer/]: Recoverable errors when loading section [4, 5, 15]: (Unknown registry key in ResourceKey[minecraft:root / minecraft:block]: cold_sweat:soul_stalk -> using default); (Unknown registry key in ResourceKey[minecraft:root / minecraft:block]: cold_sweat:soul_stalk -> using default)
[12Apr2026 22:31:51.310] [Server thread/ERROR] [net.minecraft.world.level.chunk.storage.ChunkSerializer/]: Recoverable errors when loading section [5, 5, 15]: (Unknown registry key in ResourceKey[minecraft:root / minecraft:block]: cold_sweat:soul_stalk -> using default); (Unknown registry key in ResourceKey[minecraft:root / minecraft:block]: cold_sweat:soul_stalk -> using default)
[12Apr2026 22:32:16.358] [Server thread/ERROR] [net.minecraft.world.level.chunk.storage.ChunkSerializer/]: Recoverable errors when loading section [-4, 2, -10]: (Unknown registry key in ResourceKey[minecraft:root / minecraft:block]: cold_sweat:soul_stalk -> using default); (Unknown registry key in ResourceKey[minecraft:root / minecraft:block]: cold_sweat:soul_stalk -> using default); (Unknown registry key in ResourceKey[minecraft:root / minecraft:block]: cold_sweat:soul_stalk -> using default); (Unknown registry key in ResourceKey[minecraft:root / minecraft:block]: cold_sweat:soul_stalk -> using default)
[12Apr2026 22:32:16.360] [Server thread/ERROR] [net.minecraft.world.level.chunk.storage.ChunkSerializer/]: Recoverable errors when loading section [14, 6, -10]: (Unknown registry key in ResourceKey[minecraft:root / minecraft:block]: cold_sweat:soul_stalk -> using default); (Unknown registry key in ResourceKey[minecraft:root / minecraft:block]: cold_sweat:soul_stalk -> using default); (Unknown registry key in ResourceKey[minecraft:root / minecraft:block]: cold_sweat:soul_stalk -> using default)
[12Apr2026 22:32:51.334] [Server thread/INFO] [net.minecraft.server.MinecraftServer/]: Starbot67 has made the advancement [Into Fire]
[12Apr2026 22:33:06.912] [Server thread/ERROR] [net.minecraft.world.level.chunk.storage.ChunkSerializer/]: Recoverable errors when loading section [16, 6, -12]: (Unknown registry key in ResourceKey[minecraft:root / minecraft:block]: cold_sweat:soul_stalk -> using default); (Unknown registry key in ResourceKey[minecraft:root / minecraft:block]: cold_sweat:soul_stalk -> using default); (Unknown registry key in ResourceKey[minecraft:root / minecraft:block]: cold_sweat:soul_stalk -> using default)
[12Apr2026 22:33:06.913] [Server thread/ERROR] [net.minecraft.world.level.chunk.storage.ChunkSerializer/]: Recoverable errors when loading section [16, 6, -11]: (Unknown registry key in ResourceKey[minecraft:root / minecraft:block]: cold_sweat:soul_stalk -> using default); (Unknown registry key in ResourceKey[minecraft:root / minecraft:block]: cold_sweat:soul_stalk -> using default); (Unknown registry key in ResourceKey[minecraft:root / minecraft:block]: cold_sweat:soul_stalk -> using default); (Unknown registry key in ResourceKey[minecraft:root / minecraft:block]: cold_sweat:soul_stalk -> using default)
[12Apr2026 22:35:55.874] [Server thread/ERROR] [net.minecraft.world.level.chunk.storage.ChunkSerializer/]: Recoverable errors when loading section [-3, 4, 21]: (Unknown registry key in ResourceKey[minecraft:root / minecraft:block]: cold_sweat:soul_stalk -> using default); (Unknown registry key in ResourceKey[minecraft:root / minecraft:block]: cold_sweat:soul_stalk -> using default); (Unknown registry key in ResourceKey[minecraft:root / minecraft:block]: cold_sweat:soul_stalk -> using default); (Unknown registry key in ResourceKey[minecraft:root / minecraft:block]: cold_sweat:soul_stalk -> using default)
[12Apr2026 22:35:55.874] [Server thread/ERROR] [net.minecraft.world.level.chunk.storage.ChunkSerializer/]: Recoverable errors when loading section [-3, 5, 21]: (Unknown registry key in ResourceKey[minecraft:root / minecraft:block]: cold_sweat:soul_stalk -> using default); (Unknown registry key in ResourceKey[minecraft:root / minecraft:block]: cold_sweat:soul_stalk -> using default); (Unknown registry key in ResourceKey[minecraft:root / minecraft:block]: cold_sweat:soul_stalk -> using default)
[12Apr2026 22:35:55.878] [Server thread/ERROR] [net.minecraft.world.level.chunk.storage.ChunkSerializer/]: Recoverable errors when loading section [-4, 3, 22]: (Unknown registry key in ResourceKey[minecraft:root / minecraft:block]: cold_sweat:soul_stalk -> using default); (Unknown registry key in ResourceKey[minecraft:root / minecraft:block]: cold_sweat:soul_stalk -> using default); (Unknown registry key in ResourceKey[minecraft:root / minecraft:block]: cold_sweat:soul_stalk -> using default); (Unknown registry key in ResourceKey[minecraft:root / minecraft:block]: cold_sweat:soul_stalk -> using default)
[12Apr2026 22:35:55.878] [Server thread/ERROR] [net.minecraft.world.level.chunk.storage.ChunkSerializer/]: Recoverable errors when loading section [-3, 3, 22]: (Unknown registry key in ResourceKey[minecraft:root / minecraft:block]: cold_sweat:soul_stalk -> using default)
[12Apr2026 22:35:55.879] [Server thread/ERROR] [net.minecraft.world.level.chunk.storage.ChunkSerializer/]: Recoverable errors when loading section [-3, 4, 22]: (Unknown registry key in ResourceKey[minecraft:root / minecraft:block]: cold_sweat:soul_stalk -> using default); (Unknown registry key in ResourceKey[minecraft:root / minecraft:block]: cold_sweat:soul_stalk -> using default); (Unknown registry key in ResourceKey[minecraft:root / minecraft:block]: cold_sweat:soul_stalk -> using default)
[12Apr2026 22:35:55.882] [Server thread/ERROR] [net.minecraft.world.level.chunk.storage.ChunkSerializer/]: Recoverable errors when loading section [-2, 4, 21]: (Unknown registry key in ResourceKey[minecraft:root / minecraft:block]: cold_sweat:soul_stalk -> using default)
[12Apr2026 22:35:55.882] [Server thread/ERROR] [net.minecraft.world.level.chunk.storage.ChunkSerializer/]: Recoverable errors when loading section [-2, 5, 21]: (Unknown registry key in ResourceKey[minecraft:root / minecraft:block]: cold_sweat:soul_stalk -> using default); (Unknown registry key in ResourceKey[minecraft:root / minecraft:block]: cold_sweat:soul_stalk -> using default); (Unknown registry key in ResourceKey[minecraft:root / minecraft:block]: cold_sweat:soul_stalk -> using default)
[12Apr2026 22:38:19.304] [Server thread/ERROR] [net.minecraft.world.level.chunk.storage.ChunkSerializer/]: Recoverable errors when loading section [4, 5, 15]: (Unknown registry key in ResourceKey[minecraft:root / minecraft:block]: cold_sweat:soul_stalk -> using default); (Unknown registry key in ResourceKey[minecraft:root / minecraft:block]: cold_sweat:soul_stalk -> using default)
[12Apr2026 22:38:19.308] [Server thread/ERROR] [net.minecraft.world.level.chunk.storage.ChunkSerializer/]: Recoverable errors when loading section [5, 5, 15]: (Unknown registry key in ResourceKey[minecraft:root / minecraft:block]: cold_sweat:soul_stalk -> using default); (Unknown registry key in ResourceKey[minecraft:root / minecraft:block]: cold_sweat:soul_stalk -> using default)
[12Apr2026 22:38:19.357] [Server thread/ERROR] [net.minecraft.world.level.chunk.storage.ChunkSerializer/]: Recoverable errors when loading section [-7, 6, 25]: (Unknown registry key in ResourceKey[minecraft:root / minecraft:block]: cold_sweat:soul_stalk -> using default); (Unknown registry key in ResourceKey[minecraft:root / minecraft:block]: cold_sweat:soul_stalk -> using default); (Unknown registry key in ResourceKey[minecraft:root / minecraft:block]: cold_sweat:soul_stalk -> using default)
[12Apr2026 22:38:19.366] [Server thread/ERROR] [net.minecraft.world.level.chunk.storage.ChunkSerializer/]: Recoverable errors when loading section [-4, 3, 22]: (Unknown registry key in ResourceKey[minecraft:root / minecraft:block]: cold_sweat:soul_stalk -> using default); (Unknown registry key in ResourceKey[minecraft:root / minecraft:block]: cold_sweat:soul_stalk -> using default); (Unknown registry key in ResourceKey[minecraft:root / minecraft:block]: cold_sweat:soul_stalk -> using default); (Unknown registry key in ResourceKey[minecraft:root / minecraft:block]: cold_sweat:soul_stalk -> using default)
[12Apr2026 22:38:19.369] [Server thread/ERROR] [net.minecraft.world.level.chunk.storage.ChunkSerializer/]: Recoverable errors when loading section [-3, 4, 21]: (Unknown registry key in ResourceKey[minecraft:root / minecraft:block]: cold_sweat:soul_stalk -> using default); (Unknown registry key in ResourceKey[minecraft:root / minecraft:block]: cold_sweat:soul_stalk -> using default); (Unknown registry key in ResourceKey[minecraft:root / minecraft:block]: cold_sweat:soul_stalk -> using default); (Unknown registry key in ResourceKey[minecraft:root / minecraft:block]: cold_sweat:soul_stalk -> using default)
[12Apr2026 22:38:19.370] [Server thread/ERROR] [net.minecraft.world.level.chunk.storage.ChunkSerializer/]: Recoverable errors when loading section [-3, 5, 21]: (Unknown registry key in ResourceKey[minecraft:root / minecraft:block]: cold_sweat:soul_stalk -> using default); (Unknown registry key in ResourceKey[minecraft:root / minecraft:block]: cold_sweat:soul_stalk -> using default); (Unknown registry key in ResourceKey[minecraft:root / minecraft:block]: cold_sweat:soul_stalk -> using default)
[12Apr2026 22:38:19.370] [Server thread/ERROR] [net.minecraft.world.level.chunk.storage.ChunkSerializer/]: Recoverable errors when loading section [-3, 3, 22]: (Unknown registry key in ResourceKey[minecraft:root / minecraft:block]: cold_sweat:soul_stalk -> using default)
[12Apr2026 22:38:19.370] [Server thread/ERROR] [net.minecraft.world.level.chunk.storage.ChunkSerializer/]: Recoverable errors when loading section [-3, 4, 22]: (Unknown registry key in ResourceKey[minecraft:root / minecraft:block]: cold_sweat:soul_stalk -> using default); (Unknown registry key in ResourceKey[minecraft:root / minecraft:block]: cold_sweat:soul_stalk -> using default); (Unknown registry key in ResourceKey[minecraft:root / minecraft:block]: cold_sweat:soul_stalk -> using default)
[12Apr2026 22:38:19.384] [Server thread/ERROR] [net.minecraft.world.level.chunk.storage.ChunkSerializer/]: Recoverable errors when loading section [-2, 4, 21]: (Unknown registry key in ResourceKey[minecraft:root / minecraft:block]: cold_sweat:soul_stalk -> using default)
[12Apr2026 22:38:19.384] [Server thread/ERROR] [net.minecraft.world.level.chunk.storage.ChunkSerializer/]: Recoverable errors when loading section [-2, 5, 21]: (Unknown registry key in ResourceKey[minecraft:root / minecraft:block]: cold_sweat:soul_stalk -> using default); (Unknown registry key in ResourceKey[minecraft:root / minecraft:block]: cold_sweat:soul_stalk -> using default); (Unknown registry key in ResourceKey[minecraft:root / minecraft:block]: cold_sweat:soul_stalk -> using default)
[12Apr2026 22:38:19.390] [Server thread/ERROR] [net.minecraft.world.level.chunk.storage.ChunkSerializer/]: Recoverable errors when loading section [0, 4, 20]: (Unknown registry key in ResourceKey[minecraft:root / minecraft:block]: cold_sweat:soul_stalk -> using default); (Unknown registry key in ResourceKey[minecraft:root / minecraft:block]: cold_sweat:soul_stalk -> using default); (Unknown registry key in ResourceKey[minecraft:root / minecraft:block]: cold_sweat:soul_stalk -> using default); (Unknown registry key in ResourceKey[minecraft:root / minecraft:block]: cold_sweat:soul_stalk -> using default)
[12Apr2026 22:38:19.390] [Server thread/ERROR] [net.minecraft.world.level.chunk.storage.ChunkSerializer/]: Recoverable errors when loading section [0, 5, 20]: (Unknown registry key in ResourceKey[minecraft:root / minecraft:block]: cold_sweat:soul_stalk -> using default); (Unknown registry key in ResourceKey[minecraft:root / minecraft:block]: cold_sweat:soul_stalk -> using default); (Unknown registry key in ResourceKey[minecraft:root / minecraft:block]: cold_sweat:soul_stalk -> using default)
[12Apr2026 22:38:35.387] [Server thread/WARN] [net.minecraft.server.level.ServerPlayerGameMode/]: Mismatch in destroy block pos: BlockPos{x=54, y=39, z=80} BlockPos{x=54, y=40, z=79}
[12Apr2026 22:38:52.883] [Server thread/WARN] [net.minecraft.server.level.ServerPlayerGameMode/]: Mismatch in destroy block pos: BlockPos{x=77, y=31, z=80} BlockPos{x=76, y=31, z=80}
[12Apr2026 22:38:52.933] [Server thread/WARN] [net.minecraft.server.level.ServerPlayerGameMode/]: Mismatch in destroy block pos: BlockPos{x=77, y=31, z=80} BlockPos{x=76, y=31, z=80}
[12Apr2026 22:38:52.982] [Server thread/WARN] [net.minecraft.server.level.ServerPlayerGameMode/]: Mismatch in destroy block pos: BlockPos{x=77, y=31, z=80} BlockPos{x=76, y=31, z=80}
[12Apr2026 22:39:21.538] [Server thread/ERROR] [net.minecraft.world.level.chunk.storage.ChunkSerializer/]: Recoverable errors when loading section [25, 6, 24]: (Unknown registry key in ResourceKey[minecraft:root / minecraft:block]: cold_sweat:soul_stalk -> using default); (Unknown registry key in ResourceKey[minecraft:root / minecraft:block]: cold_sweat:soul_stalk -> using default); (Unknown registry key in ResourceKey[minecraft:root / minecraft:block]: cold_sweat:soul_stalk -> using default); (Unknown registry key in ResourceKey[minecraft:root / minecraft:block]: cold_sweat:soul_stalk -> using default)
[12Apr2026 22:42:39.607] [User Authenticator #13/INFO] [net.minecraft.server.network.ServerLoginPacketListenerImpl/]: UUID of player Ring_Of_Fates is 9836e4e5-86fc-405b-9ec1-b6ca3d1a88ee
[12Apr2026 22:42:44.187] [Server thread/INFO] [net.minecraft.server.players.PlayerList/]: Ring_Of_Fates[/10.8.0.1:58740] logged in with entity id 86298 at (2342.352683436693, 75.237657226398, -4999.695779809422)
[12Apr2026 22:42:44.197] [Server thread/INFO] [net.minecraft.server.MinecraftServer/]: Ring_Of_Fates joined the game
[12Apr2026 22:42:44.253] [Server thread/WARN] [net.minecraft.server.MinecraftServer/]: Can't keep up! Is the server overloaded? Running 2438ms or 48 ticks behind
[12Apr2026 22:42:44.679] [Server thread/INFO] [voicechat/]: [voicechat] Received secret request of Ring_Of_Fates (20)
[12Apr2026 22:42:44.679] [Server thread/INFO] [voicechat/]: [voicechat] Sent secret to Ring_Of_Fates
[12Apr2026 22:42:44.824] [Server thread/INFO] [com.davenonymous.bonsaitrees.BonsaiTrees/]: Received sapling ack message from client
[12Apr2026 22:42:45.533] [Netty Epoll Server IO #6/ERROR] [net.minecraft.network.Connection/]: Exception caught in connection
io.netty.channel.unix.Errors$NativeIoException: recvAddress(..) failed: Connection reset by peer
[12Apr2026 22:42:45.584] [Server thread/INFO] [net.minecraft.server.network.ServerGamePacketListenerImpl/]: Ring_Of_Fates lost connection: Disconnected
[12Apr2026 22:42:45.584] [Server thread/INFO] [net.minecraft.server.MinecraftServer/]: Ring_Of_Fates left the game
[12Apr2026 22:42:45.585] [Server thread/INFO] [voicechat/]: [voicechat] Disconnecting client Ring_Of_Fates
[12Apr2026 22:45:04.881] [Worker-Main-19/WARN] [ModernFix/]: Skipped emitting ENTITY_MOUNT game event for entity Strider['Strider'/86727, l='ServerLevel[world]', x=344.00, y=31.00, z=-51.00] as it would cause deadlock
[12Apr2026 22:46:32.132] [Server thread/INFO] [net.minecraft.server.MinecraftServer/]: Starbot67 has made the advancement [Hidden in the Depths]
[12Apr2026 22:47:30.286] [Worker-Main-18/WARN] [ModernFix/]: Skipped emitting ENTITY_MOUNT game event for entity Strider['Strider'/86991, l='ServerLevel[world]', x=388.00, y=31.00, z=-20.00] as it would cause deadlock
[12Apr2026 22:47:30.286] [Worker-Main-18/WARN] [ModernFix/]: Skipped emitting ENTITY_MOUNT game event for entity Strider['Strider'/86994, l='ServerLevel[world]', x=388.00, y=31.00, z=-4.00] as it would cause deadlock
[12Apr2026 22:49:12.156] [Worker-Main-18/WARN] [ModernFix/]: Skipped emitting ENTITY_MOUNT game event for entity Strider['Strider'/87197, l='ServerLevel[world]', x=423.00, y=31.00, z=51.00] as it would cause deadlock
[12Apr2026 23:04:34.229] [User Authenticator #14/INFO] [net.minecraft.server.network.ServerLoginPacketListenerImpl/]: UUID of player ThebigbossofDan is 4a8f499a-ccb0-46d5-bfd9-1363c255bfb3
[12Apr2026 23:04:38.579] [Server thread/INFO] [net.minecraft.server.players.PlayerList/]: ThebigbossofDan[/10.8.0.1:52603] logged in with entity id 88855 at (-1673.2128990702247, 71.5, -1573.974254140427)
[12Apr2026 23:04:38.583] [Server thread/INFO] [net.minecraft.server.MinecraftServer/]: ThebigbossofDan joined the game
[12Apr2026 23:04:38.616] [Server thread/WARN] [net.minecraft.server.MinecraftServer/]: Can't keep up! Is the server overloaded? Running 2452ms or 49 ticks behind
[12Apr2026 23:04:39.556] [Server thread/INFO] [com.davenonymous.bonsaitrees.BonsaiTrees/]: Received sapling ack message from client
[12Apr2026 23:04:39.558] [Server thread/INFO] [voicechat/]: [voicechat] Received secret request of ThebigbossofDan (20)
[12Apr2026 23:04:39.558] [Server thread/INFO] [voicechat/]: [voicechat] Sent secret to ThebigbossofDan
[12Apr2026 23:04:44.011] [Server thread/INFO] [net.minecraft.server.MinecraftServer/]: <Starbot67> heyo
[12Apr2026 23:04:45.442] [VoiceChatPacketProcessingThread/INFO] [voicechat/]: [voicechat] Successfully authenticated player 4a8f499a-ccb0-46d5-bfd9-1363c255bfb3
[12Apr2026 23:04:46.444] [VoiceChatPacketProcessingThread/INFO] [voicechat/]: [voicechat] Successfully validated connection of player 4a8f499a-ccb0-46d5-bfd9-1363c255bfb3
[12Apr2026 23:04:46.445] [VoiceChatPacketProcessingThread/INFO] [voicechat/]: [voicechat] Player ThebigbossofDan (4a8f499a-ccb0-46d5-bfd9-1363c255bfb3) successfully connected to voice chat
[12Apr2026 23:04:51.366] [Server thread/INFO] [net.minecraft.server.MinecraftServer/]: <ThebigbossofDan> ello
[12Apr2026 23:04:53.039] [User Authenticator #15/INFO] [net.minecraft.server.network.ServerLoginPacketListenerImpl/]: UUID of player rainnix is 67f20542-c852-4d38-aab2-546cc71d4a31
[12Apr2026 23:04:53.616] [Server thread/INFO] [net.minecraft.server.network.ServerConfigurationPacketListenerImpl/]: com.mojang.authlib.GameProfile@59734461[id=67f20542-c852-4d38-aab2-546cc71d4a31,name=rainnix,properties={textures=[Property[name=textures, value=ewogICJ0aW1lc3RhbXAiIDogMTc3NjAyNzg5MjAzOCwKICAicHJvZmlsZUlkIiA6ICI2N2YyMDU0MmM4NTI0ZDM4YWFiMjU0NmNjNzFkNGEzMSIsCiAgInByb2ZpbGVOYW1lIiA6ICJyYWlubml4IiwKICAic2lnbmF0dXJlUmVxdWlyZWQiIDogdHJ1ZSwKICAidGV4dHVyZXMiIDogewogICAgIlNLSU4iIDogewogICAgICAidXJsIiA6ICJodHRwOi8vdGV4dHVyZXMubWluZWNyYWZ0Lm5ldC90ZXh0dXJlLzY2NTljMmI3NjZkODNlNjUzNjBlY2IxODgzN2VlNmQ4ZjUzODcwMzhkOTM4OWQ1NDMyYjgwMGRkZTRjZTcyNyIKICAgIH0KICB9Cn0=, signature=qrscHVhCBh7W0Wmje+0jFtwYxg6msTHihHY2wZ2m2QNzjtw+yvXWr0iRwXbiHcI5SUMTGUZHbGhwpaKrx66GA3OnZRf0f51GT8LjUdWAL+mQkHhVZcOMtKPDNEKR+0b82FhKtDoBb5xaRCfeWIcIW/lj5F13pKip5+j4fEWjuJTadcyUuHHDRZneObKoUza6bEuDQge472tMLh5VPTHMm6a7CDkw+PpRaHpJO3yKqx+6ZqLrXmtqba5klVpzT7E6ZFByDn2tY2tt8lM5XRkJY/wQKkfBoMuQYoLrrJR5ZPqFMO5cKQdWqtIVgoKdO8QfGLm35ru8NY80sQt6L8Fo8XJ554PCJXWmEqNo2gqUiiEP1GCV/+Geo0DB8RuFZWeNrYpT6dFjKtu9m5HVBCnVTMnze4DVUF29kv1g0ECq1JJhCx6YwOg43vSk8xDppiyjOJBHm7JJVszAutZAwuISkIom3P+/ZvtTfJvUC3o6mPGc5kkyVhDr4ypaq3kcxwfay/PG6Y/+jljOpuvhj9/NlFmtpvuWJyi4QZuj6lCUngijIzq2PSyErggLIFYeePNnhGxl1Z8CWkna+A78qhTqfrEDzvZPITLWvbJvhHReII8ldDm1aDLRUR9qiPzHGmwsZNi4titKuon93IBU80kUDQxQTSE491GuT6ApiiNvQdE=]]}] lost connection: Incompatible client! Please use NeoForge 21.1.226
[12Apr2026 23:04:53.616] [Server thread/WARN] [net.minecraft.network.Connection/]: handleDisconnection() called twice
